# Corpus of record. Built by 04_DATA/build_corpus_inventory.py from verification_2026-10-02 receipts. Do not hand-edit counts; rerun the script.
corpus_no,lead_id,status,case_type,case_type_reviewed_by_britton,state,locality,case_name,event_date,outcome_latest,outcome_as_of,best_verdict,n_sources,n_sources_meeting_rule,source_urls,verification_file,exclusion_reason,corrections
1,,INCLUDED,SITE_DISPUTE,N,LA,Richland Parish,"Meta ""Hyperion"" data center - Black and white churches split",2026-07-17,Feature on racial split in church responses; no decision event,2026-07-17,VERIFIED,1,1,https://thelensnola.org/2026/07/17/meta-data-center-louisiana-churches-faith-racial-inequality/,verified_corpus_existing.csv,,"Byline is Adam Mahoney, Capital B (republished by The Lens), updated 2026-08-31. Page says Meta is building a ""$250 billion"" data center. Clark, Sledge, Brown (""crime and addiction will rise""), Hunter (""Groceries, gas, electricity — everything going up""), $20,000/acre vs $3,200, home price over $270,000 (80% rise), 68% vs 85% internet access all confirmed."
2,,INCLUDED,SITE_DISPUTE,N,LA,Richland Parish,"Meta ""Hyperion"" data center - road/traffic concerns",2026-07-13,Residents report road damage and truck traffic after expansion announcement,2026-07-13,PARTIALLY_VERIFIED,1,1,https://www.knoe.com/2026/07/14/meta-data-center-expansion-raises-road-traffic-concerns-richland-parish/,verified_corpus_existing.csv,,"Published Jul. 13, 2026 7:30 PM CDT (URL carries 07/14), by Malorie West. The Harwell ""uncharted territory"" quote is dated to September 2025 coverage by the article itself (""At the time""). The Joyce Piercy and Mike Steele quotes that Phase 1 codes attribute to KNOE #2-3 are NOT in this page: Piercy is in Fox8 #4; the Steele ""I don't see how they can sleep at night"" quote was not found in any fetched corpus source."
3,,INCLUDED,SITE_DISPUTE,N,LA,Richland Parish,"Meta ""Hyperion"" data center - residents split",2026-07-13,Residents mixed: jobs optimism vs. utility-bill fears,2026-07-13,PARTIALLY_VERIFIED,1,1,https://www.knoe.com/2026/07/14/residents-split-meta-expansion-richland-parish/,verified_corpus_existing.csv,,"Published Jul. 13, 2026 8:50 PM CDT (not 07-14), by Shahid Evans. Piercy and Steele quotes are not in this page (see #2)."
4,,INCLUDED,SITE_DISPUTE,N,LA,Richland Parish,"Meta ""Hyperion"" data center - $27B boomtown feature",2026-05-12,Feature on rapid transformation; no decision event,2026-05-12,VERIFIED,1,1,https://www.fox8live.com/2026/05/12/metas-27-billion-ai-data-center-is-transforming-rural-louisiana/,verified_corpus_existing.csv,,"By Thanh Truong (WVUE), May 12, 2026. This is the source of the Joyce Piercy (81) displacement quote that Phase 1 attributed to KNOE #2-3. Not purely boomtown in tone: subhead says ""residents worry about rent, traffic and utility costs""."
5,,INCLUDED,SITE_DISPUTE,N,LA,Richland Parish / Monroe,"Meta ""Hyperion"" data center - utility-cost concerns",2026-07-16,Advocate distrust of cost-coverage promises; Monroe mayor defers to PSC,2026-07-16,VERIFIED,1,1,https://louisianaradionetwork.com/2026/07/16/concerns-grow-along-with-size-of-meta-data-center/,verified_corpus_existing.csv,,"Mayor Ellis quote confirmed: ""Holding them to that is not the job of the mayor, it’s the Public Service Commission"". By Andrew Greenstein."
6,,INCLUDED,SITE_DISPUTE,N,LA,Richland Parish,"Meta ""Hyperion"" data center - ""It's changing fast"" boomtown special report",2025-08-20,Feature; no decision event,2025-08-20,PARTIALLY_VERIFIED,1,1,https://www.nola.com/news/business/meta-louisiana-ai-data-center/article_77f553ff-c272-4e6c-a775-60bbbee0b065.html,verified_corpus_existing.csv,,"Date is Aug 20, 2025, not 2026 (corpus says ""2026""). Page describes a $10 billion project, not $27 billion. By Stephanie Riegel."
7,,INCLUDED,SITE_DISPUTE,N,LA,Richland Parish,"Meta ""Hyperion"" data center - Groundlevel follow-up",2026-07-14,Independent follow-up on residents after expansion to $50B,2026-07-14,VERIFIED,1,1,https://www.groundlevel-ai.com/p/exclusive-metas-mega-louisiana-data,verified_corpus_existing.csv,,"Dated Jul 14, 2026, by Sharon Goldman (Substack newsletter). Corpus gave only ""2026""."
8,,INCLUDED,STATEWIDE_POLICY,N,LA,statewide,"Louisiana statewide data-center policy (Meta/Entergy, Act 730, AI bills)",2026-05-07,Opinion column; no decision event,2026-05-07,PARTIALLY_VERIFIED,2,2,https://lailluminator.com/2026/05/07/data-center-2/; https://www.desmog.com/2026/05/08/in-louisiana-data-center-hype-faces-ai-regulation-and-community-resistance/,verified_corpus_existing.csv,,"Same Ned Randolph commentary as #8a, republished by DeSmog. Not an independent second source; count once. | This is a COMMENTARY (opinion) column by Ned Randolph, not an investigative/policy feature. $3.6B sales-tax exemption (""in the first decade alone""), $237M Entergy property-tax figure, and ""at least 24 bills"" all confirmed. Cite as opinion."
9,,INCLUDED,LOCAL_POLICY,N,LA,New Orleans,"New Orleans one-year data-center ban (MS Solar Grid Data, New Orleans East)",2026-01-28,City Council passed yearlong ban,2026-01-28,VERIFIED,2,2,https://veritenews.org/2026/01/28/data-centers-ban-new-orleans-council/; https://www.wwno.org/economy/2026-01-29/new-orleans-city-council-bans-data-center-development-for-a-year-heres-why,verified_corpus_existing.csv,,"Live site returned 403; read via Wayback snapshot 2026-08-23. The Phase 1 quote ""long shouldered a disproportionate share of industrial and environmental burden"" was NOT found in this page, WWNO #9b, or Axios #10/#11. | Published 2026-01-29. ""Disproportionate share"" quote not in this page (see #9a)."
10,,INCLUDED,LOCAL_POLICY,N,LA,New Orleans,New Orleans data-center/crypto-mining moratorium,2026-01-28,One-year moratorium passed while CPC studies definitions,2026-01-28,VERIFIED,1,1,https://www.axios.com/local/new-orleans/2026/01/28/data-center-crypto-mining-moratorium-ban-city-council,verified_corpus_existing.csv,,"Live site 403 (Cloudflare); read via Wayback snapshot 2026-08-27. Live headline: ""New Orleans City Council moves toward data center ban""."
11,,REMOVED,SITE_DISPUTE,N,LA,New Orleans,"New Orleans ""hits pause"" (claimed July 2026 moratorium extension)",2026-07-13,Page reports national polling; its only New Orleans content restates the January one-year ban,2026-07-13,DO_NOT_USE,1,0,https://www.axios.com/local/new-orleans/2026/07/13/new-orleans-hits-pause-on-data-centers-amid-ai-backlash,verified_corpus_existing.csv,Axios 2026-07-13 is a national polling story; no July New Orleans pause (verified_corpus_existing.csv),"Corpus calls this a ""moratorium extension/pause"" in July 2026. The page is a polling story (Milltown Partners) about national attitudes; it reports no July extension or new pause in New Orleans. Do not cite it for a July action; for the ban itself use #9-10."
12,,INCLUDED,SITE_DISPUTE,N,LA,statewide (Richland Parish project),LPSC lets Meta keep Hyperion records confidential,2026-08-12,PSC voted 3-1 to overrule ALJ subpoena order,2026-08-13,VERIFIED,4,4,https://lailluminator.com/2026/08/13/meta-data-center-private/; https://www.fox8live.com/2026/08/13/louisiana-psc-allows-meta-keep-richland-parish-data-center-details-confidential/?outputType=amp; https://www.ktbs.com/news/louisiana/meta-wins-secrecy-fight-before-louisiana-utility-regulators/article_991d105a-327a-54ea-925c-6e20979a36f4.html; https://americanpress.com/2026/08/13/meta-wins-secrecy-fight-before-louisiana-utility-regulators/,verified_corpus_existing.csv,,"Center Square syndication (Nolan Mckendry), same story as #12c; not an independent source. The ""Chief"" title comes from this wire copy. | Live KTBS URL now 404; read via Wayback snapshot 2026-08-12. This is a Center Square story (Nolan Mckendry) syndicated by KTBS, the same text as #12d. | Published Aug. 12, 2026 10:38 PM CDT (URL carries 08/13). By Jennifer Crockett. | Vote was Wednesday, Aug. 12, 2026. Illuminator calls Verzwyvelt ""Administrative Law Judge""; she approved the subpoena July 10. Fifth commissioner Foster Campbell (D) was absent (not in corpus)."
13,,INCLUDED,LOCAL_POLICY,N,LA,New Orleans,New Orleans CPC proposes size-limited data-center rules,2026-07-28,"CPC proposal (July report): ban large data centers, allow <100,000 sq ft, <=20 MW, 500 ft from residences",2026-07-28,VERIFIED,1,1,https://www.nola.com/news/new-orleans-planners-call-for-ban-on-large-data-centers-allowing-smaller-ones/article_52a05391-99a3-45f4-ad19-0891aec9612c.html,verified_corpus_existing.csv,,"Publish date resolved: Jul 28, 2026, by Ben Myers. Headline frames it as a permanent ban on large data centers, with small ones allowed. It is a proposal, not an enacted rule."
14,,INCLUDED,SITE_DISPUTE,N,LA,Caddo & Bossier parishes,Amazon/AWS $12B Caddo-Bossier data center campuses,2026-02-23,"Announced; Resilient Tech Park site separate, litigation pending",2026-02-24,VERIFIED,2,2,https://www.ksla.com/2026/02/24/campuses-newly-announced-amazon-data-center-spanning-bossier-caddo-parishes-confirmed/; https://www.nola.com/news/business/amazon-ai-data-centers-louisiana/article_ddb965ff-ed4d-40a8-9a70-6369f99a3298.html,verified_corpus_existing.csv,,"Announcement was Monday Feb. 23; article published Feb. 24, 2026. Confirms the third Resilient Tech Park site is not part of the $12B. | Phrases the wage as ""50% higher than the state average""; consistent with KSLA."
15,,INCLUDED,SITE_DISPUTE,N,LA,Shreveport (Caddo Parish),"Resilient Tech Park (AWS, west Shreveport) permit challenge and appeal",2026-04-20,"Lafitte dismissed Apr 20; plaintiffs to appeal (deadline June 26, 2nd Cir.)",2026-05-22,VERIFIED,3,2,https://www.ktbs.com/news/louisiana/sierra-club-backs-appeal-against-west-shreveport-data-center-development/article_02fbcd31-883a-59a4-b561-e03d01df0f48.html; https://www.thecentersquare.com/louisiana/article_8aa1b34d-b246-4dac-ad81-c500ab1541f1.html; https://www.thecentersquare.com/louisiana/article_9f4bbe4d-e0ff-40cc-b5a9-c5c5f8a068ba.html,verified_corpus_existing.csv,,"KTBS URL returns 404 and Wayback has no snapshot. Use #15b (Center Square) instead. | New source (not in corpus). Latest status found: appeal still pending as of Aug 18, 2026. No 2nd Circuit ruling found in a 2026-10-02 search. | Sierra Club Delta Chapter ""provided financial support for plaintiffs Tyler Gordon, Michael Craft and Mary Blakemore"". It is a backer, not a fourth plaintiff, as the 08-15 note implied. As of May 22 the appeal was announced, not yet filed."
16,,INCLUDED,SITE_DISPUTE,N,LA,Caddo Parish (Blanchard / Greenwood Rd sites),Caddo Parish Commission environmental-study / workforce-housing measures,2026-06-02,Epperson env-study resolution and Young rainwater resolution set for June 4 vote,2026-06-02,VERIFIED,6,5,https://www.ksla.com/2026/06/02/caddo-parish-commissioners-seek-environmental-studies-data-center-projects/; https://www.shreveportbossieradvocate.com/business/staack-and-aws-to-host-first-data-center-meeting-for-caddo-parish/article_7824f681-e203-475e-ab4b-71ab2835a5ad.html; https://www.ksla.com/2026/09/15/caddo-parish-commission-rejects-pause-data-center-construction/; https://www.shreveportbossieradvocate.com/news/yall-have-got-tools-caddo-zoning-official-pushes-alternatives-for-data-center-restrictions/article_ce48f3dd-3ef0-4313-a595-254db26e4139.html; https://caddo.gov/wp-content/uploads/2026/09/2026-8-31-Work-Session-Minutes.pdf; https://www.brushwoodmedianetwork.com/louisiana/news-louisiana/water-safeguards-environmental-study-by-data-center-urged-by-caddo-officials/,verified_corpus_existing.csv,,"Brushwood URL returns ""Page not found""; Wayback has no snapshot. The 11-0 committee referral and 8-3 vote claims are unverified in this pass. | By Adam Duvernay, Sep 8, 2026. Brown spoke ""On Thursday"". The date (2026-09-03) is inferred from the minutes, which moved the ""Visit from PZC Member, Jake Brown"" item to Thursday's Regular Session. Not stated as a date on the page. | Epperson's tree-removal and flooding concern is about the Greenwood Road site in Shreveport, not Blanchard. This page does not mention the workforce-housing ordinance or that ""neither measure passed"". Those claims come from #17 (Center Square, Aug 12). The second resolution here is Young's rainwater-collection measure. | Live headline is ""Blanchard nears first public meeting on contentious data center..."" (Liz Swaine, Mar 2, 2026), not the URL slug ""Staack and AWS to host first data center meeting"". It does not cover Epperson's measures. It reports a different failed measure: Kracman's one-year Caddo Lake water-use moratorium. | Precision: per the minutes, the 4-6 roll call was on Young's work-session motion that Res. 53 ""be moved to Thursday’s Regular Session for consideration"". It was not a final floor vote on the resolution. Res. No. 52 of 2026 here is an unrelated state-agency lease conveyance. Epperson absent. Corpus 16b note is otherwise correct. | Published Sep. 14, 2026 10:17 PM CDT (URL carries 09/15). Matches the corpus."
17,,INCLUDED,LOCAL_POLICY,N,LA,Caddo Parish,Caddo Parish proposed freeze on data-center tax incentives,2026-08-12,Young proposes two-year moratorium on future tax incentive agreements (consideration pending),2026-08-12,VERIFIED,1,1,https://www.thecentersquare.com/louisiana/article_6dfb8e12-29d7-4c97-b4da-53ddf9b35f97.html,verified_corpus_existing.csv,,"This is the actual source of #16's ""neither measure passed"" and workforce-housing claims. The freeze is a proposed two-year moratorium on PILOT and other tax-abatement agreements."
18,,INCLUDED,SITE_DISPUTE,N,GA,Morgan/Newton counties,Meta Stanton Springs - AOC/EPA hearing on Morgan County water,2026-05-20,Congressional hearing exchange; EPA follow-up contacts,2026-05-28,VERIFIED,1,1,https://www.cbsnews.com/atlanta/news/aoc-presses-epa-over-morgan-county-drinking-water-concerns-tied-to-georgia-data-center-development/,verified_corpus_existing.csv,,"Hearing was May 20, 2026 (House E&C Oversight subcommittee). Article published May 25, updated May 28 (Zachary Bynum). The page has NO income or racial comparison. The restructured draft's claim that Stanton Springs coverage ""documented income gap between majority-white and majority-Black areas"" is not supported by this source."
19,,INCLUDED,SITE_DISPUTE,N,GA,Covington (Newton Co.),Covington data center + VoltaGrid power plant permit complaint,2026-06-25,Groups asked EPD to investigate and order construction stopped,2026-07-02,VERIFIED,1,1,https://www.atlantanewsfirst.com/2026/07/02/advocacy-groups-say-covington-data-center-power-plant-are-building-without-proper-permits/,verified_corpus_existing.csv,,"The ""formal complaint"" is a June 25 letter to Georgia EPD requesting enforcement. Article Jul. 2, 2026 (Patrick Quinn)."
20,,INCLUDED,STATEWIDE_POLICY,N,GA,statewide,Georgia statewide ratepayer bills / PSC rules,2026-02-05,Bills pending; PSC rules in place,2026-02-05,PARTIALLY_VERIFIED,2,2,https://stateline.org/2026/02/05/with-electricity-bills-rising-some-states-consider-new-data-center-laws/; https://georgiarecorder.com/2026/01/20/outrage-over-surge-of-data-centers-in-georgia-inspires-wave-of-bipartisan-bills/,verified_corpus_existing.csv,,"HB1063 does not appear. SB 410 is a TAX-CREDIT bill, not a ratepayer bill. The ratepayer bill here is SB 34 (Hufstetler); others are HB 528, HB 1012 and SB 408. The page mentions ""Georgia Power’s 3-year rate freeze"". By Alander Rocha. | Neither HB1063 nor SB410 is named in this Stateline piece. It covers Hufstetler's ratepayer bill and the PSC's data-center cost rules."
21,,INCLUDED,SITE_DISPUTE,N,UT,Box Elder County (Hansel Valley; hearing in Brigham City),Stratos Project (Kevin O'Leary / MIDA) water-rights protests,2026-04-30,~400 protests filed with Division of Water Rights (as of the Thursday before publication),2026-05-04,PARTIALLY_VERIFIED,1,1,https://www.cachevalleydaily.com/news/hundreds-of-utahns-file-to-block-kevin-o-leary-s-proposed-massive-data-center-campus/article_eea61d19-f3fd-4951-a517-b14b3353dd1f.html,verified_corpus_existing.csv,,"COUNTY CONFLICT RESOLVED: the page says Box Elder County (photos of the Box Elder County Commission, Brigham City, Apr 27, 2026). ""Millard"" appears nowhere. Corpus ""Millard Co."" is wrong. Byline: Leia Larsen and Samantha Moilanen, Salt Lake Tribune (syndicated); published May 4, 2026, updated May 30. Count ""nearly 400"" confirmed. Event date: protests totaled ~400 ""as of Thursday evening"". The exact Thursday is not stated, so 2026-04-30 is inferred."
22,,INCLUDED,STATEWIDE_POLICY,N,UT,statewide,"Utah data-center water-use disclosure bill (HB 79, Rep. Koford)",2026-01-22,Passed House Economic Development Committee unanimously,2026-01-23,VERIFIED,1,1,https://utahnewsdispatch.com/2026/01/23/bill-to-force-data-centers-to-publicly-disclose-water-use-advances/,verified_corpus_existing.csv,,"Bill number is HB 79 (not in corpus). Committee vote was Thursday (Jan 22); article Jan 23, 2026 (Ben Winslow, FOX 13, via Utah News Dispatch)."
23,,INCLUDED,LOCAL_POLICY,N,VA,Loudoun County,Loudoun County 12-month pause on new data-center applications,2026-07-22,Board approved motion to begin process of pausing applications,2026-07-24,VERIFIED,6,5,https://www.nbcwashington.com/news/local/northern-virginia/loudoun-county-considers-putting-pause-on-data-center-development/4134004/; https://wjla.com/news/local/loudoun-county-data-centers-development-applications-board-supervisors-pause-northern-virginia-regulations-leesburg-catoctin-grid-reliability-dominion-energy-merger-power-lines-laws; https://www.bloomberg.com/news/articles/2026-09-16/virginia-s-data-center-alley-moves-to-pause-new-applications; https://wtop.com/virginia/2026/09/loudoun-to-consider-data-center-pause-removing-by-right-grandfather-clause/; https://loudounwildlife.org/2026/10/54835/; https://www.fox5dc.com/news/loudoun-county-supervisors-advance-12-month-data-center-moratorium,verified_corpus_existing.csv,,"Bloomberg returned a bot wall to curl and WebFetch; Wayback has no snapshot. | In July the board did more than ""consider"" a pause: it approved a motion to start the process (Wednesday, i.e. Jul 22; published Jul 24). Page says the board would vote on the plan Sept. 15. | New source (FOX 5 DC). Oct 13 is a discussion date. A sister FOX 5 piece says supervisors ""are expected to vote on the measure October 13"". So Oct 13 (work session) vs Oct 20 (final vote, per #23f) is still an open discrepancy across outlets. | New source (Loudoun Wildlife Conservancy, October 2026). It supports the Oct 20 date and the Sept 15 vote date. Advocacy source; prefer an official agenda when one is posted. | This WTOP page is a Sept 14, 2026 Virginia Mercury reprint published BEFORE the vote. It does NOT mention Oct. 20. The corpus claim ""final vote ... Oct. 20 (per WTOP)"" is not supported by this source. | VOTE DATE: ""Tuesday night"" = Sept 15, 2026 (Sept 16 is a Wednesday and the publish date). Corpus ""2026-09-16 (advanced)"" should be 2026-09-15. The vote count and names are confirmed. The page says only that the board ""is expected to take up the proposal again in October""; it gives no Oct 20 date."
24,,INCLUDED,SITE_DISPUTE,N,AZ,Tucson / Pima County,Project Blue (Beale Infrastructure) construction protest,2026-04-24,Construction began despite opposition; dozens protested,2026-04-24,VERIFIED,1,1,https://azluminaria.org/2026/04/24/we-said-no-dozens-protest-as-construction-of-project-blue-data-center-begins/,verified_corpus_existing.csv,,"Confirms the Tucson City Council voted against annexing the property, and that comments were submitted to the Arizona Corporation Commission. Photo credit is CALÓ News (co-published)."
25,,INCLUDED,LOCAL_POLICY,N,AZ,Mesa / Avondale / Phoenix,"Arizona city industrial water caps (Mesa, Avondale, Phoenix)",2026-03-04,Ordinances in place capping industrial water use,2026-03-04,VERIFIED,2,1,https://grist.org/technology/arizona-water-data-centers-semiconducters/; https://www.datacenterdynamics.com/en/news/tract-announces-18gw-data-center-park-in-phoenix-arizona/,verified_corpus_existing.csv,,"Article is dated August 29, 2024 (not 2026). Buckeye is in MARICOPA County, not Pinal. It is an industry announcement with no opposition or dispute content, so it cannot support a siting-dispute claim on its own. | Grist, Mar 4, 2026. This is news describing the ordinances, not ordinance text. The caps cover industrial facilities generally, not data centers only. Ordinance dates are not given."
26,,INCLUDED,STATEWIDE_POLICY,N,NY,statewide,New York Executive Order 62 statewide moratorium,2026-07-14,EO signed; pauses DEC permits for 50MW+ projects up to one year (per Axios),2026-07-14,VERIFIED,2,2,https://www.axios.com/2026/07/14/ny-gov-kathy-hochul-data-center-moratorium-executive-order; https://www.governor.ny.gov/executive-order/no-62-establishing-temporary-moratorium-data-centers-new-york-while-state-develops,verified_corpus_existing.csv,,"Live site 403; read via Wayback snapshot 2026-09-10. Axios says ""up to one year"". The EO text (#26b) ties the duration to completion of the GEIS, with no fixed end date. | curl got a 403, but WebFetch succeeded on the live page (EO dated July 14, 2026). The verbatim quote was checked against Wayback snapshot 2026-09-27."
27,,INCLUDED,SITE_DISPUTE,N,IN,Clinton County,"Clinton County ""Data One"" rezoning denial",2026-01-20,Denied 3-0; 12-month resubmission bar,2026-01-20,VERIFIED,3,3,https://clintoncountydailynews.com/clinton-county-commissioners-deny-rezoning-request-for-proposed-data-center/; https://www.insideindianabusiness.com/articles/rezoning-request-for-clinton-county-data-center-denied; https://clintonco.com/downloads/commissioners/minutes/jan202026.pdf,verified_corpus_existing.csv,,"DATE CONFLICT RESOLVED: published Jan 21, 2026, but it says the vote was ""on Tuesday"", i.e. Jan 20. No real disagreement. The page does NOT name Logix Realty, so the corpus claim that this page ""confirmed developer name"" Logix Realty is wrong. It calls ""Data One"" the developer. It also says the Area Plan Commission had given approval ""earlier this month"". | Dated January 20, 2026 (""this morning’s Commissioner Meeting""). Does not name the developer. | Signed minutes, January 20, 2026 (scanned PDF, no text layer). The quote was transcribed by reading the rendered page image, not machine-extracted. Minutes: Area Plan Commission met January 6 and ""forwarded a favorable recommendation with commitments"" on 714.55 acres (LUPAC #01-26-392). Logix is not named; ""Data One"" is."
28,,INCLUDED,SITE_DISPUTE,N,MS/TN,Southaven (DeSoto Co.) / South Memphis,"NAACP v. X.AI Corp. & MZX Tech (Colossus 2 turbines), N.D. Miss. 3:26-cv-00074",2026-04-14,Pending; see #28d for latest entries,2026-09-30,VERIFIED,6,6,https://www.courtlistener.com/docket/73188848/national-association-for-the-advancement-of-colored-people-v-xai-corp/; https://www.courtlistener.com/docket/73188848/national-association-for-the-advancement-of-colored-people-v-xai-corp/?page=2; https://storage.courtlistener.com/recap/gov.uscourts.msnd.52261/gov.uscourts.msnd.52261.85.0.pdf; https://storage.courtlistener.com/recap/gov.uscourts.msnd.52261/gov.uscourts.msnd.52261.123.0.pdf; https://earthjustice.org/case/xai-illegal-gas-power-plant-data-center-colossus; https://www.utilitydive.com/news/doj-intervenes-xai-data-center-gas-turbine-lawsuit/823267/,verified_corpus_existing.csv,,"Caption also reads OXFORD DIVISION. Confirms the intervention motion was denied orally/constructively on Aug 24, with no written order. | Case page created April 14, 2026 (plaintiffs' counsel; party source). | DIVISION RESOLVED: the caption says OXFORD DIVISION, consistent with the ""3:"" prefix. The corpus/09-10 note's ""Greenville division"" is wrong. Greenville is only where Judge Brown holds the proceedings. | Docket header shows judge Debra Marie Brown and magistrate Jane Virden, with no division field. Senior Judge Michael P. Mills recused May 8, 2026 (entry 25). Hearings are noticed ""in Greenville"" before Judge Brown. Last updated Sept. 30, 2026. Docket now shows 132 entries (not 122). | Entries 123-132 are new since the corpus (122 as of 09-10). Entry 112: the Aug 24 evidentiary hearing was ""continued until further notice"". Entry 117 is DOJ's motion for a written order by Sept 10; no written order appears. | Live site 403 to curl, but WebFetch read it (headline and date matched). The verbatim quote was checked against Wayback snapshot 2026-09-11. Published June 18, 2026, so DOJ first moved to intervene in June. The July 7 filing (entry 85) is an AMENDED motion."
29,L127,INCLUDED,SITE_DISPUTE,N,AL,"Birmingham, Oxmoor Valley (Jefferson County)",Sansome and Hilley (and consolidated Greene/Butler; Greater Birmingham Humane Society) v. City of Birmingham / Nebius Oxmoor Valley data center,2026-07-10,"Jefferson County Circuit Judge Javan Patton Crayton ruled 2026-07-10 the residents can proceed; preliminary-injunction hearing held mid-July, set to resume 2026-08-12; outcome not found. Project exempt from the city's March 2026 moratorium; construction under way",2026-10-02,VERIFIED,2,2,https://www.wbhm.org/local-news/2026-07-10/judge-rules-birmingham-residents-can-proceed-with-suit-to-halt-data-center-construction; https://www.wbhm.org/local-news/2026-07-17/court-hearing-in-case-challenging-birmingham-data-center-to-resume-next-month,verified_batch_other.csv,,"Inventory said only ""litigation reported""; parties, court and judge now identified."
30,L001,INCLUDED,SITE_DISPUTE,N,AZ,Pinal County (near Eloy),"La Osa (Vermaland) data center, Pinal County",2026-05-27; 2026-08-26,Developer offered ~80% scale-back and got a continuance at the 2026-05-27 hearing; Board of Supervisors then rejected the rezoning 4-1 on 2026-08-26,2026-10-02,VERIFIED,3,3,https://www.kjzz.org/fronteras-desk/2026-05-28/largest-proposed-data-center-in-arizona-to-be-scaled-back-80-after-opposition; https://www.aljazeera.com/economy/2026/6/27/with-water-cuts-looming-in-arizona-in-us-locals-fight-data-centres; https://www.kjzz.org/politics/2026-08-26/pinal-county-rejects-massive-la-osa-data-center-residents-want-more-rules-for-future-projects,verified_batch_south.csv,,"Notes say the project was 'cut by roughly 80% after' the Board heard comments: the cut was offered by the developer's attorney, who asked for a continuance; the Board made no decision that day. Notes are out of date: the Board rejected the project 4-1 on 2026-08-26."
31,L002,INCLUDED,STATEWIDE_POLICY,N,AZ,statewide; Ahwatukee (Phoenix),"Arizona AG Kris Mayes calls for statewide pause on new data centers (Menlo Digital, Ahwatukee)",2026-08-31,Gov. Hobbs said she opposes a statewide moratorium (KJZZ 2026-09-03; AZFamily 2026-09-09); AG town hall on Menlo Digital set for Oct 14,2026-10-02,VERIFIED,2,2,https://www.azag.gov/press-release/attorney-general-mayes-calls-statewide-pause-data-centers-announces-town-hall; https://www.kjzz.org/politics/2026-09-03/gov-hobbs-wont-pause-arizona-data-center-development-despite-calls-to-do-so,verified_batch_south.csv,,"Missing URL now recorded. Hobbs's rejection was first reported 2026-09-03 (KJZZ), not ~09-09."
32,L112,INCLUDED,SITE_DISPUTE,N,CA,Imperial County,"City of Imperial and Sierra Club v. Imperial County (CEQA; Imperial Valley Data Center, ~950,000 sq ft / 330 MW, developer Imperial Valley Computer Manufacturing)",2026-08-31; 2026-09-09,"Judge L. Brooks Anderholt issued tentative decision Monday 2026-08-31; Courthouse News (2026-09-10) reports he ""determined Wednesday"" that an EIR is required and the county prejudicially abused its discretion approving the lot merger; developer Rucci said he will move for a new trial or to vacate the judgment, then appeal",2026-10-02,VERIFIED,2,2,https://www.kpbs.org/news/environment/2026/09/01/judge-preparing-to-halt-massive-imperial-county-data-center-order-environmental-review; https://courthousenews.com/california-judge-halts-states-largest-data-center/,verified_batch_other.csv,,"Note (09-08) said the ruling was ""still tentative, no final writ found"". Courthouse News (published 2026-09-10) reports Anderholt ""determined Wednesday"" that the project needs an EIR, and that Rucci will ""file a motion seeking a new trial or to vacate the judgment"". The status has moved past the tentative stage; a writ itself was not fetched. | Tentative date settled: KPBS story dated Tue Sept 1, 2026 says ""tentative decision Monday"" = Aug 31, 2026; ""Sept 1"" was the report date. Case number: ECU004457 is NOT used in this row per instruction. However, on 2026-10-02 the string ""City of Imperial vs. Imperial County, CASE NO. ECU004457"" was found printed in a footer of an exhibit inside IVCM's own court petition PDF hosted by KPBS (https://cdn.kpbs.org/7c/3f/d463c38e4398ad312cf7f260d2b3/ivcm-v-imperial-county.pdf, p.55). So the number may not be an invention; it is a party-inserted footer, not a court caption. PI should decide; the court docket itself was not fetched."
33,L113,INCLUDED,SITE_DISPUTE,N,CA,Imperial County,"Imperial Valley Computer Manufacturing, LLC v. County of Imperial and Imperial County Board of Supervisors (moratorium)",2026-06-22; 2026-08,IVCM petition for writ of mandate assigned to Judge Jeffrey B. Jones (stamp 6-22-26); Jones issued a preliminary decision in August 2026 to strike the county moratorium (no current and immediate threat shown); county announced 2026-08-31 it is drafting a new moratorium; no Board date found,2026-10-02,VERIFIED,5,5,https://imperialcounty.org/2026/08/icdcmoratorium2026/; https://imperialcounty.org/2026/08/moratorium08312026/; https://cdn.kpbs.org/7c/3f/d463c38e4398ad312cf7f260d2b3/ivcm-v-imperial-county.pdf; https://www.kpbs.org/news/environment/2026/09/01/judge-preparing-to-halt-massive-imperial-county-data-center-order-environmental-review; https://news.trellis.law/california-judge-skeptical-of-countys-data-center-freeze-in-fight-over-states-largest-proposed-facility/,verified_batch_other.csv,,"Confirms Judge Jeffrey B. Jones and the parties. The case-number field on the caption is blank in this copy; no case number recorded. | The Aug 21, 2026 date for the Jones ruling was not confirmed on any fetched page; sources say only ""issued in August"" and the county's Aug 28 release says ""recently ruled"". Event date left as 2026-08."
34,L130,INCLUDED,LOCAL_POLICY,N,CA,Oakland,Oakland 45-day data center moratorium,2026-09-22,City Council committee approved a proposed 45-day moratorium (reported 2026-09-22) after testimony from residents on both sides; full council vote pending; Oct 6 vote date not confirmed,2026-10-02,VERIFIED,1,1,https://www.nbcbayarea.com/news/local/oakland-data-center-moratorium-vote/4147127/,verified_batch_other.csv,,"Inventory state was blank: it is Oakland, California. The Oct 6 full-council vote date is not on the fetched page; event_date here is the article date (datePublished 2026-09-22), not the committee meeting date."
35,L013,INCLUDED,SITE_DISPUTE,N,GA,Coweta County,Coweta County 'Project Sail' (Atlas Development/Prologis) rezoning + residents' Superior Court appeal,2026-04-07; 2026-05-05,Rezoned 3-2 on 2026-04-07; residents filed a Petition for Review/Appeal in Coweta County Superior Court 2026-05-05; no ruling found as of 2026-10-02,2026-10-02,VERIFIED,2,2,https://www.ajc.com/business/2026/04/coweta-votes-to-turn-this-800-acre-forest-into-17b-data-center-campus/; https://thecitizen.com/2026/05/11/coweta-residents-sue-to-block-project-sail-data-center/,verified_batch_south.csv,,Plaintiff count still varies: CBS says seventeen; a WSB search summary says 19 / 'nearly 20'. No case number appears in any fetched source.
36,L014,INCLUDED,SITE_DISPUTE,N,GA,Coweta County (Palmetto),"Coweta County 'Project Peach' (Palmetto, Johnson Circle) rezoning",2025-04 (Tuesday before 2025-04-16),Rezoned 3-2 in April 2025 over opposition incl. Palmetto mayor; Oct 2025 the board gave the developer a 12-month extension to get a Georgia Power purchase agreement; no separate court appeal found,2026-10-02,VERIFIED,2,2,https://www.govtech.com/products/second-atlanta-area-government-hits-pause-on-data-centers; https://www.times-herald.com/data_center/where-cowetas-five-proposed-data-centers-stand/article_55ee204a-0e00-43e4-9ad1-78c92b679d06.html,verified_batch_south.csv,,"MAJOR: The rezoning was April 2025, not April 2026. The Times-Herald 2026-06-02 roundup says 'April 2026', but it also says the Oct 2025 extension happened, and the GovTech/AJC (May 8, 2025) and WABE (May 15, 2025) reports confirm 2025. No source found for a separate Project Peach Superior Court appeal filed 2026-05-05. The Times-Herald roundup ties the May 5 appeal to Project Sail only, so the 08-25 'two separate suits' resolution looks unsupported. Address: sources say Johnston Circle (GovTech) and 300 Johnson Circle (Times-Herald). | This page dates the Peach rezoning to 'April 2026', which conflicts with 2025 sources and with its own Oct 2025 extension sentence."
37,L015,INCLUDED,SITE_DISPUTE,N,GA,Coweta County (Walt Sanders Road),Coweta County 'Project Oak' rezoning denied,,"Rezoning unanimously denied (Times-Herald, 2026-08-25)",2026-10-02,VERIFIED,1,1,https://www.times-herald.com/news/project-oak-data-center-denied-by-commissioners/article_76db6b0a-615b-48e6-aacd-5042bdd0f401.html,verified_batch_south.csv,,
38,L016,INCLUDED,LOCAL_POLICY,N,GA,Coweta County,Coweta County data center moratoria (May 2025; second one June 2026),2025-05-06; 2026-06-16,"First 180-day moratorium adopted unanimously in May 2025; a second 180-day moratorium to review the ordinance was approved unanimously at the Tuesday meeting before 2026-06-17 (i.e., 2026-06-16). The five pending projects are exempt (vested rights).",2026-10-02,VERIFIED,2,2,https://www.times-herald.com/news/commissioners-approve-180-day-data-center-moratorium/article_29dd50b8-88fb-4424-98d9-9d87abfb4588.html; https://www.govtech.com/products/second-atlanta-area-government-hits-pause-on-data-centers,verified_batch_south.csv,,"GovTech/AJC (May 8, 2025) says the Sail petition then had 1,750 signatures (the source of the old figure). | This Times-Herald URL is the SECOND moratorium (article Jun 17, 2026), not the May 2025 one the notes link it to. That resolves the 09-02 'August' mention: the 2026 moratorium was June, not August. The Dec 2025 4-1 ordinance vote was not checked."
39,L018,INCLUDED,SITE_DISPUTE,N,GA,DeKalb County (3600 International Park Drive),Shadowbox Studios and Henrico 183 v. DeKalb County (developer suit against moratorium),2026-08-05; 2026-09-09,"Suit filed in DeKalb Superior Court Aug 5, 2026; Zoning Board of Appeals affirmed denial 2026-09-09; case pending",2026-10-02,VERIFIED,2,2,https://www.atlantanewsfirst.com/2026/08/13/dekalb-county-sued-over-moratorium-new-data-centers/; https://www.atlantanewsfirst.com/2026/09/09/dekalb-county-board-affirms-denial-data-center-proposal/,verified_batch_south.csv,,URLs were missing in the notes; now recorded. No case number found.
40,L019,INCLUDED,LOCAL_POLICY,N,GA,DeKalb County,DeKalb County data center moratorium (permanent ordinance rejected; extended to 2027-03-30),2025-07-08; 2026-06-23; 2026-07-07,"Moratorium since July 8, 2025 (4-3 vote); permanent regulations rejected unanimously 2026-06-23; extended 2026-07-07 to 2027-03-30, Ted Terry the only no vote",2026-10-02,VERIFIED,1,1,https://www.appenmedia.com/dunwoody/dekalb-extends-data-center-moratorium-through-early-2027/article_77234ebb-6378-477d-9ac6-9d7809828c2c.html,verified_batch_south.csv,,"URLs were missing in the notes; now recorded. Original July 8, 2025 moratorium vote was 4-3 (Atlanta News First). A mid-June 2026 100-day extension also happened (WABE/Decaturish, June 24)."
41,L020,INCLUDED,LOCAL_POLICY,N,GA,Dougherty County,"Dougherty County moratorium on large-scale data centers (45-day, extended 180 days)",2026-08-31,45-day pause extended 180 days; every commissioner voted yes; residents pushing for ordinances,2026-10-02,VERIFIED,2,1,https://www.walb.com/2026/08/31/dougherty-county-extends-data-center-moratorium-another-180-days/; https://www.dougherty.ga.us/Government/News,verified_batch_south.csv,,
42,L022,INCLUDED,LOCAL_POLICY,N,GA,Walker County,"Walker County moratorium (30-day, extended 180 days to Feb 2027)",2026-07-09; 2026-08-06,30-day moratorium 2026-07-09 after resident backlash; extended 180 days on 2026-08-06 (unincorporated areas only); study group to report by 2026-12-04,2026-10-02,VERIFIED,1,1,https://www.local3news.com/local-news/update-walker-co-commissioners-consider-extension-of-data-centers-moratorium/article_f776be3a-1089-4068-ade1-781ea32a2ab9.html,verified_batch_south.csv,,
43,L023,INCLUDED,LOCAL_POLICY,N,GA,Hall County,"Hall County moratorium (data centers added, Feb 2026)",2026-02-26,Board unanimously approved a 180-day moratorium extension adding data centers and detention centers (Thursday Feb. 26); followed resident pushback on 'Project Turbo' (2400 O'Kelly Rd) in 2025,2026-10-02,VERIFIED,1,1,https://www.mainstreetnews.com/braselton/news/detention-centers-data-centers-added-to-hall-county-moratorium/article_ce876f58-0ec9-47f6-86ac-fe00c4fb2efd.html,verified_batch_south.csv,,"The notes say only 'debate reported'. It was actually adopted unanimously on Feb 26, 2026, as a data-center add-on to an existing high-density-residential moratorium."
44,L024,INCLUDED,SITE_DISPUTE,N,GA,Statesboro,Statesboro rezoning for data center approved amid protest,2026-08-18,"City Council approved the rezoning (26.5 acres, Burkhalter Rd, 4AM Development) when the mayor broke a tie; the mayor says it is not final approval",2026-10-02,VERIFIED,1,1,https://wtoc.com/2026/08/19/statesboro-city-council-approves-rezoning-data-center-amid-protests,verified_batch_south.csv,,"Vote was Tuesday, Aug 18, 2026 (WTOC published 12:18 AM Aug 19 and calls it 'Tuesday's vote'); notes give 08-19."
45,L005,INCLUDED,SITE_DISPUTE,N,IN,Indianapolis (Marion County),DC Blox data center use variance approved despite opposition (Irvington/Warren Township),2026-07-15,"MDC approved use variance 6-1 on 2026-07-15; petition for judicial review filed 2026-08-14 in Marion Superior Court 5 by two neighbors, Irvington Community Schools and Eastside Community Action, with request to halt construction; no ruling found",2026-10-02,VERIFIED,4,4,https://www.wishtv.com/news/politics/commission-approves-dc-blox-data-center-project-amid-neighborhood-opposition/; https://www.wfyi.org/wfyi-news/2026-07-15/east-side-data-center-wins-approval-despite-community-opposition; https://mirrorindy.org/dc-blox-data-center-east-side-indianapolis-irvington-approval/; https://mirrorindy.org/dc-blox-data-center-irvington-east-side-indianapolis-judicial-review/,verified_batch_other.csv,,"Notes said opponents were ""preparing/filing an appeal""; it is a petition for judicial review filed 2026-08-14 in Marion Superior Court 5 (Mirror Indy, Aug 21, 2026). | This URL is the June 11, 2026 hearing-examiner recommendation article, not the July 15 MDC approval."
46,L006,INCLUDED,SITE_DISPUTE,N,IN,Indianapolis (Marion County),Metrobloks data center approved despite outcry (Martindale-Brightwood),2026-04-01,MDC approved 6-2 on 2026-04-01; residents and Hoosier Environmental Council filed judicial-review petition 2026-05-01 (Marion Superior Court 6); tax abatement (~$56M) public hearing/vote set for 2026-10-21; no court ruling found,2026-10-02,VERIFIED,3,3,https://mirrorindy.org/martindale-brightwood-metrobloks-data-center-east-indianapolis/; https://mirrorindy.org/martindale-brightwood-metrobloks-data-center-judicial-review-east-indianapolis-metropolitan-developmen-commission/; https://mirrorindy.org/martindale-brightwood-metrobloks-data-center-tax-abatments-east-side-indianapolis/,verified_batch_other.csv,,"Inventory had no event date; MDC approval was April 1, 2026, vote 6-2. | Note said the petition alleges ""environmental racism""; that phrase does not appear in the Mirror Indy articles fetched. The article describes claims that MDC failed to apply variance standards and Metrobloks lacked adequate environmental/water/utility/traffic studies. Treat ""environmental racism"" as unverified."
47,L007,INCLUDED,LOCAL_POLICY,N,IN,Indianapolis (Marion County),Marion County / Indianapolis data center moratorium,2026-08-10; 2026-08-19,"City-County Council voted 23-1 (2026-08-10); MDC voted 6-0 (2026-08-19), effective immediately; no new data center approvals through end of 2027; DC Blox, Metrobloks and Sabey exempt",2026-10-02,VERIFIED,5,4,https://www.wfyi.org/wfyi-news/2026-08-10/indy-council-advances-pause-on-data-centers-sends-to-commission-for-final-approval; https://www.wfyi.org/wfyi-news/2026-08-19/new-data-centers-temporarily-banned-in-marion-county; https://wibc.com/894987/data-center-moratorium-unanimously-passes-in-marion-county/; https://www.ibj.com/articles/city-county-council-votes-to-establish-data-center-moratorium; https://fox59.com/news/metropolitan-development-commission-unanimously-approves-data-center-moratorium/,verified_batch_other.csv,,
48,L008,INCLUDED,SITE_DISPUTE,N,IN,"Indianapolis, Decatur Township (Marion County)","Sabey Data Centers Decatur Township: Decatur Township Civic Council Inc et al. v. Indianapolis Metropolitan Development Commission et al., 49D05-2604-PL-021609",2026-04-17,"MDC approved variances 2026-03-18; judicial-review petition filed 2026-04-17 (Marion Superior Court 5); motion to dismiss filed 2026-06-15; virtual hearing set 2026-08-20, outcome not reported; MDC approved ~$240M tax abatements 2026-09-16 (real estate 6-1, equipment 5-2); construction expected 2027",2026-10-02,VERIFIED,9,7,https://interactive.wthr.com/pdfs/2026_4_17_Verified_Petition_for_Judicial_Review_and_Complaint_for_DJ.pdf; https://mirrorindy.org/decatur-township-civic-council-sabey-data-center-judicial-review-metropolitan-development-commission/; https://mirrorindy.org/sabey-data-centers-files-motion-to-dismiss-residents-legal-challenge/; https://mirrorindy.org/indianapolis-sabey-data-centers-tax-abatement-aquatic-center-indy-economic-development/; https://www.wfyi.org/wfyi-news/2026-09-16/city-approves-240-million-tax-break-for-data-center-developers-decatur-township-project; https://mirrorindy.org/decatur-township-sabey-data-center-tax-abatement-incentives-southside-indianapolis-marion-county-economic-development/; https://www.wfyi.org/wfyi-news/2026-04-20/decatur-township-residents-sue-to-block-sabey-data-center; https://www.ibj.com/articles/indy-to-consider-nearly-250-million-in-tax-breaks-for-sabey-data-center; https://fox59.com/news/indianapolis-metropolitan-development-commission-approves-decatur-township-data-center-proposal/,verified_batch_other.csv,,"Sabey abatement conflict settled: ~$188M was the PROPOSED package outlined by Indy Economic Development (Mirror Indy, Aug 2026), not the approved amount. The MDC APPROVED ~$240M on 2026-09-16 (WFYI; Mirror Indy). The 09-04 note calling $188M ""approved"" is wrong; the ~$242M figure (08-21) was not confirmed from a fetched page, the approved figure is reported as ""more than $240 million"". Aquatic center: $24.8M in this article; $24.5M in the Sept 16 Mirror Indy article; total community payment $29.8M in both."
49,L125,INCLUDED,SITE_DISPUTE,N,KS,Edgerton (Johnson County),"City of Edgerton v. Twente, Schmidt, Public Trust Collective Inc. et al. (suit against anti-data-center citizen petition)",2026-08-04; 2026-09-03,City sued residents 2026-08-04 to void a petition proposing a data center ban; on 2026-09-03 Johnson County District Judge Stephanie Goodenow granted the residents' motion to strike under the Kansas Public Speech Protection Act; petition moves forward,2026-10-02,VERIFIED,2,2,https://johnsoncountypost.com/2026/09/10/judge-dismisses-city-of-edgertons-lawsuit-295865/; https://johnsoncountypost.com/2026/08/18/city-of-edgerton-files-lawsuit-294038/,verified_batch_other.csv,,"Inventory had no date/parties/outcome; city filed Aug 4, 2026; dismissed (motion to strike granted) Sept 3, 2026."
50,L078,INCLUDED,LOCAL_POLICY,N,KY,Louisville Metro,Louisville Metro six-month data center moratorium + permanent zoning rules (LDC 25-LDC-0014),2026-08-13,Six-month moratorium (or until permanent zoning rules) passed 24-1,2026-08-13,VERIFIED,2,2,https://www.lpm.org/news/2026-08-13/louisville-metro-council-approves-data-center-moratorium-as-new-proposal-sparks-controversy; https://www.wbko.com/2026/08/14/louisville-metro-council-approves-6-month-moratorium-data-centers/,verified_batch_nc_ky.csv,,"CONFLICT: WAVE/WBKO says a one-year moratorium vote 'failed'; the 08-28 note correction (one-year ask was public comment only, not a failed motion) rests on LPM. The outlets disagree; settle with council minutes before asserting either."
51,L079,INCLUDED,SITE_DISPUTE,N,KY,Simpson County (Franklin),"TenKey LandCo I LLC v. Simpson County Fiscal Court ($1.6B data center, Franklin KY)",2026-01-20,TenKey LandCo sued Simpson County Fiscal Court in Simpson Circuit Court over Dec 2025 ordinance requiring heavy-industrial zoning + CUP,2026-01-28,VERIFIED,2,2,https://www.lpm.org/news/2026-01-28/data-center-developer-sues-simpson-county-government-over-land-use-ordinance; https://bgdailynews.com/2026/08/09/court-hears-arguments-from-county-developer-over-simpson-data-center-ordinance/,verified_batch_nc_ky.csv,,"CORRECTION: inventory gives oral arguments as 2026-08-09, which is the article's publish date (Sunday, Aug 9). Text says 'During oral arguments Thursday', i.e., 2026-08-06."
52,L080,INCLUDED,SITE_DISPUTE,N,KY,Franklin (Simpson County),Franklin Citizens for Responsible Development v. TenKey LandCo and Franklin Planning & Zoning Commission (HB 321 standing),2026-08-24,Franklin Citizens for Responsible Development suit (filed April) vs Planning & Zoning Commission and TenKey; dismissal sought under HB 321 standing limit; Thurmond weighing constitutionality; another hearing planned for October,2026-08-27,VERIFIED,1,1,https://kentuckylantern.com/?p=41906,verified_batch_nc_ky.csv,,Kentucky Lantern fetched directly this time (403 earlier). Page says only that Thurmond 'planned to schedule another hearing in October'; no exact date. An 'Oct. 14' date for THIS case appeared only in a search summary and is unconfirmed.
53,L081,INCLUDED,SITE_DISPUTE,N,KY,Cave City (Barren County),Cave City 12-month moratorium + Kentucky Industrial Alliance suits ($4.8B near Mammoth Cave),2026-05-20,12-month moratorium enacted after special meetings May 18 and May 20; Kentucky Industrial Alliance sued,2026-06-09,VERIFIED,2,2,https://www.wbko.com/2026/06/09/developer-sues-cave-city-over-data-center-zoning-moratorium/; https://glasgownews1.com/?p=62440,verified_batch_nc_ky.csv,,Court name is inconsistent WITHIN this page: photo caption says 'Barren County Circuit Judge John T. Alexander'; body says 'Barren District Court'. The caption agrees with BG Daily News (circuit). | Supports May 20 (WBKO) over May 21 (Moratorium Nation).
54,L082,INCLUDED,LOCAL_POLICY,N,KY,"Allen County, KY",Allen County 24-month data center moratorium (Ordinance No. 26-03),,24-month moratorium in place (per Judge-Executive Harper),2026-06-12,PARTIALLY_VERIFIED,2,1,https://www.wbko.com/2026/06/12/allen-county-takes-proactive-measure-preventing-data-center/; https://www.route-fifty.com/artificial-intelligence/2026/06/some-kentucky-counties-and-cities-are-hitting-pause-on-data-centers/414053/,verified_batch_nc_ky.csv,,
55,L083,INCLUDED,LOCAL_POLICY,N,KY,"London (city), KY",London (city) 2-year data center moratorium,2026-07-06,First reading of Ordinance 2026-16 approved unanimously; sent to Planning & Zoning for public hearing,2026-07-07,VERIFIED,2,2,https://www.sentinel-echo.com/kentucky/london-city-council-advances-data-center-moratorium-overrides-weddle-vetoes/article_269f8527-36cf-425c-9321-0a395b2470a0.html; https://www.lex18.com/news/covering-kentucky/kentucky-data-centers-lex-news-special-coverage/london-city-council-approves-2-year-data-center-moratorium-ems-agreement,verified_batch_nc_ky.csv,,"Brief claim (two-year moratorium June 8, 2026) is wrong on date: first reading was Monday 2026-07-06; final passage 2026-08-03. | Brief claim date June 8, 2026 is wrong; adopted Monday 2026-08-03 (tracker page now also says 2026-08-03)."
56,L084,INCLUDED,SITE_DISPUTE,N,KY,Kentucky (statewide),"Gov. Beshear executive order on data centers (ratepayer protection, taxes, public discussion)",2026-08-06,"Gov. Beshear executive order: data centers must show no harm to ratepayers/environment, pay local taxes, engage communities",2026-08-06,VERIFIED,1,1,https://www.lpm.org/news/2026-08-06/kentucky-gov-beshear-to-require-data-centers-prove-no-impact-on-ratepayers,verified_batch_nc_ky.csv,,
57,L085,INCLUDED,LOCAL_POLICY,N,KY,"Bell County, KY",Bell County data center moratorium,2026-06-26,First reading at special-called meeting (Friday); second reading then scheduled July 14,2026-06-26,PARTIALLY_VERIFIED,5,4,https://www.wymt.com/2026/06/26/bell-county-residents-pack-courthouse-oppose-data-center-construction/; https://www.wymt.com/2026/07/09/wkyt-investigates-bell-county-family-fights-proposed-data-center/; https://kentuckylantern.com/?p=41559; https://ground.news/article/2nd-reading-of-data-center-ban-approved; https://kentuckylantern.com/?p=41633,verified_batch_nc_ky.csv,,
58,L087,INCLUDED,LOCAL_POLICY,N,KY,Breckinridge County,Breckinridge County data center moratorium,2025-11-17,Moratorium Nation claim: enacted 2025-12-05,2026-10-02,VERIFIED,3,2,https://mjbommar.github.io/moratorium-data-2026/states/kentucky.html; https://www.messenger-inquirer.com/breck_herald/news/county-introduces-data-center-moratorium-ordinance/article_ebf0a023-8e1b-5372-acdc-bf643fdea343.html; https://www.messenger-inquirer.com/breck_herald/news/county-imposes-data-center-moratorium/article_357de674-4a21-51ad-9393-d6d08090039c.html,verified_batch_nc_ky.csv,,"Date contradicted: Breckinridge Herald-News says second reading passed 5-2 on a Monday reported Dec 17, 2025 (most likely 2025-12-15); Dec 5, 2025 was a Friday. Action itself is real; only the date is wrong. | Tracker date 2025-12-05 (a Friday) conflicts: article dated Dec 17, 2025 says adoption was Monday morning, most likely 2025-12-15 (computed)."
59,L088,INCLUDED,LOCAL_POLICY,N,KY,"Bullitt County, KY",Bullitt County data center moratorium,2026-07-21,One-year (12-month) moratorium on new data center applications passed,2026-07-21,VERIFIED,2,2,https://spectrumnews1.com/ky/louisville/news/2026/07/21/bullitt-county-data-center-moratorium; https://bullittky.com/wp-content/uploads/2026/08/07.21.2026.doc,verified_batch_nc_ky.csv,,
60,L089,INCLUDED,LOCAL_POLICY,N,KY,"Daviess County, KY",Daviess County data center moratorium,2026-05-28,"One-year moratorium on data center applications given final approval, unanimous",2026-05-29,VERIFIED,2,2,https://www.wkyufm.org/news/2026-05-29/daviess-co-leaders-throw-cold-water-on-data-center-projects; https://www.owensborotimes.com/?p=291337,verified_batch_nc_ky.csv,,
61,L090,INCLUDED,LOCAL_POLICY,N,KY,"Edmonson County, KY",Edmonson County data center moratorium,2026-06-08,"Ordinance EC26-18 adopted unanimously on second reading; one-year moratorium on data centers, AI facilities, crypto mining",2026-06-08,VERIFIED,2,2,https://www.edmonsonvoice.com/-news/edmonson-county-fiscal-court-enacts-one-year-moratorium-on-new-data-centers-ai-facilities-and-crypto-mining-operations; https://www.edmonsonvoice.com/uploads/3/7/6/7/37671151/ordinance_ec26-18_data_center_moritorium.pdf,verified_batch_nc_ky.csv,,
62,L091,INCLUDED,LOCAL_POLICY,N,KY,"Lexington-Fayette Urban County, KY",Lexington-Fayette Urban County data center moratorium,2026-06-09,"Council unanimously passed moratorium through Oct. 31, 2026; special COW for public input set Oct. 6, 2026",2026-10-02,VERIFIED,3,3,https://engage.lexingtonky.gov/datacenters; https://www.weku.org/lexington-richmond/2026-06-09/lexington-enacts-moratorium-on-data-center-development; https://spectrumnews1.com/ky/louisville/news/2026/09/09/lexington-committee-weighs-data-center-rules,verified_batch_nc_ky.csv,,
63,L092,INCLUDED,LOCAL_POLICY,N,KY,"Meade County, KY",Meade County data center moratorium,2025-12-09,Ordinance 2025-07 (12-month moratorium) given first reading,,PARTIALLY_VERIFIED,2,2,https://www.meadeky.gov/DocumentCenter/View/427/Meade-County-Planning-and-Zoning---Ordinance-2025-07---Data-Center-Moratorium---IT-Infrasctucture-Facilities---First-Reading---December-09-25; https://www.meadeky.gov/DocumentCenter/View/458,verified_batch_nc_ky.csv,,Adoption on 2026-01-13 is scheduled per agenda but not confirmed by minutes or news.
64,L093,INCLUDED,LOCAL_POLICY,N,KY,"Nelson County, KY",Nelson County data center moratorium,2026-07-07,One-year moratorium passed by Fiscal Court,2026-07-13,PARTIALLY_VERIFIED,2,2,https://spectrumnews1.com/ky/louisville/news/2026/07/09/kentucky-counties-weigh-data-center-growth-as-moratoriums-spread; https://nelsoncountyky.gov/wp-content/uploads/2026/07/26-7-7FiscalCourtAgenda.pdf,verified_batch_nc_ky.csv,,
65,L094,INCLUDED,LOCAL_POLICY,N,KY,Oldham County,Oldham County data center moratorium,2025-07-01,Moratorium Nation claim: enacted 2025-06-26,2026-10-02,VERIFIED,5,4,https://mjbommar.github.io/moratorium-data-2026/states/kentucky.html; https://www.wave3.com/2025/07/02/pause-placed-data-centers-oldham-co-amid-corruption-allegations-by-fired-deputy-judge; https://www.datacenterdynamics.com/en/news/kentuckys-oldham-county-passes-150-day-data-center-moratorium/; https://www.wkms.org/2025-07-02/oldham-county-passes-sweeping-data-center-moratorium-executive-fired-over-recording; https://www.wave3.com/2026/08/18/oldham-county-fiscal-court-hold-public-hearing-proposed-data-center-regulations/,verified_batch_nc_ky.csv,,"Date contradicted: WAVE, WKMS and DCD put the 4-2 vote on Tuesday 2025-07-01. Action itself is real. | Extension instrument/date not found; moratorium remaining in place pending regulations is supported as of 2026-08-18. | Tracker date 2025-06-26 conflicts: WAVE/WKMS/DCD put the adoption vote on Tuesday 2025-07-01. | Tracker date 2025-06-26 vs July 1 per DCD."
66,L095,INCLUDED,LOCAL_POLICY,N,KY,"Versailles (city), KY",Versailles data center moratorium,2026-06-16,"Unanimous moratorium (by resolution) through Dec. 31, 2026",2026-06-17,VERIFIED,2,2,https://www.wkyt.com/2026/06/17/versailles-puts-brakes-data-center-development-with-temporary-moratorium/; https://www.lex18.com/news/covering-kentucky/versailles-city-council-approves-data-center-moratorium-through-end-of-year,verified_batch_nc_ky.csv,,
67,L096,INCLUDED,LOCAL_POLICY,N,KY,"Mercer County, KY",Mercer County data center moratorium,2026-08-11,Motion for moratorium approved; formal adoption requires second meeting scheduled Aug. 11,2026-07-28,VERIFIED,2,2,https://www.wkyt.com/2026/07/29/mercer-county-fiscal-court-approves-motion-data-center-moratorium/; https://www.wkms.org/2026-08-12/a-kentucky-county-passes-a-data-center-moratorium-with-a-city-sized-hole,verified_batch_nc_ky.csv,,"Brief claim (first reading only, awaiting second) is outdated: final passage Tuesday 2026-08-11 (tracker page now agrees)."
68,L097,INCLUDED,LOCAL_POLICY,N,KY,"Ashland (city), KY",Ashland data center moratorium,2026-02-26,Board of Commissioners stopped accepting data center applications for six months,2026-02-26,VERIFIED,2,2,https://www.wymt.com/2026/02/26/ordinance-passed-data-center-applications/; https://www.dailyindependent.com/news/ashland-places-restrictions-on-data-centers/article_56863e9c-febd-4ebd-a1e0-2a64e7aeb0f2.html,verified_batch_nc_ky.csv,,
69,L098,INCLUDED,LOCAL_POLICY,N,KY,"La Grange (city), KY",La Grange (city) data center moratorium,,Ordinance 10-2025 (150-day moratorium) and Ordinance 17-2025 (extension) listed; no 2026 data-center ordinance listed,2026-10-02,PARTIALLY_VERIFIED,1,1,https://lagrangeky.gov/ordinances,verified_batch_nc_ky.csv,,Index shows an extension (Ord. 17-2025) that the brief omits; adoption date 2025-06-02 not confirmed.
70,L100,INCLUDED,SITE_DISPUTE,N,KY,"Georgetown (city), KY",Georgetown data center moratorium (named in passing),2026-07-13,City passed resolution supporting Scott County moratorium; no city moratorium of its own,2026-07-17,VERIFIED,1,1,https://www.news-graphic.com/news/city-stands-by-halt-on-data-centers/article_824d45dd-3921-48b8-9a75-cde0d127c369.html,verified_batch_nc_ky.csv,,"Georgetown did not enact its own moratorium; it is covered by the Scott County Fiscal Court moratorium and passed a support resolution Monday July 13, 2026."
71,L102,INCLUDED,LOCAL_POLICY,N,KY,"Greenup County, KY",Greenup County data center moratorium (named in passing),,"Six-month moratorium adopted unanimously on second reading, effective immediately; TeraWulf EastPark excluded",2026-07-17,PARTIALLY_VERIFIED,1,1,https://www.dailyindependent.com/news/greenup-county-places-moratorium-on-data-centers-hall-on-terawulf-not-included-in-the-pause/article_085b0070-ecdb-412f-90a6-f3ab60ae11f9.html,verified_batch_nc_ky.csv,,
72,L103,INCLUDED,LOCAL_POLICY,N,KY,"Butler County, KY",Butler County data center moratorium (named in passing),,One-year moratorium approved by fiscal court,2026-06-26,PARTIALLY_VERIFIED,1,1,https://www.wbko.com/2026/06/26/butler-county-approves-one-year-moratorium-data-centers/,verified_batch_nc_ky.csv,,
73,L104,INCLUDED,LOCAL_POLICY,N,KY,"Scott County, KY",Scott County data center moratorium (named in passing),2026-03-13,Six-month moratorium approved,2026-03-17,VERIFIED,2,2,https://www.news-graphic.com/news/six-month-halt-on-potential-data-centers/article_4e78b630-fee8-4a86-99ac-abe6228e3fa2.html; https://www.news-graphic.com/news/data-center-moratorium-extended/article_fe2a000b-bf6c-405c-888a-09ddf16cf8ba.html,verified_batch_nc_ky.csv,,
74,N-KY-RowanCounty,INCLUDED,LOCAL_POLICY,N,KY,"Rowan County, KY","Rowan County, KY data center action (new lead, not in inventory)",,Two-year moratorium on large-scale data centers by unanimous resolution at August monthly meeting,2026-08,PARTIALLY_VERIFIED,2,2,https://www.rcky.us/news/rowan-review-august-2026; https://www.lex18.com/news/covering-kentucky/rowan-county-approves-two-year-data-center-moratorium-ahead-of-potential-projects,verified_batch_nc_ky.csv,,
75,L138,INCLUDED,SITE_DISPUTE,N,LA,Richland Parish,AAE/UCS motion to investigate Meta 'Beignet'/Blue Owl financing (LPSC Docket U-37425); LPSC declined,2026-01-14; 2026-02-25,"Motion filed 2026-01-14; on 2026-02-25 the PSC declined to vote on it, following a staff recommendation",2026-10-02,VERIFIED,3,3,https://all4energy.org/wp-content/uploads/2026/01/2026-01-14-U-37425-AAE-UCS-Mtn-for-Investigation.pdf; https://www.ucs.org/about/news/louisiana-wont-investigate-risky-meta-data-center-financing; https://lailluminator.com/2026/02/27/no-investigation-of-data-center-ownership-transfer/,verified_batch_south.csv,,'Vote tally unknown' is explained: the Illuminator reports the PSC 'declined to vote on the groups’ request'. The notes wrote URLs without a scheme; added https://.
76,L139,INCLUDED,SITE_DISPUTE,N,LA,statewide (LPSC),"Entergy VP Larry Hand ghostwrote LPSC commissioners' motions (Meta docket Aug 20, 2025; Hyundai Steel docket)",2026-08-11,Reported by Gulf States Newsroom/WWNO 2026-08-11,2026-10-02,VERIFIED,1,1,https://www.wbhm.org/2026-08-11/tracked-changes-an-entergy-exec-ghostwrote-louisiana-psc-motions-supporting-meta-hyundai,verified_batch_south.csv,,Notes had no URL. The fetched copy is the WBHM syndication of the WWNO story (byline Drew Hawkins).
77,L140,INCLUDED,SITE_DISPUTE,N,LA,Richland Parish,LDEQ air permits for Hyperion under 'Laidley LLC'; Sierra Club challenge,2025-07; 2026-01-14; 2026-06-06; 2026-07-30,"Initial air permit July 2025 (31 emergency diesel generators); amendment filed Jan 14 adding 44 gas water boilers, approved June 6; Sierra Club asked LDEQ on July 30, 2026 to require a stricter (major-source) permit",2026-10-02,VERIFIED,1,1,https://lailluminator.com/2026/08/04/meta-data-center-pollution-permit-doesnt-account-for-all-its-emissions-sierra-club-says/,verified_batch_south.csv,,Notes had no URL. The '~23 MGD from six wells' water claim is not in this article; treat it as unverified. The LDEQ record itself was not located.
78,L123,INCLUDED,LOCAL_POLICY,N,MD,Montgomery County,Montgomery County 18-month data center moratorium,2026-07-28,"County Council (11 members) voted unanimously on Tuesday 2026-07-28 for an 18-month moratorium, following County Executive Elrich's six-month executive-order moratorium in June; effective when signed; Atmosphere's Dickerson data center proposal affected",2026-10-02,VERIFIED,1,1,https://wtop.com/montgomery-county/2026/07/montgomery-county-council-approves-18-month-moratorium-on-data-centers/,verified_batch_other.csv,,"Inventory had only ""reported August activity"" with no URL/date; vote was in July (WTOP July 29, 2026: approved ""Tuesday"" = July 28)."
79,L124,INCLUDED,SITE_DISPUTE,N,MI,Gibraltar (Wayne County),"Raeden Acquisitions, LLC and CAL Realty, LLC v. City of Gibraltar (federal suit over data center moratorium)",2026-08-17,Developer and landowner sued in U.S. District Court on Monday 2026-08-17 (Judge Robert White) claiming the March 9 one-year moratorium unlawfully blocks a 100 MW data center application on the former McLouth Steel site; city had not yet responded as of Aug 25,2026-10-02,VERIFIED,3,3,https://planetdetroit.org/?p=32055; https://www.govtech.com/public-safety/data-center-developer-sues-michigan-city-over-moratorium; https://www.wxyz.com/news/data-centers/data-center-developer-sues-gibraltar-claiming-moratorium-unlawfully-halted-project,verified_batch_other.csv,,"Inventory said ""parties not stated""; plaintiffs are Raeden Acquisitions, LLC and CAL Realty, LLC; defendant City of Gibraltar; judge Robert White (U.S. District Court)."
80,L105,INCLUDED,SITE_DISPUTE,N,MO,St. Louis (Midtown),"Opponents' suit over $3B Armory data center CUP (Pate, McCullen et al. v. City of St. Louis, Board of Adjustment members and David Lambiaso)",2026-08-28,"Suit filed Friday 2026-08-28 seeking a stay and reversal of the Board of Adjustment decision denying appeals of the conditional use permit; no ruling found. Separately, Board of Aldermen passed data center zoning rules (Board Bill 49) unanimously in Sept 2026, sent to the mayor",2026-10-02,VERIFIED,4,4,https://www.stlpr.org/government-politics-issues/2026-08-29/opponents-of-st-louis-data-center-take-their-fight-to-court; https://www.firstalert4.com/2026/08/29/residents-organizations-file-lawsuit-against-proposed-midtown-data-center/; https://www.krps.org/missouri-news/2026-08-31/opponents-of-st-louis-data-center-take-their-fight-to-court; https://www.stlpr.org/government-politics-issues/2026-09-11/st-louis-data-center-rules-finally-head-to-mayor,verified_batch_other.csv,,"Filing date settled: STLPR published Saturday Aug 29, 2026 and says ""In the suit filed Friday"" = Friday Aug 28, 2026 (Aug 28, 2026 is a Friday). The 09-03 dates ""Aug 23"" and ""Aug 30"" were wrong. The case number flagged in notes as a known fabrication (attributed to Festus by a search summary) is NOT used; no real case number found on any fetched page."
81,L106,INCLUDED,SITE_DISPUTE,N,MO,Festus (Jefferson County),Wake Up JeffCo et al. v. City of Festus and CRG (rezoning and development agreement),2026-04-09,Wake Up JeffCo and four property owners filed a 12-count suit in St. Louis County on Thursday 2026-04-09 to void the Nov 2025 rezoning and the March 2026 infrastructure development agreement; suit came two days after all four incumbent council candidates were ousted in the city election; no ruling found,2026-10-02,VERIFIED,1,1,https://www.stlpr.org/government-politics-issues/2026-04-10/data-center-opposition-group-sues-city-festus-proposed-developer,verified_batch_other.csv,,"Inventory had no source URL and said no earlier note records the case; it is now sourced (STLPR, published Fri April 10, 2026, so filing = Thursday April 9, 2026). The case number flagged in notes as a known fabrication (attributed to Festus by a search summary) is NOT used; no real case number found."
82,L126,INCLUDED,SITE_DISPUTE,N,MT,Butte-Silver Bow,Kelly / 406 People First v. Butte-Silver Bow (data center ballot initiative signature deadline),2026-08-12; 2026-08-28; 2026-09-22; 2026-09-24,Suit filed Wed 2026-08-12; District Judge Frank Joseph denied ballot certification 2026-08-28; Montana Supreme Court put the initiative on the ballot (Tue) then vacated its own injunction on Thu 2026-09-24 because ballots were already printed and mailed; initiative will miss the November ballot,2026-10-02,VERIFIED,4,4,https://montanafreepress.org/2026/08/14/butte-nonprofit-sues-county-over-initiative-reversal/; https://montanafreepress.org/2026/09/01/butte-data-center-initiative/; https://montanafreepress.org/2026/09/24/butte-silver-bow-data-center-initiative-will-miss-november-ballot/; https://montanafreepress.org/2026/09/23/supreme-court-puts-data-center-initiative-back-on-ballot/,verified_batch_other.csv,,"Inventory said only ""litigation reported""; parties are Denise Kelly / 406 People First v. Butte-Silver Bow (Clerk and Recorder Cynthia Sherman named)."
83,L034,INCLUDED,LOCAL_POLICY,N,NC,Durham County,Durham County 9-month moratorium on large data centers,2026-08-24,Nine-month moratorium on new large data centers adopted 4-1 (Allam opposed the small-facility exemption); runs to May 2027,2026-08-26,VERIFIED,4,3,https://www.wunc.org/environment/2026-08-26/durham-county-data-center-moratorium; https://www.wral.com/news/local/durham-county-approves-data-center-moratorium-august-2026/; https://dconc.gov/DurhamCo-News/BOCC-Regular-Session-on-August-24-2026.htm; https://nsjonline.com/article/2026/08/data-center-moratoriums-spreading/,verified_batch_nc_ky.csv,,"Contradicted by WUNC and WRAL: June action was a UDO amendment; the moratorium adopted 2026-08-24 is nine months, 4-1. | NSJ (2026-08-06) lists Durham County as '1-year moratorium (June 2026)'. Fetched sources: 60-day pause in May, UDO amendment in June, nine-month moratorium adopted Aug 24. NSJ duration/date are wrong."
84,L035,INCLUDED,LOCAL_POLICY,N,NC,"City of Durham, NC",City of Durham data center pause,"2026-05-04 (computed: 'Monday', WRAL posted 5/4/2026)",60-day moratorium approved,2026-05-04,VERIFIED,2,2,https://wral.com/news/local/durham-city-council-data-center-meeting-may-2026; https://www.wral.com/news/local/durham-county-approves-rule-change-future-development-moratoriums-easier-june-2026/,verified_batch_nc_ky.csv,,"None on substance (12 months, through May 2027, June 2026); exact vote date only computed. | None; matches NSJ (60-day, May 2026)."
85,L036,INCLUDED,LOCAL_POLICY,N,NC,Greensboro,Greensboro 180-day moratorium (>10 MW facilities),2026-08-18,"180-day moratorium on new data centers >10 MW adopted 8-0, Mayor Pro Tem Roth recused",2026-08-19,VERIFIED,2,2,https://greensborothread.com/news/politics/greensboro-nc-data-center-moratorium-denise-roth/; https://www.rhinotimes.com/news/council-reverses-course-on-data-center-moratorium/,verified_batch_nc_ky.csv,,"Article (posted Aug 19, 2026) says the vote was 'Tuesday'; Tuesday = 2026-08-18. The fetched page does not contain the phrase 'Tuesday, August 19' cited in problems_noted. End date 2027-02-14 not stated in fetched pages; leave unconfirmed."
86,L037,INCLUDED,LOCAL_POLICY,N,NC,Alamance County,Alamance County one-year moratorium,2026-08-17,One-year moratorium adopted 5-0 after packed meeting,2026-08-18,VERIFIED,1,1,https://www.yahoo.com/news/us/articles/alamance-county-commissioners-unanimously-approve-022232895.html,verified_batch_nc_ky.csv,,"CAUTION: this page's summary bullet says similar moratoriums were 'approved in Davie, Stokes, and Forsyth counties', but its own body says Stokes voted 3-2 AGAINST a moratorium and Forsyth rejected a rezoning. Do not cite the summary line."
87,L038,INCLUDED,LOCAL_POLICY,N,NC,Charlotte,Charlotte 150-day data center moratorium and proposed 9-month extension,2026-06-08,150-day moratorium adopted unanimously; runs to early Nov 2026,2026-06-08,VERIFIED,3,3,https://www.wfae.org/politics/2026-06-08/charlotte-city-council-approves-150-day-data-center-moratorium; https://www.wfae.org/2026-09-08/charlotte-could-extend-data-center-moratorium; https://govtech.com/artificial-intelligence/charlotte-n-c-mayors-vote-chills-data-center-moratorium,verified_batch_nc_ky.csv,,The 78% survey figure was not checked. Sept 14 outcome still unverified.
88,L039,INCLUDED,LOCAL_POLICY,N,NC,Clay County,Clay County one-year moratorium,2026-01-08,Ordinance No. 01.08.2026 'Prohibiting Commercial Data Centers from Operating in Clay County' published as a legal notice,2026-01-14,PARTIALLY_VERIFIED,2,2,http://web.archive.org/web/20260114172850/https://www.claycountyprogress.com/local-newsletter/ordinance-prohibiting-commercial-data-centers-operating-clay-county; https://www.whqr.org/2026-04-01/swain-county-joins-the-list-of-wnc-communities-considering-a-temporary-ban-on-data-centers,verified_batch_nc_ky.csv,,"NSJ lists only a '1-year moratorium (September 2025)'. The case-specific source shows a later Jan 2026 PROHIBITION ordinance (No. 01.08.2026), which NSJ omits. The Sept 2025 moratorium itself is supported only by a roundup line (WHQR, below). Full ordinance text is paywalled; adoption date inferred from ordinance number only. | WARNING: web searches for 'Clay County moratorium' return Clay County FLORIDA (June 23, 2026, 4-1 vote; change.org petition). That is not this case."
89,L041,INCLUDED,SITE_DISPUTE,N,NC,Chatham County,Chatham County one-year moratorium,2026-02-11,12-month moratorium on data centers and crypto mines adopted unanimously at special meeting,2026-02-13,VERIFIED,2,2,https://www.govtech.com/products/north-carolina-county-pauses-data-center-crypto-mines; https://ncnewsline.com/?p=194980,verified_batch_nc_ky.csv,,NEW status not in inventory: moratorium partly defeated in court (developer sued in April).
90,L042,INCLUDED,LOCAL_POLICY,N,NC,Rowan County,Rowan County one-year moratorium,2026-04,One-year moratorium approved unanimously; Long Ferry Road project excluded by state law,2026-04-21,VERIFIED,1,1,https://www.wbtv.com/2026/04/21/rowan-county-commission-passes-data-center-moratorium/,verified_batch_nc_ky.csv,,"Exact vote date not printed in extracted text (article URL dated 2026-04-21). A search summary said the ordinance was 'adopted on May 4, 2026'; that was NOT confirmed in any fetched page."
91,L043,INCLUDED,LOCAL_POLICY,N,NC,Swain County,Swain County one-year moratorium,2026-03-31,Public hearing on proposed moratorium; vote set for April 21 regular meeting,2026-04-01,PARTIALLY_VERIFIED,2,2,https://www.whqr.org/2026-04-01/swain-county-joins-the-list-of-wnc-communities-considering-a-temporary-ban-on-data-centers; https://www.wunc.org/2026-05-07/ebci-passes-indefinite-moratorium-on-data-centers,verified_batch_nc_ky.csv,,"Adoption not shown in this page. Adoption article (Mountain Xpress) is 403 to curl and WebFetch; no Wayback copy. | Speaker's quote, not reporting; Apr 21 adoption date unconfirmed by any fetched page."
92,L044,INCLUDED,LOCAL_POLICY,N,NC,Orange County,Orange County one-year moratorium,2026-04,One-year moratorium on large-scale data centers adopted 6-0,2026-04-22,VERIFIED,1,1,https://www.wunc.org/environment/2026-04-22/orange-county-moratorium-data-centers,verified_batch_nc_ky.csv,,"Exact meeting date not printed in fetched text (published Apr 22, 2026); NSJ's Apr 21 is plausible but unconfirmed. WUNC 2026-08-26 says it expires April 2027."
93,L045,INCLUDED,LOCAL_POLICY,N,NC,Harnett County,Harnett County one-year moratorium,2026-05-04,One-year moratorium adopted unanimously; expires 2027-05-03,2026-05-05,VERIFIED,1,1,https://www.sanfordherald.com/archives/harnett-commissioners-approve-one-year-data-center-moratorium/article_17ded063-c0fe-548e-bab0-20cd6df6c922.html,verified_batch_nc_ky.csv,,
94,L046,INCLUDED,LOCAL_POLICY,N,NC,Northampton County,Northampton County 32-month moratorium,2026-05-04,32-month moratorium approved unanimously after residents rejected a 12-month proposal,2026-05-08,VERIFIED,1,1,https://www.northcarolinahealthnews.org/2026/05/08/northampton-data-center-moratorium/,verified_batch_nc_ky.csv,,
95,L047,INCLUDED,LOCAL_POLICY,N,NC,Eastern Band of Cherokee Indians,Eastern Band of Cherokee Indians (Qualla Boundary) indefinite moratorium,2026-05,Tribal Council passed an indefinite moratorium,2026-05-07,VERIFIED,1,1,https://www.wunc.org/2026-05-07/ebci-passes-indefinite-moratorium-on-data-centers,verified_batch_nc_ky.csv,,
96,L048,INCLUDED,LOCAL_POLICY,N,NC,Davie County,Davie County one-year moratorium,2026-07,One-year moratorium approved unanimously at packed meeting,2026-07-07,VERIFIED,1,1,https://www.wunc.org/2026-07-07/davie-county-passes-one-year-data-center-moratorium,verified_batch_nc_ky.csv,,
97,L050,INCLUDED,LOCAL_POLICY,N,NC,"Canton, NC (Haywood Co.)",Canton one-year moratorium,2026-02-11,"12-month moratorium, unanimous",2026-02-12,VERIFIED,1,1,https://www.wunc.org/2026-02-12/canton-passes-a-12-month-moratorium-on-data-centers-and-cryptocurrency-mining,verified_batch_nc_ky.csv,,"None; matches NSJ (1-yr, Feb 2026)."
98,L051,INCLUDED,LOCAL_POLICY,N,NC,"Kings Mountain, NC (Cleveland Co.)",Kings Mountain 6-month (182-day) moratorium,2026-02-24 (computed: council vote reported in WBTV story published Feb 24 11:38 PM; CBS17 says 'Tuesday'; date not printed explicitly),182-day (six-month) moratorium approved,2026-02-24,VERIFIED,2,2,https://www.wbtv.com/2026/02/25/kings-mountain-residents-share-concerns-another-data-center-is-proposed; https://cardinalpine.com/news/rural-nc-city-kings-mountain-data-centers/,verified_batch_nc_ky.csv,,"NSJ (Aug 6) says it ends late August 2026; as of Aug 5 a 12-month extension was pending. Whether it was extended or lapsed could not be confirmed. | None on adoption (Feb 2026, 182 days)."
99,L052,INCLUDED,LOCAL_POLICY,N,NC,"Boone, NC (Watauga Co.)",Boone one-year moratorium,"2026-03-23 (computed: 'Monday night', article published Mar 23)","One-year moratorium, unanimous",2026-03-23,VERIFIED,1,1,https://www.wunc.org/2026-03-23/boone-approves-data-center-development-moratorium,verified_batch_nc_ky.csv,,"None; matches NSJ corrected entry (1-yr, March 2026)."
100,L053,INCLUDED,LOCAL_POLICY,N,NC,"Clyde, NC (Haywood Co.)",Clyde one-year moratorium,2026-04-16 (computed: 'Thursday' before Apr 19 publish; not stated explicitly),"One-year moratorium, unanimous",2026-04-19,VERIFIED,1,1,https://www.themountaineer.com/news/clyde-says-no-to-data-centers-following-passionate-public-outcry/article_a9806f06-054d-4c72-95eb-976705f48d76.html,verified_batch_nc_ky.csv,,"None; matches NSJ (1-yr, April 2026). Exact date computed only."
101,L054,INCLUDED,LOCAL_POLICY,N,NC,"Apex, NC (Wake Co.)",Apex one-year moratorium,2026-04-14 (computed: 'Tuesday meeting' before Apr 15 publish),"12-month moratorium, unanimous; until April 27, 2027",2026-04-15,VERIFIED,1,1,https://indyweek.com/news/apex-approves-one-year-moratorium-on-data-centers/,verified_batch_nc_ky.csv,,"None; matches NSJ (1-yr, April 2026)."
102,L057,INCLUDED,LOCAL_POLICY,N,NC,Fayetteville,Fayetteville 120-day moratorium,2026-04-27,NSJ claim: 120-day pause (May 2026),2026-08-06,PARTIALLY_VERIFIED,2,1,https://nsjonline.com/article/2026/08/data-center-moratoriums-spreading/; https://www.cityviewnc.com/stories/fayetteville-city-council-approves-4-month-delay-in-data-center-moratorium/,verified_batch_nc_ky.csv,,"CONTRADICTS NSJ: NSJ lists Fayetteville '120-day pause (May 2026)' as a moratorium. Actual action was April 27, 2026 (not May) and was a 120-day delay before considering a moratorium, opposed by moratorium advocates. CityView June 10, 2026 (pages/cumb_cv.txt): council 'voted to regulate these projects instead of imposing a temporary ban'. Should NOT be coded as a moratorium. | Contradicted: on 2026-04-27 council voted 6-3 to delay CONSIDERING a moratorium for 120 days (CityView Apr 28), and in June 'voted to regulate these projects instead of imposing a temporary ban' (CityView Jun 10). No moratorium was enacted."
103,L059,INCLUDED,LOCAL_POLICY,N,NC,"Boiling Spring Lakes, NC (Brunswick Co.)",Boiling Spring Lakes one-year moratorium,2026-06-02 (hearing scheduled),"Proposed 12-month moratorium; public hearing June 2, 2026; adoption not confirmed by fetched text",2026-06-02,PARTIALLY_VERIFIED,1,1,https://www.cityofbsl.org/node/3299,verified_batch_nc_ky.csv,,"Adoption not confirmed. Draft ordinance PDF (pages/nc_bsl.txt) reads 'Adopted this 2nd day of June 2026' but its ordinance number and attest date are blank, i.e., an agenda draft, not a signed record."
104,L060,INCLUDED,LOCAL_POLICY,N,NC,"Holly Springs, NC (Wake Co.)",Holly Springs one-year moratorium,2026-06-16 (computed: 'Tuesday' before WRAL post 6/17/2026 12:21 AM),One-year moratorium approved,2026-06-17,VERIFIED,1,1,https://www.wral.com/news/local/holly-springs-officials-aprove-one-year-pause-data-center-development-june-2026,verified_batch_nc_ky.csv,,"None; matches NSJ (1-yr, June 2026)."
105,L061,INCLUDED,LOCAL_POLICY,N,NC,"Hillsborough, NC (Orange Co.)",Hillsborough one-year moratorium,,"60-day moratorium, unanimous; one-year extension NOT confirmed by fetched text",2026-06-18,PARTIALLY_VERIFIED,1,1,https://dailytarheel.com/377149/city-state/city-orange-county-data-centers/,verified_batch_nc_ky.csv,,"Earlier 60-day pause confirmed (consistent with NSJ 'after an earlier short pause'). One-year extension (NSJ: June 2026) NOT verified: legal notice (newsoforange.com HTTP 410), Chapelboro (403; Wayback 429), GatherGov (403) unavailable. Search snippets claim 60-day adopted May 27 and a June 22 hearing on the 1-yr extension - unverified."
106,L062,INCLUDED,LOCAL_POLICY,N,NC,"Asheville, NC (Buncombe Co.)",Asheville one-year moratorium (unanimous),2026-06-23,"One-year moratorium, unanimous",2026-06-23,VERIFIED,1,1,https://wlos.com/news/local/asheville-city-council-approves-1-year-pause-moratorium-new-ai-data-center-development-western-north-carolina-industry-neighborhoods-community-residents,verified_batch_nc_ky.csv,,"None; matches NSJ (1-yr, June 2026, unanimous)."
107,L063,INCLUDED,LOCAL_POLICY,N,NC,"Franklin, NC (Macon Co.)",Franklin one-year moratorium,2026-07-06,"One-year moratorium, unanimous",2026-07-12,VERIFIED,1,1,https://hoodline.com/2026/07/franklin-slams-brakes-on-data-centers-with-one-year-building-timeout/,verified_batch_nc_ky.csv,,"None; matches NSJ (1-yr, July 2026)."
108,L064,INCLUDED,LOCAL_POLICY,N,NC,Watauga County,Watauga County data center moratorium/pause,2026-04-21,One-year moratorium passed unanimously,2026-04-24,VERIFIED,1,1,https://www.wataugademocrat.com/news/county-commissioners-pass-a-one-year-data-center-moratorium-for-watauga-county/article_012ca886-b088-4aee-8321-6b0f851fcdca.html,verified_batch_nc_ky.csv,,"Inventory had no date/details; now Apr 21, 2026 (page: 'During the April 21 meeting')."
109,L065,INCLUDED,LOCAL_POLICY,N,NC,Surry County,Surry County data center moratorium/pause,2026-07,"Two-year moratorium approved unanimously, extending a 60-day pause enacted in June",2026-07-21,VERIFIED,1,1,https://www.wunc.org/2026-07-21/surry-county-enacts-two-year-data-center-development-moratorium,verified_batch_nc_ky.csv,,Inventory had no details; now: 60-day pause (June 2026) then two-year moratorium (July 2026).
110,L066,INCLUDED,LOCAL_POLICY,N,NC,Cumberland County,Cumberland County data center moratorium/pause,2026-06-15,"Six-month moratorium for unincorporated areas adopted 7-0; expires Dec 15, 2026",2026-06-16,VERIFIED,1,1,https://www.cityviewnc.com/stories/cumberland-county-enacts-6-month-data-center-moratorium/,verified_batch_nc_ky.csv,,"WARNING: searches return Cumberland County TENNESSEE (2-year moratorium, June 15, 2026, County Mayor Allen Foster, 1025wowcountry.com). That is not this case."
111,L068,INCLUDED,LOCAL_POLICY,N,NC,Waxhaw,Waxhaw data center moratorium/pause,2026-08-11,Year-long moratorium approved unanimously,2026-08-13,VERIFIED,1,1,https://www.wbtv.com/2026/08/13/town-waxhaw-unanimously-approved-12-month-moratorium-data-centers/,verified_batch_nc_ky.csv,,"WBTV text is internally inconsistent: lede says 'Tuesday night', body says Aug. 11 (a Tuesday in 2026 is Aug 11 - consistent)."
112,L070,INCLUDED,LOCAL_POLICY,N,NC,Yadkin County,Yadkin County data center moratorium/pause,2026-08-17,Two-year moratorium (unincorporated areas) approved 5-0 after hearing; original proposal was 12 months,2026-08-18,VERIFIED,1,1,https://www.yadkinripple.com/news/moratorium-approved-for-yadkin-county-as-potential-yadkinville-data-center-project-announced/article_485d48fb-c61b-4167-b885-3d469e9a6bbe.html,verified_batch_nc_ky.csv,,Inventory had no details. WUNC 2026-08-24: two Yadkinville (town) data center projects are not covered by the county moratorium.
113,L071,INCLUDED,LOCAL_POLICY,N,NC,Mount Airy,Mount Airy data center moratorium/pause,2026-07,60-day moratorium approved unanimously,2026-07-16,VERIFIED,1,1,https://www.wunc.org/2026-07-16/mount-airy-joins-growing-list-of-communities-pausing-data-center-development,verified_batch_nc_ky.csv,,Inventory had no details. 60 days from July 2026 would lapse in Sept 2026 unless extended - current status unknown.
114,L072,INCLUDED,LOCAL_POLICY,N,NC,Statesville,Statesville data center action,2026-09-14,180-day moratorium approved unanimously on second reading,2026-09-15,VERIFIED,1,1,https://wbtv.com/2026/09/15/statesville-unanimously-approves-180-day-moratorium-data-centers-what-we-know,verified_batch_nc_ky.csv,,"Inventory had 'named as in play' only; now adopted Sept 14, 2026 (first reading in August)."
115,L073,INCLUDED,SITE_DISPUTE,N,NC,Lee County; Sanford,Lee County and Sanford add data-center language to UDOs instead of moratoria,2026-04,Lee County and Sanford adopted data-center UDO amendments instead of a moratorium,2026-04-30,VERIFIED,2,2,https://www.sanfordherald.com/archives/chamber-chat-sanford-and-lee-county-adopt-new-rules-for-data-denters/article_7ae4ad9c-1f1e-5808-b127-63eaea4c451e.html; https://rantnc.com/2026/04/08/commissioners-hear-proposed-data-center-standards/,verified_batch_nc_ky.csv,,"Adds history: Lee County first voted (March) to draft a moratorium, then switched to UDO standards. | Chamber-of-commerce opinion column (Apr 30, 2026), not reporting; adoption date not stated."
116,L074,INCLUDED,SITE_DISPUTE,N,NC,Stokes County,Stokes County: approved project amid opposition and litigation; rejected 6-month moratorium,2026-07-13,Commissioners rejected a six-month moratorium recommended by the planning board; earlier approval (January) voided after legal challenge,2026-07-14,VERIFIED,1,1,https://www.wunc.org/2026-07-14/stokes-commission-rejects-six-month-data-center-moratorium,verified_batch_nc_ky.csv,,"Published July 14, 2026; 'meeting Monday night' = 2026-07-13. Yahoo/WFMY says vote was 3-2 (Project Delta). NSJ's 'approved a project amid opposition and a lawsuit' is out of date: WUNC says the January approval 'was later voided after a legal challenge'."
117,L075,INCLUDED,SITE_DISPUTE,N,NC,Forsyth County,Forsyth County rejects AI data center rezoning,2026-07,Rezoning for 'Project Iron Spur' hyperscale campus in Rural Hall rejected 5-2,2026-07-30,VERIFIED,1,1,https://www.wunc.org/2026-07-30/forsyth-commission-votes-down-rural-hall-data-center-proposal,verified_batch_nc_ky.csv,,
118,L076,INCLUDED,LOCAL_POLICY,N,NC,Edgecombe County,Vance and Edgecombe counties considered but did not enact moratoria,2026-08-03,Two-year moratorium adopted 5-0,2026-08-06,VERIFIED,4,3,https://soundrivers.org/edgecombe-co-passes-2-year-data-center-moratorium/; https://www.rockymounttelegram.com/news/local/company-that-eyed-land-for-data-center-withdraws-its-offer/article_9d13d619-4014-45b4-9c83-ce5837f84e45.html; https://www.datacenterdynamics.com/en/news/officials-in-north-carolina-county-give-ok-for-rezoning-potential-data-center-incoming/; https://nsjonline.com/article/2026/08/data-center-moratoriums-spreading/,verified_batch_nc_ky.csv,,"CONTRADICTS NSJ (2026-08-06), which says Edgecombe 'considered proposals but have not enacted' a moratorium. Posted Aug 6, 2026, so 'Monday night' = Aug 3; Rocky Mount Telegram (Jul 14) confirms the moratorium was to be taken up at the Aug. 3 meeting. Source is an advocacy group (Sound Rivers); seek county minutes. | Consistent with NSJ (no Vance moratorium found). | Contradicted for Edgecombe: 5-0 vote for a two-year moratorium on Monday 2026-08-03 (Sound Rivers; Rocky Mount Telegram set the Aug. 3 agenda), three days before NSJ published. Claim still holds for Vance."
119,L077,INCLUDED,LOCAL_POLICY,N,NC,"Raleigh, NC",Raleigh six-month moratorium hearing,2026-09-15 (computed: 'Tuesday' before Sept 16 publish),Council directed city attorney to draft six-month moratorium; discussion/possible vote Oct. 6 - PENDING as of 2026-10-02,2026-09-16,VERIFIED,1,1,https://www.wfae.org/2026-09-16/raleigh-cary-data-center-moratorium,verified_batch_nc_ky.csv,,None; status still pending (Oct 6 has not occurred). Not an adopted moratorium.
120,N-NC-Cary,INCLUDED,LOCAL_POLICY,N,NC,"Cary, NC (Wake Co.)","Cary, NC (Wake Co.) data center action (new lead, not in inventory)",2026-08-27 (computed: 'Thursday evening' before Fri Aug 28 publish),"18-month moratorium, unanimous; through February 2028",2026-08-28,VERIFIED,1,1,https://abc11.com/post/cary-approves-18-month-moratorium-data-centers-amid-growth-concerns/19748618/,verified_batch_nc_ky.csv,,Not in NSJ list (postdates it).
121,N-NC-NashCounty,INCLUDED,LOCAL_POLICY,N,NC,Nash County,"Nash County data center action (new lead, not in inventory)",2026-09-08,"Countywide moratorium (unincorporated areas) until June 30, 2027",2026-09-09,VERIFIED,1,1,https://www.rockymounttelegram.com/news/local/nash-county-enacts-temporary-moratorium-on-data-centers/article_4d5364c9-c321-4c2a-8364-b516b4073cdc.html,verified_batch_nc_ky.csv,,"Not in inventory. Vote 'Tuesday' per article dated Sep 9, 2026 = Sep 8 (computed). Page also says towns of Nashville, Bailey and Whitakers have moratoriums (unverified)."
122,L119,INCLUDED,STATEWIDE_POLICY,N,NH,statewide; Bow,New Hampshire: Gov. Ayotte opposes potential Bow hyperscale data center and plans statewide moratorium in budget,2026-09-02,Ayotte said (Wed 2026-09-02) she opposes any data center in NH including the potential Bow facility and will include a likely multi-year moratorium in her budget (effective no earlier than July 2027); House Democrats announced plans for a 24-month moratorium bill for the 2027 session; Eversource feasibility study for Granite Shore Power at the former Bow coal plant,2026-10-02,VERIFIED,1,1,https://www.nhpr.org/nh-news/2026-09-02/ayotte-opposes-potential-bow-data-center-plans-to-propose-moratorium-on-data-centers-in-state,verified_batch_other.csv,,"Inventory recorded no URLs; NHPR URL now recorded. Not confirmed on the fetched page: LSR 2027-0002 / LSR 2027-0048, the 30 MW threshold, Warmington's day-one EO pledge, Shaheen's compensation call, and the ""Merrimack Station 350 MW"" label (NHPR says only ""the former coal-fired power plant in the town that ceased operation last year""; site and size not shared by officials). The note's ""if reelected"" framing is not in NHPR; it says Ayotte ""is running for re-election""."
123,L107,INCLUDED,SITE_DISPUTE,N,NV,Washoe County,NV Energy v. Tract (Washoe County Second Judicial District Court),2026-07-24,"NV Energy sued Tract (filed Friday 2026-07-24, partly under seal) to keep a power-supply dispute before the PUCN rather than private arbitration; no ruling found",2026-10-02,VERIFIED,3,1,https://thenevadaindependent.com/article/nevadas-electric-utility-is-suing-a-major-data-center-company-heres-why; https://www.documentcloud.org/documents/28516468-260724-complaint-for-declaratory-and-injunctive-relief-redacted/; https://thisisreno.com/2026/07/nv-energy-data-center-lawsuit/,verified_batch_other.csv,,"Filing date settled as Friday July 24, 2026: the article metadata gives published_time 2026-07-28 (a Tuesday) and the text says ""filed Friday""; the linked DocumentCloud complaint is titled ""260724-complaint-for-declaratory-and-injunctive-relief-redacted"". July 26 (a Sunday) and July 28 (a Tuesday, the article date) are wrong; ""Friday, July 28"" is impossible. Judge Scott Freeman is NOT named in the fetched article; treat as unverified. No case number found."
124,L011,INCLUDED,LOCAL_POLICY,N,OH,Cleveland,Cleveland three-month standalone data center moratorium,2026-07-15,"City Council approved 14-1 on 2026-07-15; three-month pause on new standalone principal-use data centers, scheduled through 2026-10-16, extendable up to three more months; no extension found as of 2026-10-02",2026-10-02,VERIFIED,3,3,https://www.clevelandohio.gov/news/cleveland-city-council-approves-temporary-pause-new-standalone-data-centers; https://www.cleveland19.com/2026/07/16/3-month-long-moratorium-put-data-centers-cleveland/; https://signalcleveland.org/cleveland-data-center-moratorium-city-council/,verified_batch_other.csv,,
125,L012,INCLUDED,SITE_DISPUTE,N,OH,statewide,"Citizen-led Ohio constitutional amendment to ban large data centers (""Prohibition of Construction of a Data Center"")",2026-03 (AG certification); 2026-06 (signature drive fell short),"AG Yost certified petition summary (March 2026); Ohio Ballot Board unanimously certified it as a single amendment (early April 2026); sponsors (Conserve Ohio / Ohio Residents for Responsible Development) did not reach 413,000 signatures for the July 1 deadline and will not appear on the Nov 3, 2026 ballot; aiming for 2027",2026-10-02,VERIFIED,3,3,https://ohiocapitaljournal.com/?p=37997; https://www.vindy.com/news/local-news/2026/06/voter-issue-on-banning-data-centers-in-ohio-falls-short-of-signatures-for-this-fall/; https://wfin.com/local-news/amendment-to-ban-data-centers-in-ohio-falls-short-of-signatures/,verified_batch_other.csv,,"Inventory said ""effort reported as underway"" with no URL; the November 2026 attempt has since failed (see next row)."
126,L109,INCLUDED,STATEWIDE_POLICY,N,PA,statewide,Pennsylvania Executive Order 2026-05 'Protecting Pennsylvania Consumers from Data Center Impacts' (GRID requirements),2026-08-18,Signed 2026-08-18; GRID requirements for >25 MW projects via permitting; NDAs barred for agencies under the Governor's jurisdiction; data centers removed from PA Permit Fast Track; creates no enforceable rights,2026-10-02,VERIFIED,3,3,https://www.pa.gov/content/dam/copapwp-pagov/en/governor/documents/eo2026_05_protecting%20pennsylvania%20consumers%20from%20data%20center%20impacts_final_executed.pdf; https://www.inquirer.com/politics/pennsylvania/josh-shapiro-data-center-order-20260818.html; https://www.pa.gov/governor/newsroom/2026-press-releases/gov--shapiro-s-remarks-at-signing-ceremony-for-an-exec--order-on,verified_batch_other.csv,,"Note says the EO ""bans NDAs""; the text limits this to agencies under the Governor's jurisdiction. EO dated August 18, 2026 (confirmed)."
127,L110,INCLUDED,SITE_DISPUTE,N,PA,Middlesex Township (Cumberland County),Stop PAX-1 challenges to the PAX-1 (Pennsylvania Digital 1 / Project Bolt) data center campus,2026-09-02,Supervisors approved first phase (seven agenda items) on Wednesday 2026-09-02 despite opposition; Stop PAX-1 has filed two county-court challenges and an Environmental Hearing Board appeal; first court hearing Sept 16 (outcome not found),2026-10-02,VERIFIED,3,2,https://www.witf.org/2026/09/03/middlesex-township-approves-first-phase-of-controversial-pax-1-data-center-project/; https://padatacenters.org/middlesex/; https://www.fox43.com/article/news/investigations/middlesex-township-approves-first-six-pax-1-data-centers-despite-opposition/521-17442772-4c15-45e3-93a2-947887d44c9d,verified_batch_other.csv,,"Inventory recorded no URL; WITF URL now recorded. The Aug 6 and Aug 13 filing dates, Judge Matthew P. Smith show-cause order and Sept 18 oral argument were NOT found on any fetched page; leave them unverified. Developer name: inventory says ""Carlisle Development Partners""; WITF names the developer ""Pennsylvania Data Center Partners"". The ""$15B"" figure appears only as a cited 2025 PennLive headline on the padatacenters.org tracker."
128,L111,INCLUDED,SITE_DISPUTE,N,PA,Salem Township (Luzerne County),Salem Township Sunshine Act ruling (eight pro se residents) on Salem 3 data center overlay,2026-08-25,Judge Lesa S. Gelb ruled verbally Tuesday 2026-08-25 that the Planning Commission violated the Sunshine Act and ordered a new meeting; Commission re-voted 4-0-1 on Thursday 2026-08-27 to recommend the overlay; matter goes to Board of Supervisors (October meeting reported); a reported third vote could not be confirmed from a fetched page,2026-10-02,VERIFIED,5,4,https://www.timesleader.com/news/1753113/about:blank; https://www.timesleader.com/news/1753399/about:blank; https://justthenews.com/nation/states/center-square/eight-residents-without-lawyer-win-sunshine-act-case-data-center-hotbed; https://www.timesleader.com/news/1753304/about:blank; https://www.yourwyominglink.com/after-sunshine-act-violation-township-plans-third-try-at-data-center-vote/article_7e79f359-3fd7-5601-8420-4486622568b4.html,verified_batch_other.csv,,"Ruling date settled: Tuesday Aug 25, 2026 (Times Leader dated Aug 25; Just The News: ""on Tuesday""); Aug 26 is wrong. Original meeting date is NOT settled: this Times Leader article says July 13, while Times Leader Aug 28 says ""first approved on July 23"". July 23, 2026 was a Thursday (the Commission's usual meeting day); July 13 was a Monday. Leave unresolved. The note's ""re-voted 2-1 Aug 27"" is wrong: the Aug 27 re-vote was 4-0-1; 2-1 is the reported July vote (search snippet only, not on a fetched page)."
129,L114,INCLUDED,SITE_DISPUTE,N,SC,Spartanburg County,"SC PSC Docket No. 2026-158-E: Concerned Citizens of Spartanburg County and Southern Alliance for Clean Energy v. Valara Holdings, LLC",2026-08-27; 2026-09-14,"PSC directive 2026-08-27; Order No. 2026-525 (2026-09-14) granted Valara's motion to dismiss for lack of jurisdiction (Siting Act does not apply to private, behind-the-meter ~450 MW plant that will not export power); petitioners filed petition for reconsideration/rehearing 2026-09-24; Valara response filed 2026-10-02",2026-10-02,VERIFIED,2,2,https://dms.psc.sc.gov/Attachments/Order/c8730649-0d5d-4eb6-b783-a31c09a12484; https://dms.psc.sc.gov/Web/Dockets/Detail/119739,verified_batch_other.csv,,"Note (09-07) said the docket was ""still open with Sept 3 orders"" and the order text was not extracted. The Aug 27 directive was memorialized in Order No. 2026-525 dated September 14, 2026, granting dismissal. Petition filed with PSC June 22, 2026; Valara motion to dismiss July 27, 2026."
130,L115,INCLUDED,SITE_DISPUTE,N,SC,Spartanburg County,"Concerned Citizens of Spartanburg County / SACE (SELC) suit over Valara data center ""minor land development"" permit",2026-07,SELC filed suit in state circuit court (announced 2026-07-07) seeking declaration that the county must require a major land development permit before the Planning Commission; request for temporary injunction to halt construction reported 2026-08-20; no ruling found,2026-10-02,VERIFIED,3,3,https://www.selc.org/press-release/groups-ask-court-to-require-spartanburg-county-to-provide-transparent-review-of-proposed-data-center/; https://www.foxcarolina.com/2026/08/20/environmental-group-files-court-order-stop-spartanburg-county-data-center-project/; https://www.wspa.com/news/valara-data-center-lawsuit-hearing/amp/,verified_batch_other.csv,,"The July 6 filing date was not confirmed; SELC release is dated July 7, 2026. The fetched release says ""permanent injunction"" (the temporary-injunction request came later, per Fox Carolina Aug 20). | This WSPA page covers the PSC hearing (L114), not the circuit-court suit; previously reported as 403, now fetched OK."
131,L108,INCLUDED,SITE_DISPUTE,N,TN,Nashville (Davidson County),"DCB Nashville, LLC v. Metropolitan Government of Nashville and Davidson County, No. 3:26-cv-01143 (M.D. Tenn.)",2026-08-11,"DC BLOX subsidiary filed Sec. 1983 complaint 2026-08-11 challenging moratorium BL2026-1448 (signed 2026-07-24, bars data center development until Dec. 1) and zoning ordinance BL2026-1391; Metro Council separately approved eminent-domain measure for the site (Aug 4); no court ruling found",2026-10-02,VERIFIED,2,2,https://www.wkrn.com/wp-content/uploads/sites/73/2026/08/DC-Blox-v-Metro-Nashville.pdf; https://www.brushwoodmedianetwork.com/tennessee/news-tennessee/nashville-facing-legal-challenge-to-data-center-moratorium/,verified_batch_other.csv,,"Confirms filing 08/11/26 (09-03 ""reported Aug 12"" was the news date, not filing date). The $23M purchase IS in the complaint (""$23,000,000""); the 09-04 note said it was not seen."
132,L025,INCLUDED,STATEWIDE_POLICY,N,TX,statewide,Gov. Abbott statewide data center audit / de facto approval freeze (PUCT/ERCOT),2026-08-03,PUCT/ERCOT ordered to audit data centers seeking grid connection before any project moves forward; about 250-300 projects in first batch,2026-10-02,VERIFIED,1,1,https://gov.texas.gov/news/post/governor-abbott-directs-comprehensive-data-center-audit,verified_batch_south.csv,,ERCOT's 2026-12-10 completion date is not confirmed: the KERA 08-21 URL now redirects (301) to kera.org/news and has no Wayback copy.
133,L026,INCLUDED,LOCAL_POLICY,N,TX,Fort Worth,Fort Worth 90-day data center moratorium process + Data Center & Infrastructure Committee,2026-08-11,Council unanimously approved the first step toward a 90-day moratorium; application rules and the advisory committee each passed 10-1,2026-10-02,VERIFIED,1,1,https://fortworthreport.org/2026/08/12/data-center-moratorium-takes-first-steps-after-fort-worth-city-councils-unanimous-vote/,verified_batch_south.csv,,"The body is a 'Committee' (Data Center & Infrastructure Committee), not a 'Commission'. Effective date ~2027-02-16 not confirmed."
134,L027,INCLUDED,SITE_DISPUTE,N,TX,San Marcos,San Marcos citywide data center prohibition,2026-06-16,Council voted 4-3 to prohibit data centers in all zoning districts (after a 3-4 failure on 2026-04-21); followed a fight over the Highlander SM One proposal,2026-10-02,VERIFIED,1,1,https://communityimpact.com/austin/san-marcos-buda-kyle/government/2026/06/17/san-marcos-council-votes-to-prohibit-data-centers-in-all-zoning-districts/,verified_batch_south.csv,,'Ordinance 2026-08' does not appear in any fetched source. Treat that number as unverified and leave it blank.
135,L028,INCLUDED,SITE_DISPUTE,N,TX,Hill County,Hill County moratorium rescinded after RCM Hill LLC federal suit ('Project Aquila'),2026-05-12; 2026-05-27; 2026-06-04; 2026-07-09,"Moratorium 3-2 (May 12); RCM Hill sued in U.S. District Court, W.D. Tex. (May 27); county unanimously rescinded at a special meeting Thursday June 4 and adopted a checklist; RCM Hill filed a Stipulation of Dismissal with Prejudice July 9; county agreed to pay $100,000 in legal fees",2026-10-02,VERIFIED,3,3,https://www.kwtx.com/2026/06/04/hill-county-commissioners-court-rescinds-moratorium-data-center-wake-lawsuit/; https://www.kwtx.com/2026/07/15/hill-county-dropped-its-data-center-ban-after-100-million-lawsuit-now-developer-has-dismissed-case/; https://www.texastribune.org/2026/06/05/texas-hill-county-moratorium-rescinded-data-centers/,verified_batch_south.csv,,"RESCISSION DATE SETTLED: June 4, 2026. KWTX published 3:01 PM June 4 reporting the vote 'on Thursday', and June 4, 2026 is a Thursday. Route Fifty's June 5 date is a reprint of the Texas Tribune's June 5 story ('on Thursday'). '~June 10' is the K&L Gates publication date ('last week'). Also, the Texas Tribune says the suit was filed 'in federal court in Austin' while KWTX says Waco; both are in W.D. Tex. and the division is unconfirmed. | Says 'federal court in Austin' (vs KWTX 'Waco')."
136,L029,INCLUDED,SITE_DISPUTE,N,TX,Tom Green County,Tom Green County drops planned moratorium after Hill County suit,2026-06-02,Commissioners Court chose not to advance a 12-month moratorium on 2026-06-02 after Beacon Data Centers presented its Westline/Dove Creek site; cited legal authority and the Hill County $100M suit,2026-10-02,VERIFIED,1,1,https://sanangelolive.com/news/county/2026-06-02/tom-green-county-commissioners-reject-data-center-moratorium,verified_batch_south.csv,,"Notes had no date and relied on one MultiState source. Now dated 2026-06-02 with a local news source, and the site is named (Beacon Westline / Dove Creek Technology Campus)."
137,L030,INCLUDED,LOCAL_POLICY,N,TX,Hood County,Hood County rejects countywide moratorium after state senator's warning,2026-02-10,Commissioners voted 3-2 against a 6-month moratorium after Sen. Bettencourt's letter; failed,2026-10-02,VERIFIED,1,1,https://www.texastribune.org/2026/02/10/texas-hood-county-rejects-data-center-development-pause-ai/,verified_batch_south.csv,,Notes say it 'rejected two attempts'. The fetched Tribune article reports one 3-2 vote; a second attempt is not confirmed.
138,L122,INCLUDED,STATEWIDE_POLICY,N,UT,statewide,Utah Executive Order 2026-03 'Higher Bar for Data Center Development' (Stratos/MIDA),2026-05-29,"EO in effect; agencies told to coordinate with MIDA, UIPA and local governments; it does not bind MIDA",2026-10-02,VERIFIED,1,1,https://rules.utah.gov/wp-content/uploads/Utah-Executive-Order-No.-2026-03.pdf,verified_batch_south.csv,,"EO title is 'Establishing a Higher Bar for Data Center Development in Utah' and it is signed 'the 29th day of May, 2026'. The 'no binding water applications on file' claim was not checked."
139,L120,INCLUDED,SITE_DISPUTE,N,VA,Prince William County,Prince William Digital Gateway rezonings voided (Oak Valley HOA et al.; Board of County Supervisors / GW Acquisition (QTS) / H&H Capital (Compass) appeals),2025-09-15; 2026-03-31; 2026-07-02,"Trial court (Judge Kimberly A. Irving, CL24-375) voided the three rezonings ab initio, final order effective 2025-09-15; Court of Appeals affirmed 2026-03-31 (Record Nos. 1584-25-4, 1590-25-4, 1592-25-4); county and Compass withdrew; QTS withdrew its Supreme Court of Virginia appeal Thursday 2026-07-02, ending the project",2026-10-02,VERIFIED,3,3,https://www.vacourts.gov/static/opinions/opncavwp/1584254.pdf; https://wtop.com/?p=29400462; https://www.fox5dc.com/news/qts-drops-appeal-ending-plans-massive-prince-william-county-data-center,verified_batch_other.csv,,"Trial-court date: the opinion says the final order ""was made effective September 15, 2025"" and mentions a ""lengthy letter opinion"" without dating it; the Aug 7, 2025 letter-opinion date remains news-sourced (WTOP says ""last August"")."
,L003,EXCLUDED,SITE_DISPUTE,N,AZ,statewide,Arizona 3-year pause on state data-center tax exemptions (FY2026 budget),2026-06-09,Budget deal announced 2026-06-09; budget took effect July 1; pause covers new applications and renewals,2026-10-02,VERIFIED,1,0,https://www.azfamily.com/2026/06/10/arizona-budget-deal-includes-3-year-pause-data-center-tax-exemptions/,verified_batch_south.csv,no fetched source meeting the inclusion rule,"Notes had no URL. A search summary said Hobbs signed it on June 15, 2026; I did not confirm the signing date from a fetched page."
,L017,EXCLUDED,SITE_DISPUTE,N,GA,Coweta County,Coweta County 'Project Pegasus' and 'Bridgeport' proposals,,"Pegasus: DRI done Feb 2024, needs rezoning, no hearing scheduled; Bridgeport: DRI forms submitted April 2026 (as of 2026-06-02)",2026-10-02,VERIFIED,1,0,https://www.times-herald.com/data_center/where-cowetas-five-proposed-data-centers-stand/article_55ee204a-0e00-43e4-9ad1-78c92b679d06.html,verified_batch_south.csv,no fetched source meeting the inclusion rule,
,L021,EXCLUDED,LOCAL_POLICY,N,GA,Cherokee County,"Cherokee County moratorium (30-day, extended 180 days)",2026-07-21; 2026-08-18,30-day moratorium approved unanimously 2026-07-21; extended by 180 days (unanimous) on the Tuesday before 2026-08-20; no pending data center applications,2026-10-02,VERIFIED,1,0,https://www.wsbtv.com/news/local/cherokee-county/data-center-moratorium-more-than-doubled-after-metro-atlanta-commission-vote/AXUQYR3EQZCVFCYTB6JZCZ7VME/,verified_batch_south.csv,no fetched source meeting the inclusion rule,
,L129,EXCLUDED,SITE_DISPUTE,N,IL,statewide,Illinois Gov. Pritzker pause on new data center tax incentive agreements,2026-06-05,"Announced Friday 2026-06-05; DCEO directed to pause new Data Center Investment Program agreements from July 1, 2026; reforms sought in fall veto session",2026-10-02,VERIFIED,1,0,https://capitolnewsillinois.com/news/gov-jb-pritzker-to-suspend-tax-breaks-for-data-centers-urging-more-discussion/,verified_batch_other.csv,no fetched source meeting the inclusion rule,"Inventory says ""proposal only""; it was implemented as an executive direction effective July 1, 2026 (announced June 5, 2026)."
,L086,EXCLUDED,SITE_DISPUTE,N,KY,"Boyle County, KY",Boyle County data center moratorium,,,,UNVERIFIED,1,0,,verified_batch_nc_ky.csv,no fetched source meeting the inclusion rule,"Tracker claim (Resolution 2026.06.09, 12 months, 2026-06-09) could not be confirmed; searches returned only Boyd County material."
,L099,EXCLUDED,SITE_DISPUTE,N,KY,"Jessamine County, KY",Jessamine County data center moratorium (named in passing),,Judge-Executive says county weighing a moratorium (expected 3-6 months),2026-07-10,UNVERIFIED,1,0,https://www.wkyt.com/2026/07/10/jessamine-county-weighs-data-center-moratorium/,verified_batch_nc_ky.csv,no fetched source meeting the inclusion rule,"Adoption not confirmed; tracker says 12-month moratorium adopted 2026-08-04, not found in any fetched page."
,L101,EXCLUDED,SITE_DISPUTE,N,KY,"Madison County, KY",Madison County data center moratorium (named in passing),,,,UNVERIFIED,1,0,,verified_batch_nc_ky.csv,no fetched source meeting the inclusion rule,
,N-KY-BooneCounty,EXCLUDED,SITE_DISPUTE,N,KY,Boone County (tracker KY entry),"Boone County (tracker KY entry) data center action (new lead, not in inventory)",2026-06-15,"Board of Commissioners approved Ordinance 2026-08 one-year data center moratorium; this is Boone County, INDIANA",,DO_NOT_USE,1,0,https://boonecounty.in.gov/wp-content/uploads/2026/08/Approved-6.15.2026-Commissioners-Meeting-minutes.pdf,verified_batch_nc_ky.csv,no fetched source meeting the inclusion rule,"Tracker lists Boone County under Kentucky (Board of Commissioners, 2026-06-15, 12 months); details match Boone County, Indiana (Lebanon, IN minutes). Kentucky Boone County is governed by a Fiscal Court. Treat tracker KY entry as misattributed unless a KY source is found."
,N-KY-BoydCounty,EXCLUDED,SITE_DISPUTE,N,KY,"Boyd County, KY","Boyd County, KY data center action (new lead, not in inventory)",,"Moratorium set to pass next week (as of Jul 17, 2026)",2026-07-17,PARTIALLY_VERIFIED,1,0,https://www.dailyindependent.com/news/greenup-county-places-moratorium-on-data-centers-hall-on-terawulf-not-included-in-the-pause/article_085b0070-ecdb-412f-90a6-f3ab60ae11f9.html,verified_batch_nc_ky.csv,no fetched source meeting the inclusion rule,
,N-KY-CallowayCounty,EXCLUDED,SITE_DISPUTE,N,KY,"Calloway County (pending), KY","Calloway County (pending), KY data center action (new lead, not in inventory)",,Listed in tracker summary table,2026-09-23,UNVERIFIED,1,0,https://mjbommar.github.io/moratorium-data-2026/states/kentucky.html,verified_batch_nc_ky.csv,no fetched source meeting the inclusion rule,
,N-KY-CaveCity,EXCLUDED,LOCAL_POLICY,N,KY,"Cave City (city), KY","Cave City (city), KY data center action (new lead, not in inventory)",,One-year moratorium passed (roundup mention),2026-06,PARTIALLY_VERIFIED,1,0,https://www.route-fifty.com/artificial-intelligence/2026/06/some-kentucky-counties-and-cities-are-hitting-pause-on-data-centers/414053/,verified_batch_nc_ky.csv,no fetched source meeting the inclusion rule,
,N-KY-HarrisonCounty,EXCLUDED,SITE_DISPUTE,N,KY,"Harrison County, KY","Harrison County, KY data center action (new lead, not in inventory)",,Listed in tracker summary table,2026-09-23,UNVERIFIED,1,0,https://mjbommar.github.io/moratorium-data-2026/states/kentucky.html,verified_batch_nc_ky.csv,no fetched source meeting the inclusion rule,
,N-KY-HendersonCounty,EXCLUDED,SITE_DISPUTE,N,KY,"Henderson County (wind, not data center), KY","Henderson County (wind, not data center), KY data center action (new lead, not in inventory)",,Listed in tracker summary table,2026-09-23,UNVERIFIED,1,0,https://mjbommar.github.io/moratorium-data-2026/states/kentucky.html,verified_batch_nc_ky.csv,no fetched source meeting the inclusion rule,
,N-KY-Kentucky,EXCLUDED,SITE_DISPUTE,N,KY,Kentucky (tracker page),"Kentucky (tracker page) data center action (new lead, not in inventory)",,Tracker page fetched; now states it is current through 2026-09-23 (not 2026-08-19),2026-10-02,PARTIALLY_VERIFIED,1,0,https://mjbommar.github.io/moratorium-data-2026/states/kentucky.html,verified_batch_nc_ky.csv,no fetched source meeting the inclusion rule,"Tracker currency date is 2026-09-23, later than the 2026-08-19 assumed in the brief; several entries were updated (e.g., London, Mercer)."
,N-KY-LoganCounty,EXCLUDED,SITE_DISPUTE,N,KY,"Logan County, KY","Logan County, KY data center action (new lead, not in inventory)",,Listed in tracker summary table,2026-09-23,UNVERIFIED,1,0,https://mjbommar.github.io/moratorium-data-2026/states/kentucky.html,verified_batch_nc_ky.csv,no fetched source meeting the inclusion rule,
,N-KY-LouisvilleMetro,EXCLUDED,SITE_DISPUTE,N,KY,"Louisville Metro, KY","Louisville Metro, KY data center action (new lead, not in inventory)",,Listed in tracker summary table,2026-09-23,UNVERIFIED,1,0,https://mjbommar.github.io/moratorium-data-2026/states/kentucky.html,verified_batch_nc_ky.csv,no fetched source meeting the inclusion rule,
,N-KY-LyonCounty,EXCLUDED,SITE_DISPUTE,N,KY,"Lyon County, KY","Lyon County, KY data center action (new lead, not in inventory)",,Listed in tracker summary table,2026-09-23,UNVERIFIED,1,0,https://mjbommar.github.io/moratorium-data-2026/states/kentucky.html,verified_batch_nc_ky.csv,no fetched source meeting the inclusion rule,
,N-KY-MontgomeryCounty,EXCLUDED,SITE_DISPUTE,N,KY,"Montgomery County (pending), KY","Montgomery County (pending), KY data center action (new lead, not in inventory)",,Listed in tracker summary table,2026-09-23,UNVERIFIED,1,0,https://mjbommar.github.io/moratorium-data-2026/states/kentucky.html,verified_batch_nc_ky.csv,no fetched source meeting the inclusion rule,
,N-KY-Nicholasville,EXCLUDED,SITE_DISPUTE,N,KY,"Nicholasville (city), KY","Nicholasville (city), KY data center action (new lead, not in inventory)",,Listed in tracker summary table,2026-09-23,UNVERIFIED,1,0,https://mjbommar.github.io/moratorium-data-2026/states/kentucky.html,verified_batch_nc_ky.csv,no fetched source meeting the inclusion rule,
,N-KY-ShelbyCounty,EXCLUDED,SITE_DISPUTE,N,KY,"Shelby County, KY","Shelby County, KY data center action (new lead, not in inventory)",,Listed in tracker summary table,2026-09-23,UNVERIFIED,1,0,https://mjbommar.github.io/moratorium-data-2026/states/kentucky.html,verified_batch_nc_ky.csv,no fetched source meeting the inclusion rule,
,N-KY-Winchester,EXCLUDED,SITE_DISPUTE,N,KY,"Winchester (city), KY","Winchester (city), KY data center action (new lead, not in inventory)",,Listed in tracker summary table,2026-09-23,UNVERIFIED,1,0,https://mjbommar.github.io/moratorium-data-2026/states/kentucky.html,verified_batch_nc_ky.csv,no fetched source meeting the inclusion rule,
,L141,EXCLUDED,SITE_DISPUTE,N,LA,Richland Parish,Meta Hyperion expansion to 5 GW / $50B+,2026-07-13,"Meta announced the expansion (economic announcement, not opposition)",2026-10-02,VERIFIED,1,0,https://siliconangle.com/2026/07/13/meta-boosts-investment-hyperion-data-center-campus-50b/,verified_batch_south.csv,no fetched source meeting the inclusion rule,"The announcement was July 13, 2026 (SiliconANGLE), not July 27 (the Yahoo Finance date in the notes)."
,L040,EXCLUDED,LOCAL_POLICY,N,NC,Gates County,Gates County one-year moratorium,2025-12,County website hosts an UNSIGNED one-year moratorium ordinance; effective/adoption dates are blank,2026-10-02,PARTIALLY_VERIFIED,2,0,https://gatescountync.gov/vertical/sites/%7BC4993D33-7F3A-4388-B179-2EC1739C7E2E%7D/uploads/Data_Center_Moratorium.pdf; https://www.govtech.com/products/north-carolina-county-pauses-data-center-crypto-mines,verified_batch_nc_ky.csv,no fetched source meeting the inclusion rule,"CONFLICT with NSJ 'early 2026': this Herald-Sun/TNS piece (Feb 13, 2026) says December (i.e., Dec 2025). Roundup mention in a Chatham article, not Gates-specific. | The PDF's adoption line reads 'Adopted this the ______ day of ______________, 20_____.' It does not prove adoption or date."
,L049,EXCLUDED,LOCAL_POLICY,N,NC,"Brevard, NC (Transylvania Co.)",Brevard one-year moratorium,2026-03 (month only),Passed; 90 days per Charlotte staff table,2026-06-01,PARTIALLY_VERIFIED,1,0,https://www.charlottenc.gov/files/sharedassets/city/v/1/story-image/documents/data-center-committee-presentation_2026-06-01.pdf,verified_batch_nc_ky.csv,no fetched source meeting the inclusion rule,"CONTRADICTS NSJ: City of Charlotte committee comparison table says Brevard passed 03/2026 for 90 days; NSJ says 1-yr, September 2025. No Brevard-specific article or record could be fetched (Mountain Xpress 403, no archive). NSJ's 'corrected from 90 days' note on Boone suggests a possible Brevard/Boone mix-up somewhere."
,L055,EXCLUDED,LOCAL_POLICY,N,NC,"Wendell, NC (Wake Co.)",Wendell moratorium through 2026-12-31,,"Moratorium through Dec. 31, 2026",2026-04-23,PARTIALLY_VERIFIED,1,0,https://www.wral.com/business/technology/central-north-carolina-data-center-plans-april-2026/,verified_batch_nc_ky.csv,no fetched source meeting the inclusion rule,"None on duration; vote date not given (page posted 4/23/2026, consistent with NSJ April 2026). 'cetner' is the page's own typo."
,L056,EXCLUDED,LOCAL_POLICY,N,NC,"Woodfin, NC (Buncombe Co.)",Woodfin 12-month moratorium,,Moratorium in place (roundup mention only),2026-06-10,PARTIALLY_VERIFIED,1,0,https://www.wfae.org/2026-06-10/a-data-center-moratorium-is-on-the-table-in-asheville,verified_batch_nc_ky.csv,no fetched source meeting the inclusion rule,"Duration (12 months) and month (May 2026) NOT confirmed by fetched text. Case-specific sources unavailable (Prism News 503; Mountain Xpress 403, no archive). Search snippets claim May 19, 2026, Ordinance 2026-04, unanimous - unverified."
,L058,EXCLUDED,LOCAL_POLICY,N,NC,"Spring Hope, NC (Nash Co.)",Spring Hope one-year moratorium,,,,UNVERIFIED,1,0,,verified_batch_nc_ky.csv,no fetched source meeting the inclusion rule,"No Spring Hope-specific source found; only the NSJ list. Nash County (unincorporated areas) adopted its own moratorium in Sept 2026 through June 30, 2027 (Rocky Mount Telegram Sep 9, 2026, pages/nc_springhope_rmt.txt) - a different jurisdiction."
,L067,EXCLUDED,LOCAL_POLICY,N,NC,Wilson (city),Wilson (city) data center moratorium/pause,,Not found,2026-10-02,UNVERIFIED,1,0,,verified_batch_nc_ky.csv,no fetched source meeting the inclusion rule,"No case-specific source found in three searches; results were Wilson County, TENNESSEE."
,L069,EXCLUDED,LOCAL_POLICY,N,NC,Madison County,Madison County data center moratorium/pause,2023-06-13,"One-year moratorium on data processing facilities (June 13, 2023)",2023-06-16,DO_NOT_USE,1,0,https://news.yahoo.com/madison-county-imposes-1-moratorium-090939100.html,verified_batch_nc_ky.csv,no fetched source meeting the inclusion rule,"This is a 2023 action (Asheville Citizen Times, June 16, 2023), outside the 2025-26 window. No 2025-26 Madison County NC action found; the lead's WFAE-summary basis is unconfirmed. Many search hits are Madison County, INDIANA."
,L009,EXCLUDED,LOCAL_POLICY,N,OH,Boardman Township (Mahoning County),Boardman Township one-year data center moratorium,2026-04-28,"Trustees adopted Resolution 26-04-28-11, a twelve-month moratorium on zoning certificates for data centers, 3-0; in effect",2026-10-02,VERIFIED,3,0,https://www.boardmantwp.com/wp-content/uploads/2026/05/4-28-2026-Minutes.pdf; https://www.wytv.com/news/local-news/boardman-places-moratorium-on-data-centers/amp/; https://www.wkbn.com/news/local-news/boardman-news/boardman-places-moratorium-on-data-centers/,verified_batch_other.csv,no fetched source meeting the inclusion rule,
,L010,EXCLUDED,LOCAL_POLICY,N,OH,Kent (Portage County),"Kent temporary data center moratorium, Ordinance 2026-31",2026-04-15,Ordinance 2026-31 passed and effective 2026-04-15 as an emergency measure; moratorium on permits for data centers not to exceed one year,2026-10-02,VERIFIED,1,0,https://www.kentohio.gov/media/yrhjyjrn/2026-31-data-center-moratorium_signed.pdf,verified_batch_other.csv,no fetched source meeting the inclusion rule,"Inventory had no event date; signed ordinance shows PASSED and EFFECTIVE April 15, 2026 (handwritten), signed by Mayor and President of Council Jack Amrhein, attested by Clerk Kathleen Coleman."
,L116,EXCLUDED,LOCAL_POLICY,N,SC,Chester County,Chester County 6-month preemptive data center moratorium,2026-07-20,Council unanimously approved six-month moratorium on Monday 2026-07-20; council chair says no proposed or approved data centers in the county,2026-10-02,VERIFIED,1,0,https://www.wbtv.com/2026/07/21/chester-county-council-approves-6-month-data-center-moratorium/,verified_batch_other.csv,no fetched source meeting the inclusion rule,"Event date: WBTV (July 21, 2026) says approved ""on Monday"" = July 20, 2026 (matches inventory)."
,L117,EXCLUDED,LOCAL_POLICY,N,SC,Anderson County,Anderson County six-month data center moratorium,2026-08,Council passed third and final reading of a six-month moratorium (reported 2026-08-20); second-stage approval reported July 2026,2026-10-02,VERIFIED,2,0,https://www.foxcarolina.com/2026/08/20/anderson-county-council-approves-final-reading-six-month-data-center-moratorium/; https://www.andersonobserver.com/news/council-oks-data-center-moratorium-upgrades-at-green-pond-and-civic-center,verified_batch_other.csv,no fetched source meeting the inclusion rule,"Inventory had no URL or date; sourced now (Fox Carolina, Aug 20, 2026). Exact meeting date not stated in the text retrieved."
,L118,EXCLUDED,SITE_DISPUTE,N,SC,statewide,South Carolina H.5286 joint resolution: data center moratorium until 2028-01-01,2026-02-26,"Introduced and referred to House Ways and Means 2026-02-26; no further action listed beyond sponsor removals (03/05, 03/31)",2026-10-02,VERIFIED,1,0,https://www.scstatehouse.gov/billsearch.php?billnumbers=5286&session=126&summary=B,verified_batch_other.csv,no fetched source meeting the inclusion rule,Inventory had no URL/date; bill introduced 02/26/26 and referred to Ways and Means. Similar bill H 5526 listed.
,L031,EXCLUDED,LOCAL_POLICY,N,TX,Austin County,Austin County moratorium on AI data centers and BESS,2026-07-27,"Commissioners unanimously adopted a countywide moratorium on Monday (July 27, 2026)",2026-10-02,VERIFIED,1,0,https://kwhi.com/2026/07/28/austin-co-commissioners-enact-moratorium-on-data-centers-battery-energy-storage-systems/,verified_batch_south.csv,no fetched source meeting the inclusion rule,The Sealy News URL in the notes returns 404.
,L032,EXCLUDED,SITE_DISPUTE,N,TX,Austin,City of Austin data center regulation push,2026-08-27,"Council unanimously adopted Item 61 on Aug 27, 2026, directing binding regulations by end of 2026; no immediate ban",2026-10-02,VERIFIED,1,0,https://cbsaustin.com/news/local/austin-city-council-unanimously-moves-forward-with-new-data-center-regulations,verified_batch_south.csv,no fetched source meeting the inclusion rule,"Notes are out of date ('pre-vote stage'): the resolution passed unanimously 2026-08-27. KERA 08-19 URL now 403 (Wayback copy exists, 2026-09-05)."
,L033,EXCLUDED,SITE_DISPUTE,N,TX,Dallas,Dallas council members seek data center land-use rules,2026-08-11,Five council members signed a memo asking for a hearing/vote within 30 days; Economic Development Committee discussion in early Sept (search-level only),2026-10-02,VERIFIED,1,0,https://www.dallasobserver.com/news/dallas-data-center-regulations-40704291/,verified_batch_south.csv,no fetched source meeting the inclusion rule,
,L132,EXCLUDED,SITE_DISPUTE,N,US,federal,Federal executive actions on AI data centers (July 2025 EO; Dec 2025 EO underlying National Policy Framework for AI),2025-07; 2025-12,Background context only,2026-10-02,PARTIALLY_VERIFIED,2,0,https://www.theregreview.org/2026/07/29/lonergan-jockeying-for-control-of-ai-data-centers/; https://www.crowell.com/en/insights/client-alerts/epa-hands-over-ai-data-center-regulation-to-states-and-communities-to-develop-best-practices,verified_batch_other.csv,no fetched source meeting the inclusion rule,"Inventory frames the Dec 2025 EO as preempting state-local rules; this source says the Administration clarified that data center laws should be EXEMPT from the preemption. Check the EO text before coding ""federal preemption""."
,L131,EXCLUDED,SITE_DISPUTE,N,UT,Bluffdale,Bluffdale NSA facility water-use controversy,,"State Records Committee ordered Bluffdale to release NSA water records (a pre-boom ruling, not 2025-26)",2026-10-02,PARTIALLY_VERIFIED,1,0,https://www.datacenterdynamics.com/en/news/committee-orders-bluffdale-to-release-nsa-data-center-water-records/,verified_batch_south.csv,no fetched source meeting the inclusion rule,"The 'ordered to release' event is the 2014-era records ruling (Techdirt archive URL dated 2014-04-01), not 2025-26. The 126M-gallon (Oct 2024-Sep 2025) figure appeared only in a search summary and was not fetched."
,L121,EXCLUDED,SITE_DISPUTE,N,VA,Prince William County,"Caparoula v. Board of County Supervisors of Prince William County, Record No. 1137-24-4",,Not verified on 2026-10-02,2026-10-02,UNVERIFIED,1,0,,verified_batch_other.csv,no fetched source meeting the inclusion rule,"No URL was recorded in the notes; the opinion could not be located on vacourts.gov or by web search on 2026-10-02 (a guessed unpublished-opinion path returned 404 and is not recorded). The 09-17 note describes it as a separate ~270-acre data-center rezoning (Ordinance No. 23-52, developer Stanley Martin), decided Sept 16, 2025 (Judge Lisa M. Lorish); none of this could be confirmed. Inventory event_date (2025-09-16) left blank here pending a fetched opinion."
,L128,EXCLUDED,SITE_DISPUTE,N,WI,statewide,Wisconsin Democratic statewide data center moratorium proposal,2026-02-12,Democratic lawmakers announced a moratorium proposal Thursday 2026-02-12 days before the session ended; no evidence of passage,2026-10-02,VERIFIED,1,0,https://wisconsinexaminer.com/2026/02/12/democratic-lawmakers-propose-data-center-moratorium/,verified_batch_other.csv,no fetched source meeting the inclusion rule,The LRB-6377/6391 draft numbers were not found on the fetched page; leave unverified.
