company,ticker,cik,gics_sector,form,file_date,period_ending,accession_number,file_id,file_type,filing_index_url,doc_url,classification,matched_snippet,resolved_classification,resolution_note
Airbnb,ABNB,1559720,Consumer Discretionary,8-K,2026-05-07,2026-05-07,0001193125-26-211816,0001193125-26-211816:d23351dex991.htm,EX-99.1,https://www.sec.gov/Archives/edgar/data/1559720/000119312526211816/0001193125-26-211816-index.htm,https://www.sec.gov/Archives/edgar/data/1559720/000119312526211816/d23351dex991.htm,ambiguous,"emea and asia pacific, primarily driven by the conflict in the middle east. but this is exactly where our model demonstrates its resilience. when travel patterns shift, airbnb adapts with them. when tariff uncertainty resulted in fewer people traveling to the u.s. last year, they still came to airbnb and found somewhere else to go. we&#8217;re seeing a similar dynamic now. we have millions of homes, ev",trade,"Genuine trade-tariff discussion (cost impact, pricing, trade policy, or macro risk factor framed as trade tariffs)."
Alexandria Real Estate Equities,ARE,1035443,Real Estate,10-Q,2026-04-27,2026-03-31,0001035443-26-000042,0001035443-26-000042:are-20260331.htm,10-Q,https://www.sec.gov/Archives/edgar/data/1035443/000103544326000042/0001035443-26-000042-index.htm,https://www.sec.gov/Archives/edgar/data/1035443/000103544326000042/are-20260331.htm,ambiguous,"2025 which persist today, all of which are critical facets of the life science industry. these included consequential shifts in leadership at the health and human services agency (&#8220;hhs&#8221;), tariff-related measures, operational, leadership, and staff disruptions at the nih and the fda, threatened reductions in nih funding of biomedical research and proposals to limit nih funding of indirect gra",trade,"Genuine trade-tariff discussion (cost impact, pricing, trade policy, or macro risk factor framed as trade tariffs)."
Allegion,ALLE,1579241,Industrials,8-K,2025-04-24,2025-04-24,0001579241-25-000019,0001579241-25-000019:exhibit991-pressreleasedat.htm,EX-99.1,https://www.sec.gov/Archives/edgar/data/1579241/000157924125000019/0001579241-25-000019-index.htm,https://www.sec.gov/Archives/edgar/data/1579241/000157924125000019/exhibit991-pressreleasedat.htm,ambiguous,"rease 1% to 3% on a reported basis and increase 1.5% to 3.5% organically, after excluding the expected impacts of acquisitions, divestitures and foreign currency movements. given recent volatility in tariffs and foreign exchange rates, the company is not updating its revenue outlook for those assumptions. however, the company sees potential upside to its revenue outlook if current tariff-related pricing",trade,"Genuine trade-tariff discussion (cost impact, pricing, trade policy, or macro risk factor framed as trade tariffs)."
Allegion,ALLE,1579241,Industrials,8-K,2025-07-24,2025-07-24,0001579241-25-000028,0001579241-25-000028:exhibit991-pressreleasedat.htm,EX-99.1,https://www.sec.gov/Archives/edgar/data/1579241/000157924125000028/0001579241-25-000028-index.htm,https://www.sec.gov/Archives/edgar/data/1579241/000157924125000028/exhibit991-pressreleasedat.htm,ambiguous,"expected to be 6.5% to 7.5% on a reported basis and 3.5% to 4.5% organically, after excluding the expected impacts of acquisitions, divestitures and foreign currency movements. the company estimates tariff costs of approximately $40 million in 2025, which are included in the reported and organic revenue growth outlook. the company expects to offset tariffs at the operating profit and eps level on a ful",trade,"Genuine trade-tariff discussion (cost impact, pricing, trade policy, or macro risk factor framed as trade tariffs)."
Allegion,ALLE,1579241,Industrials,8-K,2025-10-23,2025-10-23,0001579241-25-000041,0001579241-25-000041:exhibit991-pressreleasedat.htm,EX-99.1,https://www.sec.gov/Archives/edgar/data/1579241/000157924125000041/0001579241-25-000041-index.htm,https://www.sec.gov/Archives/edgar/data/1579241/000157924125000041/exhibit991-pressreleasedat.htm,ambiguous,"a reported basis, and is maintaining the 3.5% to 4.5% organic growth outlook, after excluding the expected impacts of acquisitions, divestitures and foreign currency movements. the company estimates tariff costs of approximately $40 million in 2025, which are included in the reported and organic revenue growth outlooks. the company expects to offset tariffs at the operating profit and eps level on a fu",trade,"Genuine trade-tariff discussion (cost impact, pricing, trade policy, or macro risk factor framed as trade tariffs)."
Alliant Energy,LNT,352541,Utilities,8-K,2026-03-04,2026-03-02,0000352541-26-000009,0000352541-26-000009:lnt030220268-kex101.htm,EX-10.1,https://www.sec.gov/Archives/edgar/data/352541/000035254126000009/0000352541-26-000009-index.htm,https://www.sec.gov/Archives/edgar/data/352541/000035254126000009/lnt030220268-kex101.htm,ambiguous,"aring the financial statements referred to in section 5.4, subject to section 1.4. &#8220; governmental approval &#8221; means any authorization, consent, approval, license, franchise, lease, ruling, tariff, rate, permit, certificate, exemption of, or filing or registration with, any governmental authority or other legal or regulatory body. &#8220; governmental authority &#8221; means the government of",utility_only,Legal boilerplate defining 'Governmental Approval' generically (license/permit/tariff/rate) — not trade-tariff discussion.
Alliant Energy,LNT,352541,Utilities,8-K,2025-03-03,2025-03-03,0000352541-25-000025,0000352541-25-000025:lnt030320258-kex101.htm,EX-10.1,https://www.sec.gov/Archives/edgar/data/352541/000035254125000025/0000352541-25-000025-index.htm,https://www.sec.gov/Archives/edgar/data/352541/000035254125000025/lnt030320258-kex101.htm,ambiguous,"aring the financial statements referred to in section 5.4, subject to section 1.4. &#8220; governmental approval &#8221; means any authorization, consent, approval, license, franchise, lease, ruling, tariff, rate, permit, certificate, exemption of, or filing or registration with, any governmental authority or other legal or regulatory body. &#8220; governmental authority &#8221; means the government of",utility_only,Same generic legal definition boilerplate as above.
Altria,MO,764180,Consumer Staples,10-Q,2025-04-29,2025-03-31,0000764180-25-000049,0000764180-25-000049:mo-20250331.htm,10-Q,https://www.sec.gov/Archives/edgar/data/764180/000076418025000049/0000764180-25-000049-index.htm,https://www.sec.gov/Archives/edgar/data/764180/000076418025000049/mo-20250331.htm,ambiguous,"e. in this section, we focus on the discretionary income pressures on adult tobacco consumers, illicit flavored disposable e-vapor products, the itc orders on njoy ace , recent regulatory actions and tariffs and their effects or potential effects on our businesses. other trends and developments are discussed elsewhere in md&amp;a. u.s. adult tobacco consumers remained under pressure throughout the first",trade,"Genuine trade-tariff discussion (cost impact, pricing, trade policy, or macro risk factor framed as trade tariffs)."
Ameren,AEE,1002910,Utilities,8-K,2025-11-24,2025-11-24,0001104659-25-115502,0001104659-25-115502:tm2532033d1_8k.htm,8-K,https://www.sec.gov/Archives/edgar/data/1002910/000110465925115502/0001104659-25-115502-index.htm,https://www.sec.gov/Archives/edgar/data/1002910/000110465925115502/tm2532033d1_8k.htm,ambiguous,"oration and union electric company, doing business as ameren missouri (&#8220;ameren missouri&#8221;), for a discussion of ameren missouri&#8217;s request to modify its existing large primary service tariff (the &#8220;large load customer rate plan&#8221;), which was filed with the missouri public service commission (the &#8220;mopsc&#8221;) in may 2025 and updated in november 2025. &#160; on november 2",utility_only,Ameren Missouri 'large primary service tariff' — MoPSC rate filing.
American Water Works,AWK,1410636,Utilities,8-K,2026-03-10,2026-03-05,0001410636-26-000056,0001410636-26-000056:exhibit991-westvirginiapre.htm,EX-99.1,https://www.sec.gov/Archives/edgar/data/1410636/000141063626000056/0001410636-26-000056-index.htm,https://www.sec.gov/Archives/edgar/data/1410636/000141063626000056/exhibit991-westvirginiapre.htm,ambiguous,proximately $7 per month. the public service commission also introduced an additional customer discount program available to customers enrolled in the special reduced rate residential service (srrrs) tariff. customers on the srrrs tariff will receive an additional 20% discount on the srrrs tariff rate. this will be available in addition to the company&#8217;s h2o help to others program&#8482; and other,utility_only,AWK 'srrrs tariff' — residential rate-plan tariff filed with PUC.
American Water Works,AWK,1410636,Utilities,8-K,2025-05-05,2025-05-05,0001410636-25-000090,0001410636-25-000090:exhibit991-pressreleaseofw.htm,EX-99.1,https://www.sec.gov/Archives/edgar/data/1410636/000141063625000090/0001410636-25-000090-index.htm,https://www.sec.gov/Archives/edgar/data/1410636/000141063625000090/exhibit991-pressreleaseofw.htm,ambiguous,"onth in the second step after factoring in the current wastewater system improvement charge (wsic) already included on customer bills. the company is also proposing a universal affordability discount tariff that seeks to assist residential customers who meet income qualifications. the four-tiered proposal would tailor rates to various levels of household income. under this proposed tariff, eligible hous",utility_only,AWK 'universal affordability discount tariff' — residential rate program.
American Water Works,AWK,1410636,Utilities,8-K,2025-10-29,2025-10-29,0001193125-25-256430,0001193125-25-256430:d938104dex992.htm,EX-99.2,https://www.sec.gov/Archives/edgar/data/1410636/000119312525256430/0001193125-25-256430-index.htm,https://www.sec.gov/Archives/edgar/data/1410636/000119312525256430/d938104dex992.htm,ambiguous,dual wins for awk &amp; u.s. 0 marine corps 13 marine corps 27 state legislation &amp; regulation enable growth hybrid future fair consolidated infrastructure affordability test year test year value tariff mechanism tariffs/programs ca mo md ca mo ca mo ca mo ia nj hi ky nj ia nj ia nj ia nj il pa ia pa wv il pa il pa il pa in tn il tn in va in va in tn ky va in va ky wv ky wv ky va mo wv md md md wv 1,utility_only,AWK investor slide listing state rate/tariff mechanisms by state.
American Water Works,AWK,1410636,Utilities,10-Q,2026-04-29,2026-03-31,0001410636-26-000063,0001410636-26-000063:awk-20260331.htm,10-Q,https://www.sec.gov/Archives/edgar/data/1410636/000141063626000063/0001410636-26-000063-index.htm,https://www.sec.gov/Archives/edgar/data/1410636/000141063626000063/awk-20260331.htm,ambiguous,"efficiency and execution; regulatory, legislative, tax policy or legal developments; and impacts that future significant tax legislation, and the imposition, utilization or change in various economic tariffs (or any attempt or effort to do so), may have on the company and on its business, results of operations, cash flows and liquidity. forward-looking statements are predictions based on the company&#82",trade,"Genuine trade-tariff discussion (cost impact, pricing, trade policy, or macro risk factor framed as trade tariffs)."
Blackstone Inc.,BX,1393818,Financials,10-Q,2025-08-08,2025-06-30,0001193125-25-176984,0001193125-25-176984:d83467d10q.htm,10-Q,https://www.sec.gov/Archives/edgar/data/1393818/000119312525176984/0001193125-25-176984-index.htm,https://www.sec.gov/Archives/edgar/data/1393818/000119312525176984/d83467d10q.htm,ambiguous,"the beginning of the second quarter have contributed to greater investor confidence, stronger capital markets and increased market transaction activity. nevertheless, the ultimate outcome of ongoing tariff negotiations could have an adverse impact on the u.s. economy and growth expectations as well as contribute to slower-than-anticipated interest rate decreases in a manner that could adversely affect",trade,"Genuine trade-tariff discussion (cost impact, pricing, trade policy, or macro risk factor framed as trade tariffs)."
Bristol Myers Squibb,BMY,14272,Health Care,10-Q,2026-04-30,2026-03-31,0000014272-26-000010,0000014272-26-000010:bmy-20260331.htm,10-Q,https://www.sec.gov/Archives/edgar/data/14272/000001427226000010/0000014272-26-000010-index.htm,https://www.sec.gov/Archives/edgar/data/14272/000001427226000010/bmy-20260331.htm,ambiguous,"ces and reimbursement for certain of our or competing products and may impact our cash flows and results of operations. in accordance with the u.s. government agreement, bms will receive certain u.s. tariff relief until january 2029, including for recently imposed tariffs relating to patented pharmaceuticals and associated pharmaceutical ingredients pursuant to the presidential proclamation dated april",trade,"Genuine trade-tariff discussion (cost impact, pricing, trade policy, or macro risk factor framed as trade tariffs)."
Bunge Global,BG,1996862,Consumer Staples,8-K,2025-05-07,2025-05-07,0001996862-25-000084,0001996862-25-000084:epr03312025.htm,EX-99.1,https://www.sec.gov/Archives/edgar/data/1996862/000199686225000084/0001996862-25-000084-index.htm,https://www.sec.gov/Archives/edgar/data/1996862/000199686225000084/epr03312025.htm,ambiguous,"tegrated value chains. we are in the final stage of regulatory approval for our combination with viterra and are prepared to close quickly once received. &#8220;we benefited in the first quarter from tariff-related timing shifts in demand and farmer activity and remain confident in our ability to continue to execute despite the current market environment. our resilient global footprint, disciplined appr",trade,"Genuine trade-tariff discussion (cost impact, pricing, trade policy, or macro risk factor framed as trade tariffs)."
Bunge Global,BG,1996862,Consumer Staples,8-K,2026-03-19,2026-03-17,0001104659-26-032113,0001104659-26-032113:tm268104d3_ex99-1.htm,EX-99.1,https://www.sec.gov/Archives/edgar/data/1996862/000110465926032113/0001104659-26-032113-index.htm,https://www.sec.gov/Archives/edgar/data/1996862/000110465926032113/tm268104d3_ex99-1.htm,ambiguous,"al and commodities market, political, social and health conditions; &nbsp; &nbsp; &nbsp; &nbsp; &middot; changes in government policies and laws affecting our business, including agricultural, trade, tariff and foreign investment policies, financial markets regulation and environmental, tax and biofuels regulation; &middot; the impact of seasonality; &middot; the outcome of pending regulatory and legal",trade,"Genuine trade-tariff discussion (cost impact, pricing, trade policy, or macro risk factor framed as trade tariffs)."
Bunge Global,BG,1996862,Consumer Staples,8-K,2025-10-15,2025-10-15,0001628280-25-045046,0001628280-25-045046:newoutlooksegmentvolumerel.htm,EX-99.1,https://www.sec.gov/Archives/edgar/data/1996862/000162828025045046/0001628280-25-045046-index.htm,https://www.sec.gov/Archives/edgar/data/1996862/000162828025045046/newoutlooksegmentvolumerel.htm,ambiguous,"ral, financial and commodities market, political, social and health conditions&#59; &#8226; changes in government policies and laws affecting our business, including agricultural and trade (including tariff) policies, financial markets regulation and environmental, tax and biofuels regulation&#59; &#8226; the impact of seasonality&#59; &#8226; the impact of government policies and regulations&#59; &#822",trade,"Genuine trade-tariff discussion (cost impact, pricing, trade policy, or macro risk factor framed as trade tariffs)."
Bunge Global,BG,1996862,Consumer Staples,8-K,2026-04-29,2026-04-29,0001628280-26-028079,0001628280-26-028079:epr03312026.htm,EX-99.1,https://www.sec.gov/Archives/edgar/data/1996862/000162828026028079/0001628280-26-028079-index.htm,https://www.sec.gov/Archives/edgar/data/1996862/000162828026028079/epr03312026.htm,ambiguous,"ic, agricultural, financial and commodities market, political, social and health conditions&#59; &#8226; changes in government policies and laws affecting our business, including agricultural, trade, tariff and foreign investment policies, financial markets regulation and environmental, tax and biofuels regulation&#59; &#8226; the impact of seasonality&#59; &#8226; the outcome of pending regulatory and",trade,"Genuine trade-tariff discussion (cost impact, pricing, trade policy, or macro risk factor framed as trade tariffs)."
Bunge Global,BG,1996862,Consumer Staples,8-K,2025-07-30,2025-07-30,0001996862-25-000201,0001996862-25-000201:epr06302025.htm,EX-99.1,https://www.sec.gov/Archives/edgar/data/1996862/000199686225000201/0001996862-25-000201-index.htm,https://www.sec.gov/Archives/edgar/data/1996862/000199686225000201/epr06302025.htm,ambiguous,"ral, financial and commodities market, political, social and health conditions&#59; &#8226; changes in government policies and laws affecting our business, including agricultural and trade (including tariff) policies, financial markets regulation and environmental, tax and biofuels regulation&#59; &#8226; the impact of seasonality&#59; &#8226; the impact of government policies and regulations&#59; &#822",trade,"Genuine trade-tariff discussion (cost impact, pricing, trade policy, or macro risk factor framed as trade tariffs)."
Bunge Global,BG,1996862,Consumer Staples,8-K,2025-11-05,2025-11-05,0001628280-25-049208,0001628280-25-049208:epr093020251.htm,EX-99.1,https://www.sec.gov/Archives/edgar/data/1996862/000162828025049208/0001628280-25-049208-index.htm,https://www.sec.gov/Archives/edgar/data/1996862/000162828025049208/epr093020251.htm,ambiguous,"ral, financial and commodities market, political, social and health conditions&#59; &#8226; changes in government policies and laws affecting our business, including agricultural and trade (including tariff) policies, financial markets regulation and environmental, tax and biofuels regulation&#59; &#8226; the impact of seasonality&#59; &#8226; the impact of government policies and regulations&#59; &#822",trade,"Genuine trade-tariff discussion (cost impact, pricing, trade policy, or macro risk factor framed as trade tariffs)."
Bunge Global,BG,1996862,Consumer Staples,8-K,2026-02-04,2026-02-04,0001628280-26-005261,0001628280-26-005261:epr123120254.htm,EX-99.1,https://www.sec.gov/Archives/edgar/data/1996862/000162828026005261/0001628280-26-005261-index.htm,https://www.sec.gov/Archives/edgar/data/1996862/000162828026005261/epr123120254.htm,ambiguous,"ic, agricultural, financial and commodities market, political, social and health conditions&#59; &#8226; changes in government policies and laws affecting our business, including agricultural, trade, tariff and foreign investment policies, financial markets regulation and environmental, tax and biofuels regulation&#59; &#8226; the impact of seasonality&#59; &#8226; the outcome of pending regulatory and",trade,"Genuine trade-tariff discussion (cost impact, pricing, trade policy, or macro risk factor framed as trade tariffs)."
Bunge Global,BG,1996862,Consumer Staples,10-Q,2026-04-29,2026-03-31,0001628280-26-028235,0001628280-26-028235:bg-20260331.htm,10-Q,https://www.sec.gov/Archives/edgar/data/1996862/000162828026028235/0001628280-26-028235-index.htm,https://www.sec.gov/Archives/edgar/data/1996862/000162828026028235/bg-20260331.htm,ambiguous,"onomic, agricultural, financial and commodities market, political, social and health conditions; &#8226; changes in government policies and laws affecting our business, including agricultural, trade, tariff and foreign investment policies, financial markets regulation and environmental, tax and biofuels regulation; &#8226; the impact of seasonality; &#8226; the outcome of pending regulatory and legal pr",trade,"Genuine trade-tariff discussion (cost impact, pricing, trade policy, or macro risk factor framed as trade tariffs)."
Caterpillar Inc.,CAT,18230,Industrials,8-K,2025-08-28,2025-08-28,0001104659-25-084800,0001104659-25-084800:tm2524597d1_8k.htm,8-K,https://www.sec.gov/Archives/edgar/data/18230/000110465925084800/0001104659-25-084800-index.htm,https://www.sec.gov/Archives/edgar/data/18230/000110465925084800/tm2524597d1_8k.htm,ambiguous,"exchange act. &#168; &#160; &#160; &#160; &#160; &#160; &#160; item 8.01. other events. &#160; caterpillar inc. (the &#8220;company&#8221;) is providing an update relating to the estimated impact of tariffs on its financial results. since the company released its second quarter earnings on august 5, 2025, several additional clarifications and additional tariffs have been announced. these clarifications",trade,"Genuine trade-tariff discussion (cost impact, pricing, trade policy, or macro risk factor framed as trade tariffs)."
Caterpillar Inc.,CAT,18230,Industrials,10-Q,2025-05-07,2025-03-31,0000018230-25-000016,0000018230-25-000016:cat-20250331.htm,10-Q,https://www.sec.gov/Archives/edgar/data/18230/000001823025000016/0000018230-25-000016-index.htm,https://www.sec.gov/Archives/edgar/data/18230/000001823025000016/cat-20250331.htm,ambiguous,"to remain at a relatively low level. transportation is expected to remain stable. full-year 2025 company trends and expectations we are closely monitoring the evolving economic conditions. due to the tariff announcements and increasing economic uncertainty, we have evaluated a variety of scenarios to estimate the potential impact of tariffs on our results for the remainder of the year. demand signals we",trade,"Genuine trade-tariff discussion (cost impact, pricing, trade policy, or macro risk factor framed as trade tariffs)."
CBRE Group,CBRE,1138118,Real Estate,8-K,2025-04-24,2025-04-24,0001138118-25-000008,0001138118-25-000008:cbre-20250424x8kexx991.htm,EX-99.1,https://www.sec.gov/Archives/edgar/data/1138118/000113811825000008/0001138118-25-000008-index.htm,https://www.sec.gov/Archives/edgar/data/1138118/000113811825000008/cbre-20250424x8kexx991.htm,ambiguous,"equally true for both our resilient and transactional businesses,&#8221; said bob sulentic, cbre&#8217;s chair and chief executive officer. &#8220;since then, driven by the uncertainty created by the tariff situation, our outlook has become less clear. even in light of this, our current activity levels and new business pipelines continue to be strong, just somewhat less than they were,&#8221; sulentic c",trade,"Genuine trade-tariff discussion (cost impact, pricing, trade policy, or macro risk factor framed as trade tariffs)."
CenterPoint Energy,CNP,1130310,Utilities,8-K,2025-07-01,2025-07-01,0001130310-25-000105,0001130310-25-000105:exhibit101bondpurchaseag.htm,EX-10.1,https://www.sec.gov/Archives/edgar/data/1130310/000113031025000105/0001130310-25-000105-index.htm,https://www.sec.gov/Archives/edgar/data/1130310/000113031025000105/exhibit101bondpurchaseag.htm,ambiguous,"r other debt securities issued to securitize the intangible regulatory assets and related rights of the company or any of its subsidiaries arising pursuant to regulatory approval of a special utility tariff or similar revenue stream to recover costs such as the costs of, or related to, removal, restoration, repair or early retirement of facilities and &nbsp; a-8 other assets, excess fuel costs, other un",utility_only,CenterPoint 'special utility tariff' — bond/securitization regulatory mechanism.
CenterPoint Energy,CNP,1130310,Utilities,8-K,2025-10-21,2025-10-20,0001193125-25-245197,0001193125-25-245197:d921256dex21.htm,EX-2.1,https://www.sec.gov/Archives/edgar/data/1130310/000119312525245197/0001193125-25-245197-index.htm,https://www.sec.gov/Archives/edgar/data/1130310/000119312525245197/d921256dex21.htm,ambiguous,"means generally accepted accounting principles in the united states of america. &nbsp; - 5 - &#8220; governmental approval &#8221; means any authorization, consent, approval, license, ruling, permit, tariff, rate, certification, exemption, filing, variance, order, judgment, decree, publication, notice to, declaration of or registration by or with any governmental authority. &#8220; governmental authorit",utility_only,CenterPoint generic legal definition boilerplate (license/tariff/rate/permit).
Cincinnati Financial,CINF,20286,Financials,8-K,2026-05-06,2026-05-02,0000020286-26-000030,0000020286-26-000030:exhibit99205-04x26.htm,EX-99.2,https://www.sec.gov/Archives/edgar/data/20286/000002028626000030/0000020286-26-000030-index.htm,https://www.sec.gov/Archives/edgar/data/20286/000002028626000030/exhibit99205-04x26.htm,ambiguous,"r nonpayment or delay in payment by reinsurers &#8226; domestic and global events, such as the wars in ukraine and in the middle east, future pandemics, inflationary trends, changes in u.s. trade and tariff policy, and&#160;disruptions in the banking and financial services industry, resulting in insurance losses, capital market or credit market uncertainty, followed by prolonged periods of economic inst",trade,"Genuine trade-tariff discussion (cost impact, pricing, trade policy, or macro risk factor framed as trade tariffs)."
Cincinnati Financial,CINF,20286,Financials,8-K,2025-08-22,2025-08-22,0000020286-25-000050,0000020286-25-000050:exhibit99108-22x25.htm,EX-99.1,https://www.sec.gov/Archives/edgar/data/20286/000002028625000050/0000020286-25-000050-index.htm,https://www.sec.gov/Archives/edgar/data/20286/000002028625000050/exhibit99108-22x25.htm,ambiguous,"r nonpayment or delay in payment by reinsurers &#8226; domestic and global events, such as the wars in ukraine and in the middle east, future pandemics, inflationary trends, changes in u.s. trade and tariff policy, and&#160;disruptions in the banking and financial services industry, resulting in insurance losses, capital market or credit market uncertainty, followed by prolonged periods of economic inst",trade,"Genuine trade-tariff discussion (cost impact, pricing, trade policy, or macro risk factor framed as trade tariffs)."
Cincinnati Financial,CINF,20286,Financials,8-K,2026-01-30,2026-01-30,0000020286-26-000003,0000020286-26-000003:exhibit99101-30x26.htm,EX-99.1,https://www.sec.gov/Archives/edgar/data/20286/000002028626000003/0000020286-26-000003-index.htm,https://www.sec.gov/Archives/edgar/data/20286/000002028626000003/exhibit99101-30x26.htm,ambiguous,"r nonpayment or delay in payment by reinsurers &#8226; domestic and global events, such as the wars in ukraine and in the middle east, future pandemics, inflationary trends, changes in u.s. trade and tariff policy, and&#160;disruptions in the banking and financial services industry, resulting in insurance losses, capital market or credit market uncertainty, followed by prolonged periods of economic inst",trade,"Genuine trade-tariff discussion (cost impact, pricing, trade policy, or macro risk factor framed as trade tariffs)."
Cincinnati Financial,CINF,20286,Financials,8-K,2025-11-14,2025-11-14,0000020286-25-000066,0000020286-25-000066:exhibit99111-14x25.htm,EX-99.1,https://www.sec.gov/Archives/edgar/data/20286/000002028625000066/0000020286-25-000066-index.htm,https://www.sec.gov/Archives/edgar/data/20286/000002028625000066/exhibit99111-14x25.htm,ambiguous,"r nonpayment or delay in payment by reinsurers &#8226; domestic and global events, such as the wars in ukraine and in the middle east, future pandemics, inflationary trends, changes in u.s. trade and tariff policy, and&#160;disruptions in the banking and financial services industry, resulting in insurance losses, capital market or credit market uncertainty, followed by prolonged periods of economic inst",trade,"Genuine trade-tariff discussion (cost impact, pricing, trade policy, or macro risk factor framed as trade tariffs)."
Cincinnati Financial,CINF,20286,Financials,8-K,2026-06-22,2026-06-19,0000020286-26-000038,0000020286-26-000038:exhibit99106-19x26.htm,EX-99.1,https://www.sec.gov/Archives/edgar/data/20286/000002028626000038/0000020286-26-000038-index.htm,https://www.sec.gov/Archives/edgar/data/20286/000002028626000038/exhibit99106-19x26.htm,ambiguous,"r nonpayment or delay in payment by reinsurers &#8226; domestic and global events, such as the wars in ukraine and in the middle east, future pandemics, inflationary trends, changes in u.s. trade and tariff policy, and&#160;disruptions in the banking and financial services industry, resulting in insurance losses, capital market or credit market uncertainty, followed by prolonged periods of economic inst",trade,"Genuine trade-tariff discussion (cost impact, pricing, trade policy, or macro risk factor framed as trade tariffs)."
Cincinnati Financial,CINF,20286,Financials,8-K,2026-06-16,2026-06-11,0000020286-26-000034,0000020286-26-000034:exhibit99106-16x26.htm,EX-99.1,https://www.sec.gov/Archives/edgar/data/20286/000002028626000034/0000020286-26-000034-index.htm,https://www.sec.gov/Archives/edgar/data/20286/000002028626000034/exhibit99106-16x26.htm,ambiguous,"r nonpayment or delay in payment by reinsurers &#8226; domestic and global events, such as the wars in ukraine and in the middle east, future pandemics, inflationary trends, changes in u.s. trade and tariff policy, and&#160;disruptions in the banking and financial services industry, resulting in insurance losses, capital market or credit market uncertainty, followed by prolonged periods of economic inst",trade,"Genuine trade-tariff discussion (cost impact, pricing, trade policy, or macro risk factor framed as trade tariffs)."
Cincinnati Financial,CINF,20286,Financials,8-K,2026-05-06,2026-05-02,0000020286-26-000030,0000020286-26-000030:exhibit99105-04x26.htm,EX-99.1,https://www.sec.gov/Archives/edgar/data/20286/000002028626000030/0000020286-26-000030-index.htm,https://www.sec.gov/Archives/edgar/data/20286/000002028626000030/exhibit99105-04x26.htm,ambiguous,"r nonpayment or delay in payment by reinsurers &#8226; domestic and global events, such as the wars in ukraine and in the middle east, future pandemics, inflationary trends, changes in u.s. trade and tariff policy, and&#160;disruptions in the banking and financial services industry, resulting in insurance losses, capital market or credit market uncertainty, followed by prolonged periods of economic inst",trade,"Genuine trade-tariff discussion (cost impact, pricing, trade policy, or macro risk factor framed as trade tariffs)."
Cincinnati Financial,CINF,20286,Financials,8-K,2026-05-06,2026-05-02,0000020286-26-000030,0000020286-26-000030:cinf-20260502.htm,8-K,https://www.sec.gov/Archives/edgar/data/20286/000002028626000030/0000020286-26-000030-index.htm,https://www.sec.gov/Archives/edgar/data/20286/000002028626000030/cinf-20260502.htm,ambiguous,"r nonpayment or delay in payment by reinsurers &#8226; domestic and global events, such as the wars in ukraine and in the middle east, future pandemics, inflationary trends, changes in u.s. trade and tariff policy, and&#160;disruptions in the banking and financial services industry, resulting in insurance losses, capital market or credit market uncertainty, followed by prolonged periods of economic inst",trade,"Genuine trade-tariff discussion (cost impact, pricing, trade policy, or macro risk factor framed as trade tariffs)."
Cincinnati Financial,CINF,20286,Financials,8-K,2026-04-27,2026-04-27,0000020286-26-000025,0000020286-26-000025:exhibit9911q26.htm,EX-99.1,https://www.sec.gov/Archives/edgar/data/20286/000002028626000025/0000020286-26-000025-index.htm,https://www.sec.gov/Archives/edgar/data/20286/000002028626000025/exhibit9911q26.htm,ambiguous,"r nonpayment or delay in payment by reinsurers &#8226; domestic and global events, such as the wars in ukraine and in the middle east, future pandemics, inflationary trends, changes in u.s. trade and tariff policy, and&#160;disruptions in the banking and financial services industry, resulting in insurance losses, capital market or credit market uncertainty, followed by prolonged periods of economic inst",trade,"Genuine trade-tariff discussion (cost impact, pricing, trade policy, or macro risk factor framed as trade tariffs)."
Cincinnati Financial,CINF,20286,Financials,8-K,2025-10-27,2025-10-27,0000020286-25-000061,0000020286-25-000061:exhibit9913q25.htm,EX-99.1,https://www.sec.gov/Archives/edgar/data/20286/000002028625000061/0000020286-25-000061-index.htm,https://www.sec.gov/Archives/edgar/data/20286/000002028625000061/exhibit9913q25.htm,ambiguous,"r nonpayment or delay in payment by reinsurers &#8226; domestic and global events, such as the wars in ukraine and in the middle east, future pandemics, inflationary trends, changes in u.s. trade and tariff policy, and&#160;disruptions in the banking and financial services industry, resulting in insurance losses, capital market or credit market uncertainty, followed by prolonged periods of economic inst",trade,"Genuine trade-tariff discussion (cost impact, pricing, trade policy, or macro risk factor framed as trade tariffs)."
Cincinnati Financial,CINF,20286,Financials,8-K,2025-07-28,2025-07-28,0000020286-25-000044,0000020286-25-000044:exhibit9912q25.htm,EX-99.1,https://www.sec.gov/Archives/edgar/data/20286/000002028625000044/0000020286-25-000044-index.htm,https://www.sec.gov/Archives/edgar/data/20286/000002028625000044/exhibit9912q25.htm,ambiguous,"r nonpayment or delay in payment by reinsurers &#8226; domestic and global events, such as the wars in ukraine and in the middle east, future pandemics, inflationary trends, changes in u.s. trade and tariff policy, and&#160;disruptions in the banking and financial services industry, resulting in insurance losses, capital market or credit market uncertainty, followed by prolonged periods of economic inst",trade,"Genuine trade-tariff discussion (cost impact, pricing, trade policy, or macro risk factor framed as trade tariffs)."
Cincinnati Financial,CINF,20286,Financials,8-K,2026-02-09,2026-02-09,0000020286-26-000005,0000020286-26-000005:exhibit991q425.htm,EX-99.1,https://www.sec.gov/Archives/edgar/data/20286/000002028626000005/0000020286-26-000005-index.htm,https://www.sec.gov/Archives/edgar/data/20286/000002028626000005/exhibit991q425.htm,ambiguous,"r nonpayment or delay in payment by reinsurers &#8226; domestic and global events, such as the wars in ukraine and in the middle east, future pandemics, inflationary trends, changes in u.s. trade and tariff policy, and&#160;disruptions in the banking and financial services industry, resulting in insurance losses, capital market or credit market uncertainty, followed by prolonged periods of economic inst",trade,"Genuine trade-tariff discussion (cost impact, pricing, trade policy, or macro risk factor framed as trade tariffs)."
Cincinnati Financial,CINF,20286,Financials,10-Q,2026-04-27,2026-03-31,0000020286-26-000026,0000020286-26-000026:cinf-20260331.htm,10-Q,https://www.sec.gov/Archives/edgar/data/20286/000002028626000026/0000020286-26-000026-index.htm,https://www.sec.gov/Archives/edgar/data/20286/000002028626000026/cinf-20260331.htm,ambiguous,"st-quarter 2026 10-q page 29 table of contents &#8226; domestic and global events, such as the wars in ukraine and in the middle east, future pandemics, inflationary trends, changes in u.s. trade and tariff policy, and disruptions in the banking and financial services industry, resulting in insurance losses, capital market or credit market uncertainty, followed by prolonged periods of economic instabili",trade,"Genuine trade-tariff discussion (cost impact, pricing, trade policy, or macro risk factor framed as trade tariffs)."
Coinbase,COIN,1679788,Financials,8-K,2025-05-08,2025-05-08,0001679788-25-000088,0001679788-25-000088:q125shareholderletter.htm,EX-99.1,https://www.sec.gov/Archives/edgar/data/1679788/000167978825000088/0001679788-25-000088-index.htm,https://www.sec.gov/Archives/edgar/data/1679788/000167978825000088/q125shareholderletter.htm,ambiguous,"is then scaled to a daily window. these daily volatility values are then averaged over the applicable time period as needed. however, crypto prices dropped alongside broader market declines driven by tariff policy and macroeconomic uncertainty. total crypto market cap declined 19% to $2.7 trillion when comparing the end of q1 to the end of q4. against this backdrop, q1 transaction revenue was $1.3 billi",trade,"Genuine trade-tariff discussion (cost impact, pricing, trade policy, or macro risk factor framed as trade tariffs)."
Constellation Brands,STZ,16918,Consumer Staples,8-K,2025-09-02,2025-09-02,0000016918-25-000132,0000016918-25-000132:stzex991_922025guidanceupd.htm,EX-99.1,https://www.sec.gov/Archives/edgar/data/16918/000001691825000132/0000016918-25-000132-index.htm,https://www.sec.gov/Archives/edgar/data/16918/000001691825000132/stzex991_922025guidanceupd.htm,ambiguous,"omparable enterprise operating income decline (2) (11)% - (9)% (3)% - (1)% beer operating income growth (decline) (9)% - (7)% 0% - 2% impact from lower volumes, operating deleveraging, and additional tariffs wine and spirits organic operating income decline (2) unchanged (100)% - (97)% &#8212; corporate expense $225 million $265 million lower compensation and benefits expense equity in earnings $25 mill",trade,"Genuine trade-tariff discussion (cost impact, pricing, trade policy, or macro risk factor framed as trade tariffs)."
Constellation Brands,STZ,16918,Consumer Staples,8-K,2026-06-30,2026-06-30,0000016918-26-000028,0000016918-26-000028:stzex991_53120268kearnings.htm,EX-99.1,https://www.sec.gov/Archives/edgar/data/16918/000001691826000028/0000016918-26-000028-index.htm,https://www.sec.gov/Archives/edgar/data/16918/000001691826000028/stzex991_53120268kearnings.htm,ambiguous,"usiness combination, divestiture (including any associated amount of incremental contingent consideration payment paid or received), cost savings, restructuring, operating, or efficiency initiatives, tariff changes, impacts, and responses, or financing or share repurchases that may be completed after the issuance of this release. although we believe that the estimates, expectations, plans, and timetable",trade,"Genuine trade-tariff discussion (cost impact, pricing, trade policy, or macro risk factor framed as trade tariffs)."
Constellation Brands,STZ,16918,Consumer Staples,8-K,2025-07-01,2025-07-01,0000016918-25-000074,0000016918-25-000074:stzex991_53120258kearnings.htm,EX-99.1,https://www.sec.gov/Archives/edgar/data/16918/000001691825000074/0000016918-25-000074-index.htm,https://www.sec.gov/Archives/edgar/data/16918/000001691825000074/stzex991_53120258kearnings.htm,ambiguous,"e in shipment volumes reflecting socioeconomic headwinds affecting consumer demand. &#8226; operating margin decreased 150 basis points to 39.1% primarily due to increased cogs (inclusive of aluminum tariffs), marketing investments, and other sg&#38;a, as well as lower fixed cost absorption benefits. &#8226; depletions decreased 2.6% largely driven by declines for modelo especial of approximately 4%, co",trade,"Genuine trade-tariff discussion (cost impact, pricing, trade policy, or macro risk factor framed as trade tariffs)."
Constellation Brands,STZ,16918,Consumer Staples,8-K,2026-01-07,2026-01-07,0000016918-26-000002,0000016918-26-000002:stzex991_113020258kearnings.htm,EX-99.1,https://www.sec.gov/Archives/edgar/data/16918/000001691826000002/0000016918-26-000002-index.htm,https://www.sec.gov/Archives/edgar/data/16918/000001691826000002/stzex991_113020258kearnings.htm,ambiguous,"s, partially offset by favorable pricing. &#8226; operating margin increased 10 basis points to 38.0% as favorable pricing and lower depreciation were partially offset by increased cogs from aluminum tariffs and unfavorable fixed cost absorption from lower volumes. &#8226; depletions decreased 3.0% as declines for modelo especial of approximately 4%, corona extra of nearly 9%, and the modelo chelada bra",trade,"Genuine trade-tariff discussion (cost impact, pricing, trade policy, or macro risk factor framed as trade tariffs)."
Constellation Brands,STZ,16918,Consumer Staples,8-K,2025-10-06,2025-10-06,0000016918-25-000140,0000016918-25-000140:stzex991_83120258kearnings.htm,EX-99.1,https://www.sec.gov/Archives/edgar/data/16918/000001691825000140/0000016918-25-000140-index.htm,https://www.sec.gov/Archives/edgar/data/16918/000001691825000140/stzex991_83120258kearnings.htm,ambiguous,"the quarter. &#8226; operating margin decreased 200 basis points to 40.6% primarily due to unfavorable impacts from increased cogs (inclusive of fixed cost absorption from lower volumes and aluminum tariffs) and increased marketing as a percentage of net sales, partly offset by favorable pricing. &#8226; depletions decreased 2.7% largely driven by declines for modelo especial of just over 4%, corona ex",trade,"Genuine trade-tariff discussion (cost impact, pricing, trade policy, or macro risk factor framed as trade tariffs)."
Constellation Brands,STZ,16918,Consumer Staples,8-K,2026-04-08,2026-04-08,0000016918-26-000008,0000016918-26-000008:stzex991_22820268kearnings.htm,EX-99.1,https://www.sec.gov/Archives/edgar/data/16918/000001691826000008/0000016918-26-000008-index.htm,https://www.sec.gov/Archives/edgar/data/16918/000001691826000008/stzex991_22820268kearnings.htm,ambiguous,"m pacifico and victoria of over 15% and 16%, respectively. &#8226; operating margin decreased 170 basis points to 38.0% driven by a decline in shipment volumes, as well as higher cogs due to aluminum tariffs and unfavorable fixed cost absorption, partially offset by favorable pricing net of mix. &#8226; our beer business ranked as the #1 dollar share gainer in circana u.s. tracked channels, gaining 0.4",trade,"Genuine trade-tariff discussion (cost impact, pricing, trade policy, or macro risk factor framed as trade tariffs)."
Constellation Brands,STZ,16918,Consumer Staples,8-K,2025-04-09,2025-04-09,0000016918-25-000017,0000016918-25-000017:stzex991_2282025earnings.htm,EX-99.1,https://www.sec.gov/Archives/edgar/data/16918/000001691825000017/0000016918-25-000017-index.htm,https://www.sec.gov/Archives/edgar/data/16918/000001691825000017/stzex991_2282025earnings.htm,ambiguous,"(242) $(2.09) % change 1% (124%) (196%) (141%) (198%) comparable $2,164 $659 $474 $656 $2.63 % change 1% 6% 13% 4% 14% (1) outlook for fiscal 2026 to fiscal 2028 reflect the anticipated impact of the tariffs announced by the u.s. government on april 2, 2025 and the canadian government on march 4, 2025. (2) definitions of reported, comparable, adjusted, and organic as well as reconciliations of non-gaap",trade,"Genuine trade-tariff discussion (cost impact, pricing, trade policy, or macro risk factor framed as trade tariffs)."
Constellation Energy,CEG,1868275,Utilities,8-K,2025-01-13,2025-01-10,0001868275-25-000011,0001868275-25-000011:ceg-202501138kexh21.htm,EX-2.1,https://www.sec.gov/Archives/edgar/data/1868275/000186827525000011/0001868275-25-000011-index.htm,https://www.sec.gov/Archives/edgar/data/1868275/000186827525000011/ceg-202501138kexh21.htm,ambiguous,"-of-pocket expenses and reasonable attorneys&#8217; and accountants&#8217; fees incurred in the investigation or defense of any of the same. &#8220;market rules and procedures&#8221; means all rules, tariff provisions, standards, procedures, manuals, business practices or similar documentation and all associated obligations, as such may be amended or modified from time to time, that are applied by any s",utility_only,Constellation Energy 'market rules and procedures... tariff provisions' — ISO/RTO market tariff.
Corteva,CTVA,1755672,Materials,8-K,2025-08-06,2025-08-06,0001755672-25-000015,0001755672-25-000015:final_q2x2025xearningsxn.htm,EX-99.1,https://www.sec.gov/Archives/edgar/data/1755672/000175567225000015/0001755672-25-000015-index.htm,https://www.sec.gov/Archives/edgar/data/1755672/000175567225000015/final_q2x2025xearningsxn.htm,ambiguous,"are expecting full-year double-digit volume gains in excess of low- single-digit pricing headwinds from broad-based portfolio gains, including new products and biologicals. as it pertains to ongoing tariff negotiations around the world, we are not expecting a material net impact on our full-year 2025 results given policies in place today. global grain and oilseed demand is not expected to decline, rega",trade,"Genuine trade-tariff discussion (cost impact, pricing, trade policy, or macro risk factor framed as trade tariffs)."
Corteva,CTVA,1755672,Materials,8-K,2025-11-04,2025-11-04,0001755672-25-000020,0001755672-25-000020:a3q_2025xearningsxnewsxr.htm,EX-99.1,https://www.sec.gov/Archives/edgar/data/1755672/000175567225000020/0001755672-25-000020-index.htm,https://www.sec.gov/Archives/edgar/data/1755672/000175567225000020/a3q_2025xearningsxnewsxr.htm,ambiguous,"w global corn stock levels. global crop protection industry volumes have stabilized and rebounded in most regions, while prices are beginning to show signs of stabilization. as it pertains to ongoing tariff negotiations around the world, we are not expecting a material net impact on our full-year 2025 results given policies in place today. the company updated full-year 2025 guidance with net sales expec",trade,"Genuine trade-tariff discussion (cost impact, pricing, trade policy, or macro risk factor framed as trade tariffs)."
Corteva,CTVA,1755672,Materials,8-K,2026-02-03,2026-02-03,0001755672-26-000002,0001755672-26-000002:a4q_2025xearningsxnewsxr.htm,EX-99.1,https://www.sec.gov/Archives/edgar/data/1755672/000175567226000002/0001755672-26-000002-index.htm,https://www.sec.gov/Archives/edgar/data/1755672/000175567226000002/a4q_2025xearningsxnewsxr.htm,ambiguous,"y is expected to improve modestly with volume gains more than offsetting ongoing pricing pressure in certain key regions including latin america and asia pacific. as it pertains to incremental global tariff impacts in 2026 across both businesses, the company&#8217;s current estimate is ~$80 million, which is included in our current 2026 guidance. for the full year 2026, corteva expects operating ebitda1",trade,"Genuine trade-tariff discussion (cost impact, pricing, trade policy, or macro risk factor framed as trade tariffs)."
CRH plc,CRH,849395,Materials,8-K,2025-05-05,2025-05-05,0001628280-25-022191,0001628280-25-022191:q1resultsannouncement2025.htm,EX-99.1,https://www.sec.gov/Archives/edgar/data/849395/000162828025022191/0001628280-25-022191-index.htm,https://www.sec.gov/Archives/edgar/data/849395/000162828025022191/q1resultsannouncement2025.htm,ambiguous,perates&#59; plans and expectations regarding operational efficiencies and cost controls and management&#59; expectations with respect to the impact of existing and further potential global trade and tariff policies&#59; plans and expectations regarding investments in innovation and sustainability and the enhancement of crh's ability to address global challenges&#59; plans and expectations regarding crh,trade,"Genuine trade-tariff discussion (cost impact, pricing, trade policy, or macro risk factor framed as trade tariffs)."
CRH plc,CRH,849395,Materials,10-Q,2025-05-05,2025-03-31,0001628280-25-022195,0001628280-25-022195:crh-20250331.htm,10-Q,https://www.sec.gov/Archives/edgar/data/849395/000162828025022195/0001628280-25-022195-index.htm,https://www.sec.gov/Archives/edgar/data/849395/000162828025022195/crh-20250331.htm,ambiguous,"nefits of our acquisitions and divestitures; plans and expectations regarding the strategic risks and uncertainties facing crh and expectations regarding the impacts of recent changes in global trade/tariff policies. by their nature, forward-looking statements involve risk and uncertainty because they relate to events and depend on circumstances that may or may not occur in the future and reflect our cu",trade,"Genuine trade-tariff discussion (cost impact, pricing, trade policy, or macro risk factor framed as trade tariffs)."
Danaher Corporation,DHR,313616,Health Care,8-K,2026-07-21,2026-07-21,0000313616-26-000163,0000313616-26-000163:dhr-20260721xex991.htm,EX-99.1,https://www.sec.gov/Archives/edgar/data/313616/000031361626000163/0000313616-26-000163-index.htm,https://www.sec.gov/Archives/edgar/data/313616/000031361626000163/dhr-20260721xex991.htm,ambiguous,"gested or indicated by such forward-looking statements and you should not place undue reliance on any such forward-looking statements. these factors include, among other things&#58; the impact of the tariffs and related actions implemented by the u.s. and other countries, the impact of our debt obligations (including debt we incurred to finance the acquisition of masimo corporation) on our operations an",trade,"Genuine trade-tariff discussion (cost impact, pricing, trade policy, or macro risk factor framed as trade tariffs)."
C.H. Robinson,CHRW,1043277,Industrials,10-Q,2026-05-01,2026-03-31,0001043277-26-000016,0001043277-26-000016:chrw-20260331.htm,10-Q,https://www.sec.gov/Archives/edgar/data/1043277/000104327726000016/0001043277-26-000016-index.htm,https://www.sec.gov/Archives/edgar/data/1043277/000104327726000016/chrw-20260331.htm,ambiguous,"el costs, and carriers&#8217; strategic capacity management actions, including blank sailings. this compared to the first quarter of 2025, where ocean freight volumes accelerated ahead of anticipated tariff implementations. ocean freight rates declined substantially during the first quarter of 2026 driven by excess vessel capacity but were increasingly influenced by fuel-related surcharges. the airfreig",trade,"Genuine trade-tariff discussion (cost impact, pricing, trade policy, or macro risk factor framed as trade tariffs)."
Dollar Tree,DLTR,935703,Consumer Staples,8-K,2025-10-15,2025-10-15,0000935703-25-000084,0000935703-25-000084:ex99110-15x25dayofinvestor.htm,EX-99.1,https://www.sec.gov/Archives/edgar/data/935703/000093570325000084/0000935703-25-000084-index.htm,https://www.sec.gov/Archives/edgar/data/935703/000093570325000084/ex99110-15x25dayofinvestor.htm,ambiguous,"mpounded annual growth rate in eps for fiscal years 2026&#8211;2028. this is based upon underlying annual eps growth of 8 to 10 percent, increased by the absence of recent discrete cost items tied to tariff mitigation, multi-price store conversions, lost distribution capacity, and the sale of family dollar. eps is expected to grow by a high-teens percentage in fiscal year 2026 due to the timing of certa",trade,"Genuine trade-tariff discussion (cost impact, pricing, trade policy, or macro risk factor framed as trade tariffs)."
Dollar Tree,DLTR,935703,Consumer Staples,8-K,2025-09-03,2025-09-03,0000935703-25-000060,0000935703-25-000060:ex991q2-25earningspressrel.htm,EX-99.1,https://www.sec.gov/Archives/edgar/data/935703/000093570325000060/0000935703-25-000060-index.htm,https://www.sec.gov/Archives/edgar/data/935703/000093570325000060/ex991q2-25earningspressrel.htm,ambiguous,"earnings per share (eps) from continuing operations of $0.75 &#8226; adjusted diluted eps from continuing operations of $0.77, including $0.20 of positive impact, relative to expectations, related to tariff timing &#8226; completed over $1 billion of share repurchases year-to-date &#8226; increasing full-year fiscal 2025 net sales outlook range to $19.3 to $19.5 billion, based on comparable store net sa",trade,"Genuine trade-tariff discussion (cost impact, pricing, trade policy, or macro risk factor framed as trade tariffs)."
Dominion Energy,D,715957,Utilities,8-K,2026-01-30,2026-01-30,0001193125-26-030493,0001193125-26-030493:d-ex99_1.htm,EX-99.1,https://www.sec.gov/Archives/edgar/data/715957/000119312526030493/0001193125-26-030493-index.htm,https://www.sec.gov/Archives/edgar/data/715957/000119312526030493/d-ex99_1.htm,ambiguous,"lability and cost of capital; capital market conditions, including the availability of credit and the ability to obtain financing on reasonable terms; and political and economic conditions, including tariffs, inflation and deflation. other risk factors are detailed from time to time in dominion energy&#x2019;s quarterly reports on form 10-q and most recent annual report on form 10-k filed with the u.s.",trade,"Genuine trade-tariff discussion (cost impact, pricing, trade policy, or macro risk factor framed as trade tariffs)."
Dominion Energy,D,715957,Utilities,10-Q,2025-08-01,2025-06-30,0000950170-25-101177,0000950170-25-101177:d-20250630.htm,10-Q,https://www.sec.gov/Archives/edgar/data/715957/000095017025101177/0000950170-25-101177-index.htm,https://www.sec.gov/Archives/edgar/data/715957/000095017025101177/d-20250630.htm,ambiguous,"ct is expected to be placed in service by the end of 2026 with an estimated total project cost of approximately $ 10.9 billion, excluding financing costs, that reflects an estimated impact of certain tariffs which became effective between march and july 2025. the companies&#8217; projected impact of tariffs on expected total project cost is subject to change due to the inherent uncertainty associated wi",trade,"Genuine trade-tariff discussion (cost impact, pricing, trade policy, or macro risk factor framed as trade tariffs)."
Dominion Energy,D,715957,Utilities,10-Q,2025-05-01,2025-03-31,0000950170-25-061558,0000950170-25-061558:d-20250331.htm,10-Q,https://www.sec.gov/Archives/edgar/data/715957/000095017025061558/0000950170-25-061558-index.htm,https://www.sec.gov/Archives/edgar/data/715957/000095017025061558/d-20250331.htm,ambiguous,"ct is expected to be placed in service by the end of 2026 with an estimated total project cost of approximately $ 10.8 billion, excluding financing costs, that reflects an estimated impact of certain tariffs which became effective in march and april 2025. the companies&#8217; projected impact of tariffs on expected total project cost is subject to change due to the inherent uncertainty associated with w",trade,"Genuine trade-tariff discussion (cost impact, pricing, trade policy, or macro risk factor framed as trade tariffs)."
Dominion Energy,D,715957,Utilities,10-Q,2025-10-31,2025-09-30,0001193125-25-260246,0001193125-25-260246:d-20250930.htm,10-Q,https://www.sec.gov/Archives/edgar/data/715957/000119312525260246/0001193125-25-260246-index.htm,https://www.sec.gov/Archives/edgar/data/715957/000119312525260246/d-20250930.htm,ambiguous,"ct is expected to be placed in service by the end of 2026 with an estimated total project cost of approximately $ 11.2 billion, excluding financing costs, that reflects an estimated impact of certain tariffs which became effective during 2025. the companies&#8217; projected impact of tariffs on expected total project cost is subject to change due to the inherent uncertainty associated with which tariffs",trade,"Genuine trade-tariff discussion (cost impact, pricing, trade policy, or macro risk factor framed as trade tariffs)."
DTE Energy,DTE,936340,Utilities,8-K,2025-01-07,2025-01-07,0000936340-25-000007,0000936340-25-000007:evercoreisipresentationf.htm,EX-99.01,https://www.sec.gov/Archives/edgar/data/936340/000093634025000007/0000936340-25-000007-index.htm,https://www.sec.gov/Archives/edgar/data/936340/000093634025000007/evercoreisipresentationf.htm,ambiguous,"rs ~2,500 mw subscribed &#8226; allows customers to attribute up to 100% of electricity use to renewable sources &#8226; recognized by national renewable energy laboratory as having the largest green tariff program in the country, fulfilling more load under contracted subscriptions than any other program &#8226; two largest renewable energy purchases from a utility announced with ford motor company and",utility_only,DTE 'green tariff program' — utility renewable rate program for customers.
DTE Energy,DTE,936340,Utilities,8-K,2025-02-28,2025-02-28,0000936340-25-000076,0000936340-25-000076:dtegasexhibit991123124.htm,EX-99.1,https://www.sec.gov/Archives/edgar/data/936340/000093634025000076/0000936340-25-000076-index.htm,https://www.sec.gov/Archives/edgar/data/936340/000093634025000076/dtegasexhibit991123124.htm,ambiguous,ed unbilled amounts recognized in revenue are subject to adjustment in the following reporting period as actual volumes by customer class and service type are known. revenues are typically subject to tariff rates or other rates subject to regulatory oversight and are billed and received monthly. tariff rates are determined by the mpsc on a per unit or monthly basis. transaction price allocated to the re,utility_only,DTE 'tariff rates... determined by the mpsc' — Michigan PSC-regulated rates.
DTE Energy,DTE,936340,Utilities,8-K,2025-05-16,2025-05-16,0000936340-25-000140,0000936340-25-000140:a2025agapresentationfina.htm,EX-99.01,https://www.sec.gov/Archives/edgar/data/936340/000093634025000140/0000936340-25-000140-index.htm,https://www.sec.gov/Archives/edgar/data/936340/000093634025000140/a2025agapresentationfina.htm,ambiguous,"sults of other financing efforts which can be affected by credit agency ratings; instability in capital markets which could impact availability of short and long-term financing; impacts of inflation, tariffs, and the timing and extent of changes in interest rates; the level of borrowings; the potential for increased costs or delays in completion of significant capital projects; changes in, and applicati",trade,"Genuine trade-tariff discussion (cost impact, pricing, trade policy, or macro risk factor framed as trade tariffs)."
Edwards Lifesciences,EW,1099800,Health Care,8-K,2025-04-23,2025-04-23,0001099800-25-000020,0001099800-25-000020:ex-991q12025.htm,EX-99.1,https://www.sec.gov/Archives/edgar/data/1099800/000109980025000020/0001099800-25-000020-index.htm,https://www.sec.gov/Archives/edgar/data/1099800/000109980025000020/ex-991q12025.htm,ambiguous,"; reiterating 8-10% edwards sales growth guidance&#59; increasing sales guidance to $5.7 to $6.1 billion &#8226; reaffirming adjusted eps of $2.40 to $2.50, including estimated jenavalve dilution and tariff impact &#8220;the many milestones achieved this quarter are the result of our structural heart-focused strategy and our decades of unwavering dedication to driving breakthrough innovation in pioneeri",trade,"Genuine trade-tariff discussion (cost impact, pricing, trade policy, or macro risk factor framed as trade tariffs)."
Edwards Lifesciences,EW,1099800,Health Care,10-Q,2025-05-06,2025-03-31,0001099800-25-000023,0001099800-25-000023:ew-20250331.htm,10-Q,https://www.sec.gov/Archives/edgar/data/1099800/000109980025000023/0001099800-25-000023-index.htm,https://www.sec.gov/Archives/edgar/data/1099800/000109980025000023/ew-20250331.htm,ambiguous,"ated to integrating acquired businesses; clinical trial or commercial results or new product approvals and therapy adoption; the impact of domestic and global conditions, including current and future tariff actions; dependence on physicians, research institutions, and hospital systems; competition in the markets in which we operate; our reliance on vendors, suppliers, and other third parties; damage, fa",trade,"Genuine trade-tariff discussion (cost impact, pricing, trade policy, or macro risk factor framed as trade tariffs)."
Emerson Electric,EMR,32604,Industrials,8-K,2025-08-06,2025-08-06,0000032604-25-000075,0000032604-25-000075:a2025q3release_ex991.htm,EX-99.1,https://www.sec.gov/Archives/edgar/data/32604/000003260425000075/0000032604-25-000075-index.htm,https://www.sec.gov/Archives/edgar/data/32604/000003260425000075/a2025q3release_ex991.htm,ambiguous,"025 outlook the following table summarizes the fiscal year 2025 guidance framework. net and underlying sales guidance of &#126;3.5% growth reflects our updated expectations for pricing actions as the tariff expense exposure has reduced. gaap eps is now expected to be &#126;$4.08 and adjusted eps guidance is now &#126;$6.00, an increase versus the previous midpoint. expectations for operating cash flow a",trade,"Genuine trade-tariff discussion (cost impact, pricing, trade policy, or macro risk factor framed as trade tariffs)."
Emerson Electric,EMR,32604,Industrials,8-K,2025-05-07,2025-05-07,0000032604-25-000061,0000032604-25-000061:a2025q2release_ex991.htm,EX-99.1,https://www.sec.gov/Archives/edgar/data/32604/000003260425000061/0000032604-25-000061-index.htm,https://www.sec.gov/Archives/edgar/data/32604/000003260425000061/a2025q2release_ex991.htm,ambiguous,"nt ebita margins, supported by our emerson management system and demonstrating the value customers attribute to our leading technology. our superior first half performance and ability to navigate the tariff environment give us the confidence to update our 2025 outlook.&#34; karsanbhai continued, &#8220;we have also marked the conclusion of emerson's portfolio transformation with the completion of the as",trade,"Genuine trade-tariff discussion (cost impact, pricing, trade policy, or macro risk factor framed as trade tariffs)."
Entergy,ETR,65984,Utilities,8-K,2025-10-03,2025-10-01,0000065984-25-000118,0000065984-25-000118:a02225exhibit-105upsa.htm,EX-1.05,https://www.sec.gov/Archives/edgar/data/65984/000006598425000118/0000065984-25-000118-index.htm,https://www.sec.gov/Archives/edgar/data/65984/000006598425000118/a02225exhibit-105upsa.htm,ambiguous,"s agreement to reflect prior life of unit designated purchase power agreements under which eal sold a total of 6.95% of its entitlement to system energy&#8217;s capacity and energy in order to reduce tariff administrative burdens&#59; now, therefore, system energy and the purchasers mutually understand and agree as follows&#58; 1.1&#160;&#160;&#160;&#160;system energy shall, subject to the terms and con",utility_only,Entergy 'reduce tariff administrative burdens' — FERC power purchase agreement context.
Erie Indemnity,ERIE,922621,Financials,8-K,2025-12-11,2025-12-09,0001628280-25-056532,0001628280-25-056532:ex-99112112025.htm,EX-99.1,https://www.sec.gov/Archives/edgar/data/922621/000162828025056532/0001628280-25-056532-index.htm,https://www.sec.gov/Archives/edgar/data/922621/000162828025056532/ex-99112112025.htm,ambiguous,"ion of the insurance industry&#59; &#9702; litigation and regulatory actions&#59; &#9702; emergence of significant unexpected events, including pandemics, economic or social inflation, and changes in tariff policies&#59; &#9702; emerging claims and coverage issues in the industry&#59; and &#9702; severe weather conditions or other catastrophic losses, including terrorism&#59; &#8226; costs of providing",trade,"Genuine trade-tariff discussion (cost impact, pricing, trade policy, or macro risk factor framed as trade tariffs)."
Erie Indemnity,ERIE,922621,Financials,8-K,2026-04-23,2026-04-21,0001628280-26-026857,0001628280-26-026857:ex-99103312026.htm,EX-99.1,https://www.sec.gov/Archives/edgar/data/922621/000162828026026857/0001628280-26-026857-index.htm,https://www.sec.gov/Archives/edgar/data/922621/000162828026026857/ex-99103312026.htm,ambiguous,"ion of the insurance industry&#59; &#9702; litigation and regulatory actions&#59; &#9702; emergence of significant unexpected events, including pandemics, economic or social inflation, and changes in tariff policies&#59; &#9702; emerging claims and coverage issues in the industry&#59; and &#9702; severe weather conditions or other catastrophic losses, including terrorism&#59; &#8226; costs of providing",trade,"Genuine trade-tariff discussion (cost impact, pricing, trade policy, or macro risk factor framed as trade tariffs)."
Erie Indemnity,ERIE,922621,Financials,8-K,2025-04-24,2025-04-22,0000922621-25-000015,0000922621-25-000015:ex-99103312025.htm,EX-99.1,https://www.sec.gov/Archives/edgar/data/922621/000092262125000015/0000922621-25-000015-index.htm,https://www.sec.gov/Archives/edgar/data/922621/000092262125000015/ex-99103312025.htm,ambiguous,"ion of the insurance industry&#59; &#9702; litigation and regulatory actions&#59; &#9702; emergence of significant unexpected events, including pandemics, economic or social inflation, and changes in tariff policies&#59; &#9702; emerging claims and coverage issues in the industry&#59; and &#9702; severe weather conditions or other catastrophic losses, including terrorism&#59; &#8226; costs of providing",trade,"Genuine trade-tariff discussion (cost impact, pricing, trade policy, or macro risk factor framed as trade tariffs)."
Erie Indemnity,ERIE,922621,Financials,8-K,2025-08-07,2025-08-07,0001628280-25-038916,0001628280-25-038916:ex-99106302025.htm,EX-99.1,https://www.sec.gov/Archives/edgar/data/922621/000162828025038916/0001628280-25-038916-index.htm,https://www.sec.gov/Archives/edgar/data/922621/000162828025038916/ex-99106302025.htm,ambiguous,"ion of the insurance industry&#59; &#9702; litigation and regulatory actions&#59; &#9702; emergence of significant unexpected events, including pandemics, economic or social inflation, and changes in tariff policies&#59; &#9702; emerging claims and coverage issues in the industry&#59; and &#9702; severe weather conditions or other catastrophic losses, including terrorism&#59; &#8226; costs of providing",trade,"Genuine trade-tariff discussion (cost impact, pricing, trade policy, or macro risk factor framed as trade tariffs)."
Erie Indemnity,ERIE,922621,Financials,8-K,2025-10-30,2025-10-28,0001628280-25-047550,0001628280-25-047550:ex-99109302025.htm,EX-99.1,https://www.sec.gov/Archives/edgar/data/922621/000162828025047550/0001628280-25-047550-index.htm,https://www.sec.gov/Archives/edgar/data/922621/000162828025047550/ex-99109302025.htm,ambiguous,"ion of the insurance industry&#59; &#9702; litigation and regulatory actions&#59; &#9702; emergence of significant unexpected events, including pandemics, economic or social inflation, and changes in tariff policies&#59; &#9702; emerging claims and coverage issues in the industry&#59; and &#9702; severe weather conditions or other catastrophic losses, including terrorism&#59; &#8226; costs of providing",trade,"Genuine trade-tariff discussion (cost impact, pricing, trade policy, or macro risk factor framed as trade tariffs)."
Erie Indemnity,ERIE,922621,Financials,8-K,2026-02-23,2026-02-19,0001628280-26-010640,0001628280-26-010640:ex-99112312025.htm,EX-99.1,https://www.sec.gov/Archives/edgar/data/922621/000162828026010640/0001628280-26-010640-index.htm,https://www.sec.gov/Archives/edgar/data/922621/000162828026010640/ex-99112312025.htm,ambiguous,"n of the insurance industry&#59; &#9702; litigation and regulatory actions&#59; 3 &#9702; emergence of significant unexpected events, including pandemics, economic or social inflation, and changes in tariff policies&#59; &#9702; emerging claims and coverage issues in the industry&#59; and &#9702; severe weather conditions or other catastrophic losses, including terrorism&#59; &#8226; costs of providing",trade,"Genuine trade-tariff discussion (cost impact, pricing, trade policy, or macro risk factor framed as trade tariffs)."
Eversource Energy,ES,72741,Utilities,8-K,2025-10-14,2025-10-14,0001104659-25-098981,0001104659-25-098981:tm2528570d1_ex99-1.htm,EX-99.1,https://www.sec.gov/Archives/edgar/data/72741/000110465925098981/0001104659-25-098981-index.htm,https://www.sec.gov/Archives/edgar/data/72741/000110465925098981/tm2528570d1_ex99-1.htm,ambiguous,"construction status of revolution wind, which included revised projections of total construction costs. the revised cost projections reflected quantifiable cost increases, including insurance costs, tariff impacts, construction cost increases from damage to the revolution wind turbine installation vessel, and costs incurred as a result of the stop-work order for revolution wind received on august&nbsp;",trade,"Genuine trade-tariff discussion (cost impact, pricing, trade policy, or macro risk factor framed as trade tariffs)."
Exelon,EXC,1109357,Utilities,8-K,2025-02-12,2025-02-12,0001109357-25-000041,0001109357-25-000041:exc-20250212ex992.htm,EX-99.2,https://www.sec.gov/Archives/edgar/data/1109357/000110935725000041/0001109357-25-000041-index.htm,https://www.sec.gov/Archives/edgar/data/1109357/000110935725000041/exc-20250212ex992.htm,ambiguous,"arnings call; forecast for 2025-2028e as of q4 2024 earnings call. (2) other includes comed&#8217;s long-term regulatory assets (energy efficiency &amp; solar rebate program) recovered under separate tariffs, which earn a full authorized rate of return. see note 3 &#8211; regulatory matters in 2024 10-k for additional detail. exelon&#8217;s $38.0b low-risk capital plan from 2025 to 2028 results in expec",utility_only,Exelon/ComEd regulatory assets 'recovered under separate tariffs' — rate recovery mechanism.
Expand Energy,EXE,895126,Energy,10-K,2025-02-26,2024-12-31,0000895126-25-000021,0000895126-25-000021:exe-20241231.htm,10-K,https://www.sec.gov/Archives/edgar/data/895126/000089512625000021/0000895126-25-000021-index.htm,https://www.sec.gov/Archives/edgar/data/895126/000089512625000021/exe-20241231.htm,ambiguous,"gher commodity prices in 2025 could lead to increased rig activity across the industry resulting in modest levels of inflation. we continue to monitor these situations, including the recently enacted tariff on steel by the current presidential administration, and assess their impact on our business, including business partners and customers. as a result of the southwestern merger, we assumed southwester",trade,"Genuine trade-tariff discussion (cost impact, pricing, trade policy, or macro risk factor framed as trade tariffs)."
Fidelity National Information Services,FIS,1136893,Financials,8-K,2026-05-08,2026-05-08,0001136893-26-000038,0001136893-26-000038:q12026ex991.htm,EX-99.1,https://www.sec.gov/Archives/edgar/data/1136893/000113689326000038/0001136893-26-000038-index.htm,https://www.sec.gov/Archives/edgar/data/1136893/000113689326000038/q12026ex991.htm,ambiguous,"ic, business and political conditions, a recession, intensified or expanded international hostilities, acts of terrorism, fluctuation in rates of inflation or interest, effects of announced or future tariff increases and any resulting regulatory changes in global trade relations and changes in consumer or business confidence&#59; &#8226; changes in either or both the united states and international lend",trade,"Genuine trade-tariff discussion (cost impact, pricing, trade policy, or macro risk factor framed as trade tariffs)."
Fidelity National Information Services,FIS,1136893,Financials,8-K,2025-05-06,2025-05-06,0001136893-25-000053,0001136893-25-000053:q12025ex991.htm,EX-99.1,https://www.sec.gov/Archives/edgar/data/1136893/000113689325000053/0001136893-25-000053-index.htm,https://www.sec.gov/Archives/edgar/data/1136893/000113689325000053/q12025ex991.htm,ambiguous,"conomic, business and political conditions, a recession, intensified or expanded international hostilities, acts of terrorism, increased rates of inflation or interest, effects of announced or future tariff increases and any resulting regulatory changes in global trade relations, changes in consumer or business confidence&#59; changes in either or both the united states and international lending, capita",trade,"Genuine trade-tariff discussion (cost impact, pricing, trade policy, or macro risk factor framed as trade tariffs)."
Fidelity National Information Services,FIS,1136893,Financials,8-K,2025-11-05,2025-11-05,0001136893-25-000125,0001136893-25-000125:q32025ex991.htm,EX-99.1,https://www.sec.gov/Archives/edgar/data/1136893/000113689325000125/0001136893-25-000125-index.htm,https://www.sec.gov/Archives/edgar/data/1136893/000113689325000125/q32025ex991.htm,ambiguous,"conomic, business and political conditions, a recession, intensified or expanded international hostilities, acts of terrorism, increased rates of inflation or interest, effects of announced or future tariff increases and any resulting regulatory changes in global trade relations, changes in consumer or business confidence&#59; &#8226; changes in either or both the united states and international lending",trade,"Genuine trade-tariff discussion (cost impact, pricing, trade policy, or macro risk factor framed as trade tariffs)."
Fidelity National Information Services,FIS,1136893,Financials,8-K,2025-08-05,2025-08-05,0001136893-25-000115,0001136893-25-000115:q22025ex991.htm,EX-99.1,https://www.sec.gov/Archives/edgar/data/1136893/000113689325000115/0001136893-25-000115-index.htm,https://www.sec.gov/Archives/edgar/data/1136893/000113689325000115/q22025ex991.htm,ambiguous,"conomic, business and political conditions, a recession, intensified or expanded international hostilities, acts of terrorism, increased rates of inflation or interest, effects of announced or future tariff increases and any resulting regulatory changes in global trade relations, changes in consumer or business confidence&#59; &#8226; changes in either or both the united states and international lending",trade,"Genuine trade-tariff discussion (cost impact, pricing, trade policy, or macro risk factor framed as trade tariffs)."
Fidelity National Information Services,FIS,1136893,Financials,8-K,2026-02-24,2026-02-24,0001136893-26-000009,0001136893-26-000009:q42025ex991.htm,EX-99.1,https://www.sec.gov/Archives/edgar/data/1136893/000113689326000009/0001136893-26-000009-index.htm,https://www.sec.gov/Archives/edgar/data/1136893/000113689326000009/q42025ex991.htm,ambiguous,"ic, business and political conditions, a recession, intensified or expanded international hostilities, acts of terrorism, fluctuation in rates of inflation or interest, effects of announced or future tariff increases and any resulting regulatory changes in global trade relations and changes in consumer or business confidence&#59; &#8226; changes in either or both the united states and international lend",trade,"Genuine trade-tariff discussion (cost impact, pricing, trade policy, or macro risk factor framed as trade tariffs)."
Fidelity National Information Services,FIS,1136893,Financials,10-Q,2026-05-08,2026-03-31,0001136893-26-000040,0001136893-26-000040:fis-20260331.htm,10-Q,https://www.sec.gov/Archives/edgar/data/1136893/000113689326000040/0001136893-26-000040-index.htm,https://www.sec.gov/Archives/edgar/data/1136893/000113689326000040/fis-20260331.htm,ambiguous,"ic, business and political conditions, a recession, intensified or expanded international hostilities, acts of terrorism, fluctuation in rates of inflation or interest, effects of announced or future tariff increases and any resulting regulatory changes in global trade relations and changes in consumer or business confidence; &#8226; changes in either or both the united states and international lending,",trade,"Genuine trade-tariff discussion (cost impact, pricing, trade policy, or macro risk factor framed as trade tariffs)."
Fidelity National Information Services,FIS,1136893,Financials,10-Q,2025-05-06,2025-03-31,0001136893-25-000056,0001136893-25-000056:fis-20250331.htm,10-Q,https://www.sec.gov/Archives/edgar/data/1136893/000113689325000056/0001136893-25-000056-index.htm,https://www.sec.gov/Archives/edgar/data/1136893/000113689325000056/fis-20250331.htm,ambiguous,"conomic, business and political conditions, a recession, intensified or expanded international hostilities, acts of terrorism, increased rates of inflation or interest, effects of announced or future tariff increases and any resulting regulatory changes in global trade relations, changes in consumer or business confidence; changes in either or both the united states and international lending, capital an",trade,"Genuine trade-tariff discussion (cost impact, pricing, trade policy, or macro risk factor framed as trade tariffs)."
Fidelity National Information Services,FIS,1136893,Financials,10-Q,2025-11-05,2025-09-30,0001136893-25-000128,0001136893-25-000128:fis-20250930.htm,10-Q,https://www.sec.gov/Archives/edgar/data/1136893/000113689325000128/0001136893-25-000128-index.htm,https://www.sec.gov/Archives/edgar/data/1136893/000113689325000128/fis-20250930.htm,ambiguous,"conomic, business and political conditions, a recession, intensified or expanded international hostilities, acts of terrorism, increased rates of inflation or interest, effects of announced or future tariff increases and any resulting regulatory changes in global trade relations, changes in consumer or business confidence; &#8226; changes in either or both the united states and international lending, ca",trade,"Genuine trade-tariff discussion (cost impact, pricing, trade policy, or macro risk factor framed as trade tariffs)."
Fidelity National Information Services,FIS,1136893,Financials,10-Q,2025-08-05,2025-06-30,0001136893-25-000117,0001136893-25-000117:fis-20250630.htm,10-Q,https://www.sec.gov/Archives/edgar/data/1136893/000113689325000117/0001136893-25-000117-index.htm,https://www.sec.gov/Archives/edgar/data/1136893/000113689325000117/fis-20250630.htm,ambiguous,"conomic, business and political conditions, a recession, intensified or expanded international hostilities, acts of terrorism, increased rates of inflation or interest, effects of announced or future tariff increases and any resulting regulatory changes in global trade relations, changes in consumer or business confidence; &#8226; changes in either or both the united states and international lending, ca",trade,"Genuine trade-tariff discussion (cost impact, pricing, trade policy, or macro risk factor framed as trade tariffs)."
Ford Motor Company,F,37996,Consumer Discretionary,8-K,2025-07-30,2025-07-30,0000037996-25-000146,0000037996-25-000146:exhibit99tojuly302025for.htm,EX-99,https://www.sec.gov/Archives/edgar/data/37996/000003799625000146/0000037996-25-000146-index.htm,https://www.sec.gov/Archives/edgar/data/37996/000003799625000146/exhibit99tojuly302025for.htm,ambiguous,"6; second-quarter revenue reached a record $50.2 billion; incurred a net loss of $36 million as a result of special items &#8226; adjusted ebit was $2.1 billion, including $0.8 billion of adverse net tariff-related impacts; operating cash flow was $6.3 billion, adjusted free cash flow was $2.8 billion &#8226; company declares a third quarter regular dividend of 15 cents per share &#8226; reinstated full",trade,"Genuine trade-tariff discussion (cost impact, pricing, trade policy, or macro risk factor framed as trade tariffs)."
GE HealthCare,GEHC,1932393,Health Care,10-Q,2025-04-30,2025-03-31,0001932393-25-000014,0001932393-25-000014:gehc1q202510qexhibit106.htm,EX-10.6,https://www.sec.gov/Archives/edgar/data/1932393/000193239325000014/0001932393-25-000014-index.htm,https://www.sec.gov/Archives/edgar/data/1932393/000193239325000014/gehc1q202510qexhibit106.htm,ambiguous,"ansactions, including merger, acquisition, disposition, sale, discontinued operations, share buybacks, recapitalization, split-up, spinoff, reorganization, restructuring, accounting, tax law changes, tariff changes, or other extraordinary, unusual, nonrecurring, or infrequent events, or other similar corporate transaction as determined by the committee. b. employment criteria. in order to vest in psus w",trade,"Genuine trade-tariff discussion (cost impact, pricing, trade policy, or macro risk factor framed as trade tariffs)."
GE HealthCare,GEHC,1932393,Health Care,10-Q,2026-04-29,2026-03-31,0001932393-26-000031,0001932393-26-000031:gehc1q202610qexhibit106.htm,EX-10.6,https://www.sec.gov/Archives/edgar/data/1932393/000193239326000031/0001932393-26-000031-index.htm,https://www.sec.gov/Archives/edgar/data/1932393/000193239326000031/gehc1q202610qexhibit106.htm,ambiguous,"ansactions, including merger, acquisition, disposition, sale, discontinued operations, share buybacks, recapitalization, split-up, spinoff, reorganization, restructuring, accounting, tax law changes, tariff changes, or other extraordinary, unusual, nonrecurring, or infrequent events, or other similar corporate transactions, as determined by the committee. b. employment criteria. in order to vest in psus",trade,"Genuine trade-tariff discussion (cost impact, pricing, trade policy, or macro risk factor framed as trade tariffs)."
GE Vernova,GEV,1996810,Industrials,8-K,2025-07-23,2025-07-23,0001996810-25-000132,0001996810-25-000132:gevpressrelease2q25.htm,EX-99,https://www.sec.gov/Archives/edgar/data/1996810/000199681025000132/0001996810-25-000132-index.htm,https://www.sec.gov/Archives/edgar/data/1996810/000199681025000132/gevpressrelease2q25.htm,ambiguous,"p + 11% , + 12% organically*, with strong growth in equipment and services. margins expanded significantly from v olume, price, and productivity , which more than offset investments and the impact of tariffs . positive free cash flow* was driven by stronger adjusted ebitda* but decreased year-over-year, due to a nonrecurring arbitration refund received in 2q&#8217;24 and lower positive benefit from work",trade,"Genuine trade-tariff discussion (cost impact, pricing, trade policy, or macro risk factor framed as trade tariffs)."
General Motors,GM,1467858,Consumer Discretionary,8-K,2026-04-28,2026-04-28,0001467858-26-000033,0001467858-26-000033:gmq12026pressreleaseandfin.htm,EX-99.1,https://www.sec.gov/Archives/edgar/data/1467858/000146785826000033/0001467858-26-000033-index.htm,https://www.sec.gov/Archives/edgar/data/1467858/000146785826000033/gmq12026pressreleaseandfin.htm,ambiguous,"ion. the company is raising its full-year 2026 ebit adjusted guidance due to a favorable adjustment of approximately $0.5 billion resulting from the u.s. supreme court decision regarding certain u.s. tariffs that were paid under the international emergency economic powers act. the company now expects gross tariff costs of $2.5 billion to $3.5 billion in 2026, down from the original estimate of $3.0 bill",trade,"Genuine trade-tariff discussion (cost impact, pricing, trade policy, or macro risk factor framed as trade tariffs)."
Global Payments,GPN,1123360,Financials,8-K,2025-11-04,2025-11-04,0001123360-25-000080,0001123360-25-000080:gpn-20251104_d3.htm,EX-99.2,https://www.sec.gov/Archives/edgar/data/1123360/000112336025000080/0001123360-25-000080-index.htm,https://www.sec.gov/Archives/edgar/data/1123360/000112336025000080/gpn-20251104_d3.htm,ambiguous,"first half of 2027. macroeconomic effects and other global conditions we are exposed to general economic conditions, including the effects of currency fluctuations, inflation, rising interest rates, tariff increases, global trade relations, international tensions, higher rates of unemployment, and other conditions that affect the overall level of consumer, business and government spending, which could",trade,"Genuine trade-tariff discussion (cost impact, pricing, trade policy, or macro risk factor framed as trade tariffs)."
Global Payments,GPN,1123360,Financials,10-Q,2025-05-06,2025-03-31,0001123360-25-000030,0001123360-25-000030:gpn-20250331.htm,10-Q,https://www.sec.gov/Archives/edgar/data/1123360/000112336025000030/0001123360-25-000030-index.htm,https://www.sec.gov/Archives/edgar/data/1123360/000112336025000030/gpn-20250331.htm,ambiguous,"reporting purposes. macroeconomic effects and other global conditions we are exposed to general economic conditions, including the effects of currency fluctuations, inflation, rising interest rates, tariff increases, global trade relations, international tensions, higher rates of unemployment, and other conditions that affect the overall level of consumer, business and government spending, which could",trade,"Genuine trade-tariff discussion (cost impact, pricing, trade policy, or macro risk factor framed as trade tariffs)."
Global Payments,GPN,1123360,Financials,10-Q,2026-05-08,2026-03-31,0001123360-26-000072,0001123360-26-000072:gpn-20260331.htm,10-Q,https://www.sec.gov/Archives/edgar/data/1123360/000112336026000072/0001123360-26-000072-index.htm,https://www.sec.gov/Archives/edgar/data/1123360/000112336026000072/gpn-20260331.htm,ambiguous,"es by year-end 2028. macroeconomic effects and other global conditions we are exposed to general economic conditions, including the effects of currency fluctuations, inflation, rising interest rates, tariff increases, global trade relations, international tensions, higher rates of unemployment, and other conditions that affect the overall level of consumer, business, and government spending, which could",trade,"Genuine trade-tariff discussion (cost impact, pricing, trade policy, or macro risk factor framed as trade tariffs)."
Global Payments,GPN,1123360,Financials,10-Q,2025-11-04,2025-09-30,0001123360-25-000077,0001123360-25-000077:gpn-20250930.htm,10-Q,https://www.sec.gov/Archives/edgar/data/1123360/000112336025000077/0001123360-25-000077-index.htm,https://www.sec.gov/Archives/edgar/data/1123360/000112336025000077/gpn-20250930.htm,ambiguous,"first half of 2027. macroeconomic effects and other global conditions we are exposed to general economic conditions, including the effects of currency fluctuations, inflation, rising interest rates, tariff increases, global trade relations, international tensions, higher rates of unemployment, and other conditions that affect the overall level of consumer, business and government spending, which could",trade,"Genuine trade-tariff discussion (cost impact, pricing, trade policy, or macro risk factor framed as trade tariffs)."
Global Payments,GPN,1123360,Financials,10-Q,2025-08-06,2025-06-30,0001123360-25-000040,0001123360-25-000040:gpn-20250630.htm,10-Q,https://www.sec.gov/Archives/edgar/data/1123360/000112336025000040/0001123360-25-000040-index.htm,https://www.sec.gov/Archives/edgar/data/1123360/000112336025000040/gpn-20250630.htm,ambiguous,"first half of 2027. macroeconomic effects and other global conditions we are exposed to general economic conditions, including the effects of currency fluctuations, inflation, rising interest rates, tariff increases, global trade relations, international tensions, higher rates of unemployment, and other conditions that affect the overall level of consumer, business and government spending, which could",trade,"Genuine trade-tariff discussion (cost impact, pricing, trade policy, or macro risk factor framed as trade tariffs)."
Healthpeak Properties,DOC,765880,Real Estate,10-Q,2026-05-06,2026-03-31,0001628280-26-031287,0001628280-26-031287:peak-20260331.htm,10-Q,https://www.sec.gov/Archives/edgar/data/765880/000162828026031287/0001628280-26-031287-index.htm,https://www.sec.gov/Archives/edgar/data/765880/000162828026031287/peak-20260331.htm,ambiguous,"agencies that affect healthcare policy, life science research and innovation, labor supply, procurement and construction costs, and general economic conditions (such as budget reconciliation actions, tariff actions, changes in healthcare regulation, decreases in government funding and staffing, and immigration reform). to the extent our tenants and/or operators have experienced, or will experience, incr",trade,"Genuine trade-tariff discussion (cost impact, pricing, trade policy, or macro risk factor framed as trade tariffs)."
Healthpeak Properties,DOC,765880,Real Estate,10-Q,2025-10-24,2025-09-30,0001628280-25-046273,0001628280-25-046273:peak-20250930.htm,10-Q,https://www.sec.gov/Archives/edgar/data/765880/000162828025046273/0001628280-25-046273-index.htm,https://www.sec.gov/Archives/edgar/data/765880/000162828025046273/peak-20250930.htm,ambiguous,"al estate values generally, including our real estate. we have also been affected by increased costs relating to tenant improvements and construction, which, together with higher costs of capital and tariff actions (or potential tariff actions), have adversely affected, and in the future may adversely affect, construction starts and the expected yields on our capital projects, including our developments",trade,"Genuine trade-tariff discussion (cost impact, pricing, trade policy, or macro risk factor framed as trade tariffs)."
Healthpeak Properties,DOC,765880,Real Estate,10-Q,2025-07-25,2025-06-30,0001628280-25-036063,0001628280-25-036063:peak-20250630.htm,10-Q,https://www.sec.gov/Archives/edgar/data/765880/000162828025036063/0001628280-25-036063-index.htm,https://www.sec.gov/Archives/edgar/data/765880/000162828025036063/peak-20250630.htm,ambiguous,"al estate values generally, including our real estate. we have also been affected by increased costs relating to tenant improvements and construction, which, together with higher costs of capital and tariff actions (or potential tariff actions), have adversely affected, and in the future may adversely affect, the expected yields on our capital projects including our developments and redevelopments. we c",trade,"Genuine trade-tariff discussion (cost impact, pricing, trade policy, or macro risk factor framed as trade tariffs)."
Healthpeak Properties,DOC,765880,Real Estate,10-Q,2025-04-25,2025-03-31,0001628280-25-019948,0001628280-25-019948:peak-20250331.htm,10-Q,https://www.sec.gov/Archives/edgar/data/765880/000162828025019948/0001628280-25-019948-index.htm,https://www.sec.gov/Archives/edgar/data/765880/000162828025019948/peak-20250331.htm,ambiguous,"ments or perform their obligations when due. we have also been affected by increased costs relating to tenant improvements and construction, which, together with higher costs of capital and potential tariff actions, have adversely affected, and in the future may adversely affect, the expected yields on our capital projects including our developments and redevelopments. we continuously monitor the effect",trade,"Genuine trade-tariff discussion (cost impact, pricing, trade policy, or macro risk factor framed as trade tariffs)."
Illinois Tool Works,ITW,49826,Industrials,8-K,2025-07-30,2025-07-30,0000049826-25-000034,0000049826-25-000034:a20250630-2q25ex991pressre.htm,EX-99.1,https://www.sec.gov/Archives/edgar/data/49826/000004982625000034/0000049826-25-000034-index.htm,https://www.sec.gov/Archives/edgar/data/49826/000004982625000034/a20250630-2q25ex991pressre.htm,ambiguous,any is projecting revenue growth of one to three percent and organic growth of flat to two percent based on current levels of demand adjusted for on-going pricing actions that are projected to offset tariff cost impacts and current foreign exchange rates. operating margin is projected to be in the range of 26 to 27 percent as enterprise initiatives are expected to contribute 100 basis points or more. fr,trade,"Genuine trade-tariff discussion (cost impact, pricing, trade policy, or macro risk factor framed as trade tariffs)."
Ingersoll Rand,IR,1699150,Industrials,8-K,2025-07-31,2025-07-31,0001628280-25-037035,0001628280-25-037035:ir2025q2ex991.htm,EX-99.1,https://www.sec.gov/Archives/edgar/data/1699150/000162828025037035/0001628280-25-037035-index.htm,https://www.sec.gov/Archives/edgar/data/1699150/000162828025037035/ir2025q2ex991.htm,ambiguous,"book to bill of 1.07x. adjusted ebitda margin was down year over year, driven largely by the flow-through on organic volume declines, the expected dilutive impact from recently acquired acquisitions, tariff pricing which offset tariff costs one-for-one, and continued commercial investments for growth. precision and science technologies segment (p&#38;st)&#58; mission-critical precision liquid, gas, air,",trade,"Genuine trade-tariff discussion (cost impact, pricing, trade policy, or macro risk factor framed as trade tariffs)."
Interactive Brokers,IBKR,1381197,Financials,10-Q,2025-05-08,2025-03-31,0001381197-25-000052,0001381197-25-000052:ibkr-20250331x10q.htm,10-Q,https://www.sec.gov/Archives/edgar/data/1381197/000138119725000052/0001381197-25-000052-index.htm,https://www.sec.gov/Archives/edgar/data/1381197/000138119725000052/ibkr-20250331x10q.htm,ambiguous,"ous year, waned as the prices of six of the seven fell 41 table of contents significantly more than the s&amp;p 500 &#174; index this quarter. further, inflationary fears reemerged as a result of new tariff policy proposals, their potential impact on world economies, and the possibility of recession. the following is a summary of the key economic drivers that affect our business and how they compared to",trade,"Genuine trade-tariff discussion (cost impact, pricing, trade policy, or macro risk factor framed as trade tariffs)."
Interactive Brokers,IBKR,1381197,Financials,10-Q,2026-05-07,2026-03-31,0001381197-26-000093,0001381197-26-000093:ibkr-20260331.htm,10-Q,https://www.sec.gov/Archives/edgar/data/1381197/000138119726000093/0001381197-26-000093-index.htm,https://www.sec.gov/Archives/edgar/data/1381197/000138119726000093/ibkr-20260331.htm,ambiguous,"ial, the war in ukraine and the conflict in the middle east and related sanctions have created substantial uncertainty in the global economy and financial markets. finally, government actions such as tariff policy changes may create uncertainty that affects volumes and volatility in the financial markets. &#160; &#8226; our remaining market making activities, while not material, will continue to be impa",trade,"Genuine trade-tariff discussion (cost impact, pricing, trade policy, or macro risk factor framed as trade tariffs)."
Interactive Brokers,IBKR,1381197,Financials,10-Q,2025-11-05,2025-09-30,0001381197-25-000158,0001381197-25-000158:ibkr-20250930x10q.htm,10-Q,https://www.sec.gov/Archives/edgar/data/1381197/000138119725000158/0001381197-25-000158-index.htm,https://www.sec.gov/Archives/edgar/data/1381197/000138119725000158/ibkr-20250930x10q.htm,ambiguous,"anada, australia and hong kong. meanwhile, japan, europe and switzerland kept rates unchanged. the market continued to recover from concerns earlier this year about the potential imposition of global tariffs, with the s&amp;p 500 up 34% by quarter end from its april lows. this quarter, the market again saw the dominance of a small number of technology stocks (the so-called &#8216;&#8216;magnificent 7&#8",trade,"Genuine trade-tariff discussion (cost impact, pricing, trade policy, or macro risk factor framed as trade tariffs)."
Interactive Brokers,IBKR,1381197,Financials,10-Q,2025-08-06,2025-06-30,0001381197-25-000103,0001381197-25-000103:ibkr-20250630x10q.htm,10-Q,https://www.sec.gov/Archives/edgar/data/1381197/000138119725000103/0001381197-25-000103-index.htm,https://www.sec.gov/Archives/edgar/data/1381197/000138119725000103/ibkr-20250630x10q.htm,ambiguous,"cluding those in europe, switzerland, the u.k., and australia, while in the u.s., canada and hong kong rates were unchanged. early in the current quarter, the concern over the potential imposition of tariffs globally led to a sharp decline, with the s&amp;p 500 falling over 11% from the end of the first quarter to april 8. following that precipitous fall, the markets rebounded, with the s&amp;p 500 clos",trade,"Genuine trade-tariff discussion (cost impact, pricing, trade policy, or macro risk factor framed as trade tariffs)."
Johnson & Johnson,JNJ,200406,Health Care,8-K,2025-04-15,2025-04-15,0000200406-25-000110,0000200406-25-000110:a2025q1exhibit991.htm,EX-99.1,https://www.sec.gov/Archives/edgar/data/200406/000020040625000110/0000200406-25-000110-index.htm,https://www.sec.gov/Archives/edgar/data/200406/000020040625000110/a2025q1exhibit991.htm,ambiguous,"ttava &#8226; company increases full-year 2025 operational sales 2,5 guidance to reflect the addition of caplyta following the completion of the intra-cellular therapies acquisition &#8226; including tariff costs, dilution from the intra-cellular therapies acquisition, and updated foreign exchange, company maintains full-year 2025 adjusted reported eps 4 outlook of 6.2%* growth at the mid-point new brun",trade,"Genuine trade-tariff discussion (cost impact, pricing, trade policy, or macro risk factor framed as trade tariffs)."
Kenvue,KVUE,1944048,Consumer Staples,8-K,2025-05-08,2025-05-05,0000950157-25-000375,0000950157-25-000375:ex99-1.htm,EX-99.1,https://www.sec.gov/Archives/edgar/data/1944048/000095015725000375/0000950157-25-000375-index.htm,https://www.sec.gov/Archives/edgar/data/1944048/000095015725000375/ex99-1.htm,ambiguous,"sales 1 (1.2)% &#9679; maintains focus on accelerating profitable growth and optimizing cost structure, while successfully completing tsa exits &#9679; updates outlook for fy&#8217;25 for incremental tariff costs and currency summit, n.j. may&#160;8, 2025 &#8211; kenvue inc. (nyse: kvue) today announced financial results for the first quarter ended march 30, 2025. &#8220;in q1, our teams executed our pl",trade,"Genuine trade-tariff discussion (cost impact, pricing, trade policy, or macro risk factor framed as trade tariffs)."
LyondellBasell,LYB,1489393,Materials,8-K,2025-01-31,2025-01-31,0001489393-25-000004,0001489393-25-000004:a2024q4exhibit991.htm,EX-99.1,https://www.sec.gov/Archives/edgar/data/1489393/000148939325000004/0001489393-25-000004-index.htm,https://www.sec.gov/Archives/edgar/data/1489393/000148939325000004/a2024q4exhibit991.htm,ambiguous,"yb expects a gradual recovery in oxyfuel margins over the summer months, with strong octane premiums and the relatively low cost of butane raw materials supportive of long-term oxyfuels fundamentals. tariff and trade uncertainties are potential headwinds. consistent with the company's prior guidance, refining operations will cease in the first quarter of 2025, a strategic milestone paving the way for co",trade,"Genuine trade-tariff discussion (cost impact, pricing, trade policy, or macro risk factor framed as trade tariffs)."
Medtronic,MDT,1613103,Health Care,8-K,2025-08-19,2025-08-18,0001613103-25-000141,0001613103-25-000141:exhibit991-fy26q1earningsr.htm,EX-99.1,https://www.sec.gov/Archives/edgar/data/1613103/000161310325000141/0001613103-25-000141-index.htm,https://www.sec.gov/Archives/edgar/data/1613103/000161310325000141/exhibit991-fy26q1earningsr.htm,ambiguous,"mpact of foreign currency exchange, assuming recent foreign currency exchange rates, fy26 revenue growth on a reported basis would be in the range of 6.5% to 6.8%. excluding the potential impact from tariffs, medtronic now expects underlying fy26 diluted non-gaap eps growth to be approximately 4.5% versus the prior guidance of approximately 4%. including the reduced potential impact from tariffs of appr",trade,"Genuine trade-tariff discussion (cost impact, pricing, trade policy, or macro risk factor framed as trade tariffs)."
MetLife,MET,1099219,Financials,8-K,2025-04-30,2025-04-30,0001193125-25-107504,0001193125-25-107504:d948412dex991.htm,EX-99.1,https://www.sec.gov/Archives/edgar/data/1099219/000119312525107504/0001193125-25-107504-index.htm,https://www.sec.gov/Archives/edgar/data/1099219/000119312525107504/d948412dex991.htm,ambiguous,"e commission, and others, may cause such differences. these factors include: &nbsp; (1) economic condition difficulties, including risks relating to interest rates, the effects of announced or future tariff increases on the global economy, credit spreads, declining equity or debt markets, real estate, obligors and counterparties, government default, currency exchange rates, derivatives, climate change,",trade,"Genuine trade-tariff discussion (cost impact, pricing, trade policy, or macro risk factor framed as trade tariffs)."
MetLife,MET,1099219,Financials,8-K,2025-04-30,2025-04-30,0001099219-25-000133,0001099219-25-000133:ex991earningsreleasetables.htm,EX-99.1,https://www.sec.gov/Archives/edgar/data/1099219/000109921925000133/0001099219-25-000133-index.htm,https://www.sec.gov/Archives/edgar/data/1099219/000109921925000133/ex991earningsreleasetables.htm,ambiguous,"ange commission, and others, may cause such differences. these factors include&#58; (1) economic condition difficulties, including risks relating to interest rates, the effects of announced or future tariff increases on the global economy, credit spreads, declining equity or debt markets, real estate, obligors and counterparties, government default, currency exchange rates, derivatives, climate change,",trade,"Genuine trade-tariff discussion (cost impact, pricing, trade policy, or macro risk factor framed as trade tariffs)."
MetLife,MET,1099219,Financials,8-K,2025-08-06,2025-08-06,0001099219-25-000191,0001099219-25-000191:ex991earningsreleasetables.htm,EX-99.1,https://www.sec.gov/Archives/edgar/data/1099219/000109921925000191/0001099219-25-000191-index.htm,https://www.sec.gov/Archives/edgar/data/1099219/000109921925000191/ex991earningsreleasetables.htm,ambiguous,"ange commission, and others, may cause such differences. these factors include&#58; (1) economic condition difficulties, including risks relating to interest rates, the effects of announced or future tariff increases on the global economy, credit spreads, declining equity or debt markets, real estate, obligors and counterparties, government default, currency exchange rates, derivatives, climate change,",trade,"Genuine trade-tariff discussion (cost impact, pricing, trade policy, or macro risk factor framed as trade tariffs)."
MetLife,MET,1099219,Financials,8-K,2026-05-06,2026-05-06,0001099219-26-000032,0001099219-26-000032:ex991earningsreleasetables.htm,EX-99.1,https://www.sec.gov/Archives/edgar/data/1099219/000109921926000032/0001099219-26-000032-index.htm,https://www.sec.gov/Archives/edgar/data/1099219/000109921926000032/ex991earningsreleasetables.htm,ambiguous,"ange commission, and others, may cause such differences. these factors include&#58; (1) economic condition difficulties, including risks relating to interest rates, the effects of announced or future tariff increases on the global economy, credit spreads, declining equity or debt markets, changes in the value of assets under management, real estate, obligors and counterparties, government default or shu",trade,"Genuine trade-tariff discussion (cost impact, pricing, trade policy, or macro risk factor framed as trade tariffs)."
MetLife,MET,1099219,Financials,8-K,2025-11-05,2025-11-05,0001099219-25-000227,0001099219-25-000227:ex991earningsreleasetables.htm,EX-99.1,https://www.sec.gov/Archives/edgar/data/1099219/000109921925000227/0001099219-25-000227-index.htm,https://www.sec.gov/Archives/edgar/data/1099219/000109921925000227/ex991earningsreleasetables.htm,ambiguous,"ange commission, and others, may cause such differences. these factors include&#58; (1) economic condition difficulties, including risks relating to interest rates, the effects of announced or future tariff increases on the global economy, credit spreads, declining equity or debt markets, real estate, obligors and counterparties, government default or shutdown, currency exchange rates, derivatives, clim",trade,"Genuine trade-tariff discussion (cost impact, pricing, trade policy, or macro risk factor framed as trade tariffs)."
MetLife,MET,1099219,Financials,8-K,2026-02-04,2026-02-04,0001099219-26-000008,0001099219-26-000008:ex991earningsreleasetables.htm,EX-99.1,https://www.sec.gov/Archives/edgar/data/1099219/000109921926000008/0001099219-26-000008-index.htm,https://www.sec.gov/Archives/edgar/data/1099219/000109921926000008/ex991earningsreleasetables.htm,ambiguous,"ange commission, and others, may cause such differences. these factors include&#58; (1) economic condition difficulties, including risks relating to interest rates, the effects of announced or future tariff increases on the global economy, credit spreads, declining equity or debt markets, changes in the value of assets under management, real estate, obligors and counterparties, government default or shu",trade,"Genuine trade-tariff discussion (cost impact, pricing, trade policy, or macro risk factor framed as trade tariffs)."
Mettler Toledo,MTD,1037646,Health Care,8-K,2025-08-01,2025-07-31,0001037646-25-000037,0001037646-25-000037:ex-991mtd8xkq22025.htm,EX-99.1,https://www.sec.gov/Archives/edgar/data/1037646/000103764625000037/0001037646-25-000037-index.htm,https://www.sec.gov/Archives/edgar/data/1037646/000103764625000037/ex-991mtd8xkq22025.htm,ambiguous,"ely 3% to 4%. adjusted eps is forecast to be $10.55 to $10.75, a growth rate of 3% to 5%. included in the third quarter guidance is an estimated 5% gross headwind to adjusted eps growth due to higher tariff costs that is expected to be largely offset by mitigation actions. for the full year 2025, management anticipates local currency sales will increase approximately 1% to 2%, which includes a headwind",trade,"Genuine trade-tariff discussion (cost impact, pricing, trade policy, or macro risk factor framed as trade tariffs)."
Mettler Toledo,MTD,1037646,Health Care,8-K,2025-05-01,2025-05-01,0001037646-25-000019,0001037646-25-000019:ex-991mtd8xkq12025.htm,EX-99.1,https://www.sec.gov/Archives/edgar/data/1037646/000103764625000019/0001037646-25-000019-index.htm,https://www.sec.gov/Archives/edgar/data/1037646/000103764625000019/ex-991mtd8xkq12025.htm,ambiguous,"ly 0% to 1%. adjusted eps is forecast to be $9.45 to $9.70, a growth rate of down 2% to up 1%. included in the second quarter guidance is an estimated 3% headwind to adjusted eps growth due to higher tariff costs net of our mitigating actions. for the full year 2025, management anticipates local currency sales will increase approximately 1% to 2%, which includes a headwind of approximately 1.5% from the",trade,"Genuine trade-tariff discussion (cost impact, pricing, trade policy, or macro risk factor framed as trade tariffs)."
Molson Coors Beverage Company,TAP,24545,Consumer Staples,8-K,2025-08-05,2025-08-05,0000024545-25-000019,0000024545-25-000019:tapex99120250630earningsre.htm,EX-99.1,https://www.sec.gov/Archives/edgar/data/24545/000002454525000019/0000024545-25-000019-index.htm,https://www.sec.gov/Archives/edgar/data/24545/000002454525000019/tapex99120250630earningsre.htm,ambiguous,"tion and the timing of marketing spend. as a result of the anticipated ongoing macroeconomic impacts on the industry, our lower-than-expected u.s. share performance, and higher-than-expected indirect tariff impacts on the pricing of aluminum, in particular the midwest premium pricing, we have adjusted our 2025 full year top and bottom-line guidance. however, we are reaffirming our annual underlying free",trade,"Genuine trade-tariff discussion (cost impact, pricing, trade policy, or macro risk factor framed as trade tariffs)."
Molson Coors Beverage Company,TAP,24545,Consumer Staples,10-Q,2025-08-05,2025-06-30,0000024545-25-000021,0000024545-25-000021:tap-20250630.htm,10-Q,https://www.sec.gov/Archives/edgar/data/24545/000002454525000021/0000024545-25-000021-index.htm,https://www.sec.gov/Archives/edgar/data/24545/000002454525000021/tap-20250630.htm,ambiguous,"rt i.&#8212;item 2. management's discussion and analysis of financial condition and results of operations in this report, with respect to, among others, expectations and impacts of cost inflation and tariffs, limited consumer disposable income, consumer preferences, overall volume and market share trends, our competitive position, pricing trends, macroeconomic forces, beverage industry trends, cost redu",trade,"Genuine trade-tariff discussion (cost impact, pricing, trade policy, or macro risk factor framed as trade tariffs)."
Molson Coors Beverage Company,TAP,24545,Consumer Staples,10-Q,2025-11-04,2025-09-30,0000024545-25-000039,0000024545-25-000039:tap-20250930.htm,10-Q,https://www.sec.gov/Archives/edgar/data/24545/000002454525000039/0000024545-25-000039-index.htm,https://www.sec.gov/Archives/edgar/data/24545/000002454525000039/tap-20250930.htm,ambiguous,"rt i.&#8212;item 2. management's discussion and analysis of financial condition and results of operations in this report, with respect to, among others, expectations and impacts of cost inflation and tariffs, limited consumer disposable income, consumer preferences, overall volume and market share trends, our competitive position, pricing trends, macroeconomic forces, beverage industry trends, cost redu",trade,"Genuine trade-tariff discussion (cost impact, pricing, trade policy, or macro risk factor framed as trade tariffs)."
"Nike, Inc.",NKE,320187,Consumer Discretionary,8-K,2026-06-23,2026-06-16,0000320187-26-000070,0000320187-26-000070:pressrelease062326.htm,EX-99.1,https://www.sec.gov/Archives/edgar/data/320187/000032018726000070/0000320187-26-000070-index.htm,https://www.sec.gov/Archives/edgar/data/320187/000032018726000070/pressrelease062326.htm,ambiguous,"er fiscal 2026 results as previously announced, nike, inc. will report fourth quarter and fiscal year 2026 results on tuesday, june 30th at 2&#58;00 p.m. pt. these results will include a benefit from tariff refunds that was not contemplated in the company&#8217;s previously provided guidance. excluding this one-time benefit, fourth quarter results are expected to be generally in line with previously pro",trade,"Genuine trade-tariff discussion (cost impact, pricing, trade policy, or macro risk factor framed as trade tariffs)."
NiSource,NI,1111711,Utilities,10-Q,2025-10-29,2025-09-30,0001111711-25-000055,0001111711-25-000055:ni-ex101x20250930.htm,EX-10.1,https://www.sec.gov/Archives/edgar/data/1111711/000111171125000055/0001111711-25-000055-index.htm,https://www.sec.gov/Archives/edgar/data/1111711/000111171125000055/ni-ex101x20250930.htm,ambiguous,"rformance of, or compliance with, any obligations arising under any &#8220;special contract&#8221; entered into by nipsco and a large load or hyperscale customer or similar arrangement (including any tariff), which in each case are as submitted to the iurc and&#47;or otherwise consistent with applicable law at such time, 14 exhibit 10.1 including any applicable iurc rules and regulations and, in each ca",utility_only,NiSource/NIPSCO 'large load or hyperscale customer... special contract (including any tariff)' filed with IURC.
NiSource,NI,1111711,Utilities,10-Q,2025-05-07,2025-03-31,0001111711-25-000020,0001111711-25-000020:nix-20250331.htm,10-Q,https://www.sec.gov/Archives/edgar/data/1111711/000111171125000020/0001111711-25-000020-index.htm,https://www.sec.gov/Archives/edgar/data/1111711/000111171125000020/nix-20250331.htm,ambiguous,"8226; the outcome of legal and regulatory proceedings, investigations, incidents, claims and litigation; &#8226; compliance with changes in, or new interpretations of applicable laws, regulations and tariffs, including impacts of state and federal orders on our ability to carry out our business plan and growth strategy; &#8226; the cost of compliance with environmental laws and regulations and the costs",utility_only,"NiSource risk factor: 'changes in... laws, regulations and tariffs... state and federal orders' — generic utility regulatory risk, no trade signal."
NiSource,NI,1111711,Utilities,10-Q,2025-08-06,2025-06-30,0001111711-25-000036,0001111711-25-000036:nix-20250630.htm,10-Q,https://www.sec.gov/Archives/edgar/data/1111711/000111171125000036/0001111711-25-000036-index.htm,https://www.sec.gov/Archives/edgar/data/1111711/000111171125000036/nix-20250630.htm,ambiguous,"8226; the outcome of legal and regulatory proceedings, investigations, incidents, claims and litigation; &#8226; compliance with changes in, or new interpretations of applicable laws, regulations and tariffs, including impacts of state and federal orders on our ability to carry out our business plan and growth strategy; &#8226; the cost of compliance with environmental laws and regulations and the costs",utility_only,Same NiSource boilerplate as above.
NiSource,NI,1111711,Utilities,10-K,2026-02-11,2025-12-31,0001111711-26-000027,0001111711-26-000027:ni-ex1017x20251231.htm,EX-10.17,https://www.sec.gov/Archives/edgar/data/1111711/000111171126000027/0001111711-26-000027-index.htm,https://www.sec.gov/Archives/edgar/data/1111711/000111171126000027/ni-ex1017x20251231.htm,ambiguous,"rformance of, or compliance with, any obligations arising under any &#8220;special contract&#8221; entered into by nipsco and a large load or hyperscale customer or similar arrangement (including any tariff), which in each case are as submitted to the iurc and&#47;or otherwise consistent with applicable law at such time, including any applicable iurc rules and regulations and, in each case, which are on",utility_only,"NiSource/NIPSCO large-load special contract tariff, same as idx 125."
Norfolk Southern,NSC,702165,Industrials,10-Q,2026-07-23,2026-06-30,0001628280-26-049326,0001628280-26-049326:nsc-20260630.htm,10-Q,https://www.sec.gov/Archives/edgar/data/702165/000162828026049326/0001628280-26-049326-index.htm,https://www.sec.gov/Archives/edgar/data/702165/000162828026049326/nsc-20260630.htm,ambiguous,"f revenues to which we expect to be entitled for the transfer of promised goods or services to customers. a performance obligation is created when a customer under a transportation contract or public tariff submits a bill of lading to us for the transport of goods. these performance obligations are satisfied as the shipments move from origin to destination. as such, transportation revenues are recognize",utility_only,"Norfolk Southern 'public tariff' — common-carrier freight rate schedule (rail industry term of art), not a trade tariff."
Norfolk Southern,NSC,702165,Industrials,10-Q,2025-07-29,2025-06-30,0000702165-25-000028,0000702165-25-000028:nsc-20250630.htm,10-Q,https://www.sec.gov/Archives/edgar/data/702165/000070216525000028/0000702165-25-000028-index.htm,https://www.sec.gov/Archives/edgar/data/702165/000070216525000028/nsc-20250630.htm,ambiguous,"f revenues to which we expect to be entitled for the transfer of promised goods or services to customers. a performance obligation is created when a customer under a transportation contract or public tariff submits a bill of lading to us for the transport of goods. these performance obligations are satisfied as the shipments move from origin to destination. as such, transportation revenues are recognize",utility_only,Same Norfolk Southern rail-tariff boilerplate.
Norfolk Southern,NSC,702165,Industrials,10-Q,2025-10-23,2025-09-30,0001628280-25-046128,0001628280-25-046128:nsc-20250930.htm,10-Q,https://www.sec.gov/Archives/edgar/data/702165/000162828025046128/0001628280-25-046128-index.htm,https://www.sec.gov/Archives/edgar/data/702165/000162828025046128/nsc-20250930.htm,ambiguous,"f revenues to which we expect to be entitled for the transfer of promised goods or services to customers. a performance obligation is created when a customer under a transportation contract or public tariff submits a bill of lading to us for the transport of goods. these performance obligations are satisfied as the shipments move from origin to destination. as such, transportation revenues are recognize",utility_only,Same Norfolk Southern rail-tariff boilerplate.
NRG Energy,NRG,1013871,Utilities,10-Q,2025-08-06,2025-06-30,0001013871-25-000020,0001013871-25-000020:exhibit103nrgamendmentno5t.htm,EX-10.3,https://www.sec.gov/Archives/edgar/data/1013871/000101387125000020/0001013871-25-000020-index.htm,https://www.sec.gov/Archives/edgar/data/1013871/000101387125000020/exhibit103nrgamendmentno5t.htm,ambiguous,"limited liability company powers, have been duly authorized by all necessary limited liability company action and do not contravene or constitute a default (i) under any provision of applicable law, tariff or regulation, (ii) of the borrower&#8217;s certificate of formation or limited liability company agreement or (iii) of any agreement, judgment, injunction, decree or other instrument binding upon th",utility_only,"NRG generic legal definition ('applicable law, tariff or regulation')."
NRG Energy,NRG,1013871,Utilities,8-K,2026-03-04,2026-02-27,0001104659-26-023570,0001104659-26-023570:tm267426d5_1-1.htm,EX-1.1,https://www.sec.gov/Archives/edgar/data/1013871/000110465926023570/0001104659-26-023570-index.htm,https://www.sec.gov/Archives/edgar/data/1013871/000110465926023570/tm267426d5_1-1.htm,ambiguous,"pplicable in the industry (i)&nbsp;authorizing such subsidiary to engage in wholesale sales of energy, capacity and certain ancillary services and, to the extent permitted under its market-based rate tariff, other transactions, at market-based rates and (ii)&nbsp;granting such waivers and blanket authorizations as are customarily granted to entities with market-based rate authority, including blanket au",utility_only,NRG 'market-based rate tariff' — FERC wholesale power authority.
NRG Energy,NRG,1013871,Utilities,8-K,2026-04-28,2026-04-28,0001104659-26-050486,0001104659-26-050486:tm2612875d4_ex10-1.htm,EX-10.1,https://www.sec.gov/Archives/edgar/data/1013871/000110465926050486/0001104659-26-050486-index.htm,https://www.sec.gov/Archives/edgar/data/1013871/000110465926050486/tm2612875d4_ex10-1.htm,ambiguous,"y applicable in the industry: (x)&nbsp;authorizing it to engage in wholesale sales of electric energy, capacity and certain ancillary services and, to the extent permitted under its market-based rate tariff, other transactions at market-based rates and (y)&nbsp;granting such waivers and blanket authorizations as are customarily granted to entities with market-based rate authority, including blanket auth",utility_only,Same NRG FERC market-based-rate-tariff boilerplate.
NRG Energy,NRG,1013871,Utilities,10-K,2025-02-26,2024-12-31,0001013871-25-000006,0001013871-25-000006:exhibit103513thamendmentan.htm,EX-10.35,https://www.sec.gov/Archives/edgar/data/1013871/000101387125000006/0001013871-25-000006-index.htm,https://www.sec.gov/Archives/edgar/data/1013871/000101387125000006/exhibit103513thamendmentan.htm,ambiguous,"ly applicable in the industry&#58; (x) authorizing it to engage in wholesale sales of electric energy, capacity and certain ancillary services and, to the extent permitted under its market-based rate tariff, other transactions at market-based rates and (y) granting such waivers and blanket authorizations as are customarily granted to entities with market-based rate authority, including blanket authoriza",utility_only,Same NRG FERC market-based-rate-tariff boilerplate.
NRG Energy,NRG,1013871,Utilities,8-K,2025-07-25,2025-07-22,0001104659-25-070834,0001104659-25-070834:tm2521733d1_ex10-1.htm,EX-10.1,https://www.sec.gov/Archives/edgar/data/1013871/000110465925070834/0001104659-25-070834-index.htm,https://www.sec.gov/Archives/edgar/data/1013871/000110465925070834/tm2521733d1_ex10-1.htm,ambiguous,"y applicable in the industry: (x)&nbsp;authorizing it to engage in wholesale sales of electric energy, capacity and certain ancillary services and, to the extent permitted under its market-based rate tariff, other transactions at market-based rates and (y)&nbsp;granting such waivers and blanket authorizations as are customarily granted to entities with market-based rate authority, including blanket auth",utility_only,Same NRG FERC market-based-rate-tariff boilerplate.
NRG Energy,NRG,1013871,Utilities,10-Q,2025-08-06,2025-06-30,0001013871-25-000020,0001013871-25-000020:exhibit101-fourteenthamend.htm,EX-10.1,https://www.sec.gov/Archives/edgar/data/1013871/000101387125000020/0001013871-25-000020-index.htm,https://www.sec.gov/Archives/edgar/data/1013871/000101387125000020/exhibit101-fourteenthamend.htm,ambiguous,"ly applicable in the industry&#58; (x) authorizing it to engage in wholesale sales of electric energy, capacity and certain ancillary services and, to the extent permitted under its market-based rate tariff, other transactions at market-based rates and (y) granting such waivers and blanket authorizations as are customarily granted to entities with market-based rate authority, including blanket authoriza",utility_only,Same NRG FERC market-based-rate-tariff boilerplate.
Oneok,OKE,1039684,Energy,8-K,2025-02-24,2025-02-24,0001039684-25-000026,0001039684-25-000026:okeq42024earningsrelease.htm,EX-99.1,https://www.sec.gov/Archives/edgar/data/1039684/000103968425000026/0001039684-25-000026-index.htm,https://www.sec.gov/Archives/edgar/data/1039684/000103968425000026/okeq42024earningsrelease.htm,ambiguous,"nue; &#8226; a $73 million increase due to adjusted ebitda from medallion and enlink; and &#8226; a $39 million increase in transportation and storage due primarily to higher average refined products tariff rates; offset by &#8226; a $38 million increase in operating costs due primarily to higher employee-related costs. the increase in adjusted ebitda for the full year 2024, compared with 2023, primaril",utility_only,"Oneok 'refined products tariff rates' — FERC-regulated pipeline transportation tariff, not a trade tariff."
Oneok,OKE,1039684,Energy,8-K,2025-02-20,2025-02-14,0001213900-25-015669,0001213900-25-015669:ea023115801ex10-1_oneok.htm,EX-10.1,https://www.sec.gov/Archives/edgar/data/1039684/000121390025015669/0001213900-25-015669-index.htm,https://www.sec.gov/Archives/edgar/data/1039684/000121390025015669/ea023115801ex10-1_oneok.htm,ambiguous,"tributable to such material project for the twelve month period following the scheduled commercial operation date of such material project (such amount to be determined based on customer contracts or tariff-based customers relating to such material project, the creditworthiness of the other parties to such contracts or such tariff-based customers and projected revenues from such contracts, tariffs, capi",utility_only,"Oneok 'tariff-based customers' — pipeline contract structure, same non-trade sense."
Packaging Corporation of America,PKG,75677,Materials,8-K,2025-04-23,2025-04-22,0000950170-25-056867,0000950170-25-056867:pkg-ex99_1.htm,EX-99.1,https://www.sec.gov/Archives/edgar/data/75677/000095017025056867/0000950170-25-056867-index.htm,https://www.sec.gov/Archives/edgar/data/75677/000095017025056867/pkg-ex99_1.htm,ambiguous,"proven ability to respond quickly and effectively to external factors will serve us well during this period of economic uncertainty. we anticipate continued ambiguity relative to domestic and foreign tariff actions and their effect on global trade and our demand trends. therefore, we have made certain assumptions in our guidance to recognize potential negative impacts to volume and costs from this uncer",trade,"Genuine trade-tariff discussion (cost impact, pricing, trade policy, or macro risk factor framed as trade tariffs)."
Paychex,PAYX,723531,Industrials,10-K,2026-07-17,2026-05-31,0001193125-26-307785,0001193125-26-307785:payx-20260531.htm,10-K,https://www.sec.gov/Archives/edgar/data/723531/000119312526307785/0001193125-26-307785-index.htm,https://www.sec.gov/Archives/edgar/data/723531/000119312526307785/payx-20260531.htm,ambiguous,"d global economy and such impact could be materially adverse. &#160; we and our customers are subject to the impacts related to inflationary pressure, economic instability, changes in interest rates, tariffs, potential instability of the banking environment, climate change-based obligations, and other macroeconomic and/or 14 table of contents &#160; political events. banking volatility may subject us an",trade,"Genuine trade-tariff discussion (cost impact, pricing, trade policy, or macro risk factor framed as trade tariffs)."
Paychex,PAYX,723531,Industrials,10-K,2025-07-11,2025-05-31,0000950170-25-095300,0000950170-25-095300:payx-20250531.htm,10-K,https://www.sec.gov/Archives/edgar/data/723531/000095017025095300/0000950170-25-095300-index.htm,https://www.sec.gov/Archives/edgar/data/723531/000095017025095300/payx-20250531.htm,ambiguous,"and global economy and such impact could be materially adverse. &#160; we and our clients are subject to the impacts related to inflationary pressure, economic instability, changes in interest rates, tariffs, potential instability of the banking environment, climate change-based obligations, and other macroeconomic and/or political events. banking volatility may subject us and our clients to losses on u",trade,"Genuine trade-tariff discussion (cost impact, pricing, trade policy, or macro risk factor framed as trade tariffs)."
Philip Morris International,PM,1413329,Consumer Staples,10-Q,2026-04-24,2026-03-31,0001628280-26-027019,0001628280-26-027019:pm-20260331.htm,10-Q,https://www.sec.gov/Archives/edgar/data/1413329/000162828026027019/0001628280-26-027019-index.htm,https://www.sec.gov/Archives/edgar/data/1413329/000162828026027019/pm-20260331.htm,ambiguous,"oreclose or unreasonably restrict adult consumer access to products that might be a better consumer choice than continuing to smoke cigarettes. these regulations could also constitute, in effect, non-tariff barriers to trade. we oppose blanket bans and unreasonable restrictions of products that have the potential to present less risk of harm compared to continued cigarette smoking. by contrast, we suppo",trade,"Genuine trade-tariff discussion (cost impact, pricing, trade policy, or macro risk factor framed as trade tariffs)."
Philip Morris International,PM,1413329,Consumer Staples,10-Q,2026-07-24,2026-06-30,0001628280-26-049493,0001628280-26-049493:pm-20260630.htm,10-Q,https://www.sec.gov/Archives/edgar/data/1413329/000162828026049493/0001628280-26-049493-index.htm,https://www.sec.gov/Archives/edgar/data/1413329/000162828026049493/pm-20260630.htm,ambiguous,"oreclose or unreasonably restrict adult consumer access to products that might be a better consumer choice than continuing to smoke cigarettes. these regulations could also constitute, in effect, non-tariff barriers to trade. we oppose blanket bans and unreasonable restrictions of products that have the potential to present less risk of harm compared to continued cigarette smoking. by contrast, we suppo",trade,"Genuine trade-tariff discussion (cost impact, pricing, trade policy, or macro risk factor framed as trade tariffs)."
Pinnacle West Capital,PNW,764622,Utilities,10-Q,2025-05-01,2025-03-31,0000764622-25-000047,0000764622-25-000047:pnw-20250331.htm,10-Q,https://www.sec.gov/Archives/edgar/data/764622/000076462225000047/0000764622-25-000047-index.htm,https://www.sec.gov/Archives/edgar/data/764622/000076462225000047/pnw-20250331.htm,ambiguous,ber 2021-11-02 0000764622 pnw:arizonacorporationcommissionmember pnw:coalcommunitytransitionplanmember pnw:navajonationhopireservationmember 2021-11-02 0000764622 pnw:arizonarenewableenergystandardandtariffmember pnw:arizonapublicservicecompanymember pnw:arizonacorporationcommissionmember 2025-01-01 2025-03-31 0000764622 pnw:arizonarenewableenergystandardandtariff2018member pnw:arizonapublicservicecompa,utility_only,"Pinnacle West XBRL tag 'ArizonaRenewableEnergyStandardAndTariff' — ACC rate program, not trade."
Pinnacle West Capital,PNW,764622,Utilities,10-Q,2026-05-04,2026-03-31,0000764622-26-000025,0000764622-26-000025:pnw-20260331.htm,10-Q,https://www.sec.gov/Archives/edgar/data/764622/000076462226000025/0000764622-26-000025-index.htm,https://www.sec.gov/Archives/edgar/data/764622/000076462226000025/pnw-20260331.htm,ambiguous,764622 pnw:ratecasefilingwitharizonacorporationcommissionmember pnw:arizonapublicservicecompanymember pnw:arizonacorporationcommissionmember 2024-02-22 0000764622 pnw:arizonarenewableenergystandardandtariffmember pnw:arizonapublicservicecompanymember pnw:arizonacorporationcommissionmember 2026-01-01 2026-03-31 0000764622 pnw:arizonarenewableenergystandardandtariff2018member pnw:arizonapublicservicecompa,utility_only,Same Pinnacle West XBRL renewable-tariff tag.
Pinnacle West Capital,PNW,764622,Utilities,10-K,2025-02-25,2024-12-31,0000764622-25-000023,0000764622-25-000023:pnw-20241231.htm,10-K,https://www.sec.gov/Archives/edgar/data/764622/000076462225000023/0000764622-25-000023-index.htm,https://www.sec.gov/Archives/edgar/data/764622/000076462225000023/pnw-20241231.htm,ambiguous,onapublicservicecompanymember pnw:arizonacorporationcommissionmember pnw:coalcommunitytransitionplanmember pnw:navajonationreservationmember 2023-06-14 0000764622 pnw:arizonarenewableenergystandardandtariffmember pnw:arizonapublicservicecompanymember pnw:arizonacorporationcommissionmember 2024-01-01 2024-12-31 0000764622 pnw:arizonarenewableenergystandardandtariff2018member pnw:arizonapublicservicecompa,utility_only,Same Pinnacle West XBRL renewable-tariff tag.
Pinnacle West Capital,PNW,764622,Utilities,10-Q,2025-08-06,2025-06-30,0000764622-25-000072,0000764622-25-000072:pnw-20250630.htm,10-Q,https://www.sec.gov/Archives/edgar/data/764622/000076462225000072/0000764622-25-000072-index.htm,https://www.sec.gov/Archives/edgar/data/764622/000076462225000072/pnw-20250630.htm,ambiguous,ber 2019-10-31 0000764622 pnw:navajonationhopireservationmember pnw:coalcommunitytransitionplanmember pnw:arizonacorporationcommissionmember 2019-10-31 0000764622 pnw:arizonarenewableenergystandardandtariffmember pnw:arizonapublicservicecompanymember pnw:arizonacorporationcommissionmember 2025-01-01 2025-06-30 0000764622 pnw:arizonarenewableenergystandardandtariff2018member pnw:arizonapublicservicecompa,utility_only,Same Pinnacle West XBRL renewable-tariff tag.
Pinnacle West Capital,PNW,764622,Utilities,10-Q,2025-11-03,2025-09-30,0000764622-25-000087,0000764622-25-000087:pnw-20250930.htm,10-Q,https://www.sec.gov/Archives/edgar/data/764622/000076462225000087/0000764622-25-000087-index.htm,https://www.sec.gov/Archives/edgar/data/764622/000076462225000087/pnw-20250930.htm,ambiguous,764622 pnw:ratecasefilingwitharizonacorporationcommissionmember pnw:arizonapublicservicecompanymember pnw:arizonacorporationcommissionmember 2024-02-22 0000764622 pnw:arizonarenewableenergystandardandtariffmember pnw:arizonapublicservicecompanymember pnw:arizonacorporationcommissionmember 2025-01-01 2025-09-30 0000764622 pnw:arizonarenewableenergystandardandtariff2018member pnw:arizonapublicservicecompa,utility_only,Same Pinnacle West XBRL renewable-tariff tag.
Pinnacle West Capital,PNW,764622,Utilities,10-K,2026-02-25,2025-12-31,0000764622-26-000011,0000764622-26-000011:pnw-20251231.htm,10-K,https://www.sec.gov/Archives/edgar/data/764622/000076462226000011/0000764622-26-000011-index.htm,https://www.sec.gov/Archives/edgar/data/764622/000076462226000011/pnw-20251231.htm,ambiguous,764622 pnw:ratecasefilingwitharizonacorporationcommissionmember pnw:arizonapublicservicecompanymember pnw:arizonacorporationcommissionmember 2024-02-22 0000764622 pnw:arizonarenewableenergystandardandtariffmember pnw:arizonapublicservicecompanymember pnw:arizonacorporationcommissionmember 2025-01-01 2025-12-31 0000764622 pnw:arizonarenewableenergystandardandtariff2018member pnw:arizonapublicservicecompa,utility_only,Same Pinnacle West XBRL renewable-tariff tag.
PPG Industries,PPG,79879,Materials,10-Q,2025-07-30,2025-06-30,0000079879-25-000223,0000079879-25-000223:ppg-20250630.htm,10-Q,https://www.sec.gov/Archives/edgar/data/79879/000007987925000223/0000079879-25-000223-index.htm,https://www.sec.gov/Archives/edgar/data/79879/000007987925000223/ppg-20250630.htm,ambiguous,"uct categories were above prior-year levels, including solid growth in general finishes and coil. the most pronounced weakness was in extrusion and consumer electronics as those markets slowed due to tariff uncertainty. packaging coatings organic sales increased by a high single-digit percentage compared to the prior-year quarter due to higher sales volumes in all regions driven by share gains, includin",trade,"Genuine trade-tariff discussion (cost impact, pricing, trade policy, or macro risk factor framed as trade tariffs)."
PPG Industries,PPG,79879,Materials,10-Q,2025-04-30,2025-03-31,0000079879-25-000133,0000079879-25-000133:ppg-20250331.htm,10-Q,https://www.sec.gov/Archives/edgar/data/79879/000007987925000133/0000079879-25-000133-index.htm,https://www.sec.gov/Archives/edgar/data/79879/000007987925000133/ppg-20250331.htm,ambiguous,"is expected to follow a similar trend. aggregate organic sales for the segment are anticipated to be in the range of a low-to-mid single-digit percentage decrease compared to the second quarter 2024. tariff impact and mitigation ppg is impacted by the economic and political conditions in the markets we serve, which includes effects related to the imposition and magnitude of tariffs. the current global m",trade,"Genuine trade-tariff discussion (cost impact, pricing, trade policy, or macro risk factor framed as trade tariffs)."
PPG Industries,PPG,79879,Materials,10-Q,2026-04-29,2026-03-31,0000079879-26-000170,0000079879-26-000170:ppg-20260331.htm,10-Q,https://www.sec.gov/Archives/edgar/data/79879/000007987926000170/0000079879-26-000170-index.htm,https://www.sec.gov/Archives/edgar/data/79879/000007987926000170/ppg-20260331.htm,ambiguous,"sales for the segment are anticipated to be in the range of flat to a positive low single-digit percentage compared to the second quarter 2025 driven by flat selling prices and higher sales volumes. tariff impact and mitigation ppg is impacted by the economic and political conditions in the markets we serve, which includes effects related to the imposition and magnitude of tariffs. the current global m",trade,"Genuine trade-tariff discussion (cost impact, pricing, trade policy, or macro risk factor framed as trade tariffs)."
PPG Industries,PPG,79879,Materials,10-Q,2025-10-29,2025-09-30,0000079879-25-000311,0000079879-25-000311:ppg-20250930.htm,10-Q,https://www.sec.gov/Archives/edgar/data/79879/000007987925000311/0000079879-25-000311-index.htm,https://www.sec.gov/Archives/edgar/data/79879/000007987925000311/ppg-20250930.htm,ambiguous,"benefits. as a result, fourth quarter aggregate organic sales for the segment are anticipated to be in the range of flat to a positive low single-digit percentage compared to the fourth quarter 2024. tariff impact and mitigation ppg is impacted by the economic and political conditions in the markets we serve, which includes effects related to the imposition and magnitude of tariffs. the current global m",trade,"Genuine trade-tariff discussion (cost impact, pricing, trade policy, or macro risk factor framed as trade tariffs)."
PPL Corporation,PPL,922224,Utilities,8-K,2026-03-13,2026-03-13,0000922224-26-000020,0000922224-26-000020:ppl-03132026exhibit991.htm,EX-99.1,https://www.sec.gov/Archives/edgar/data/922224/000092222426000020/0000922224-26-000020-index.htm,https://www.sec.gov/Archives/edgar/data/922224/000092222426000020/ppl-03132026exhibit991.htm,ambiguous,"ng small businesses by mitigating cost impacts of net-metered distributed generation and providing flexible payment options. &#8226; creating a new large load customer rate class and electric service tariff with a 10-year load and financial commitment. this new rate class will provide $11 million in support for the residential low-income program, helping reduce costs for residential customers, and inclu",utility_only,PPL 'new large load customer rate class and electric service tariff' — utility rate filing.
PPL Corporation,PPL,922224,Utilities,8-K,2025-02-28,2025-02-28,0000922224-25-000011,0000922224-25-000011:ppl-20250228.htm,8-K,https://www.sec.gov/Archives/edgar/data/922224/000092222425000011/0000922224-25-000011-index.htm,https://www.sec.gov/Archives/edgar/data/922224/000092222425000011/ppl-20250228.htm,ambiguous,"owned by lg&amp;e and ku in respective 32% and 68% shares, with actual project costs allocated consistent with the companies' ultimate ownership shares and existing shared dispatch, cost allocation, tariff or other frameworks. the proposed mill creek ngcc is in addition to a new ngcc generating unit currently under construction at that location. the filing also notes projected in service dates for the",utility_only,PPL 'tariff or other frameworks' — cost allocation among regulated utility subsidiaries.
PPL Corporation,PPL,922224,Utilities,8-K,2026-02-17,2026-02-16,0000922224-26-000004,0000922224-26-000004:ppl-20260216.htm,8-K,https://www.sec.gov/Archives/edgar/data/922224/000092222426000004/0000922224-26-000004-index.htm,https://www.sec.gov/Archives/edgar/data/922224/000092222426000004/ppl-20260216.htm,ambiguous,"uity of 9.775% for base rate purposes and 9.675% for capital rate adjustment mechanisms. the kpsc orders approve the companies' requests for establishment of certain new rate adjustment mechanisms or tariffs, with modifications; &#8226; a temporary pilot generation recovery adjustment clause (""adjustment clause pgr"") to provide recovery and return on investment of applicable costs of certain new generat",utility_only,PPL 'rate adjustment mechanisms or tariffs' — KPSC order.
Prologis,PLD,1045609,Real Estate,10-Q,2025-10-28,2025-09-30,0001193125-25-253512,0001193125-25-253512:pld-20250930.htm,10-Q,https://www.sec.gov/Archives/edgar/data/1045609/000119312525253512/0001193125-25-253512-index.htm,https://www.sec.gov/Archives/edgar/data/1045609/000119312525253512/pld-20250930.htm,ambiguous,"mary of the nine months ended september 30, 2025 &#160; our operating results and leasing activity remained resilient during the nine months ended september 30, 2025, despite economic disruption from tariff policy proposals. due to increases in market rents over the past several years, our existing lease mark-to-market continued to drive rent change on rollover and same-store growth in our o&amp;m portf",trade,"Genuine trade-tariff discussion (cost impact, pricing, trade policy, or macro risk factor framed as trade tariffs)."
Raymond James Financial,RJF,720005,Financials,8-K,2025-04-23,2025-04-23,0000720005-25-000049,0000720005-25-000049:rjf20250331q225earnings.htm,EX-99.1,https://www.sec.gov/Archives/edgar/data/720005/000072000525000049/0000720005-25-000049-index.htm,https://www.sec.gov/Archives/edgar/data/720005/000072000525000049/rjf20250331q225earnings.htm,ambiguous,"vide high-quality financial advice to their clients. the investment banking pipeline remains robust, although the timing of closings has been impacted by the macroeconomic uncertainty associated with tariff negotiations. our strong balance sheet, with capital well above regulatory requirements and corporate cash well in excess of our targets, should help us navigate this period from a position of streng",trade,"Genuine trade-tariff discussion (cost impact, pricing, trade policy, or macro risk factor framed as trade tariffs)."
Regions Financial Corporation,RF,1281761,Financials,8-K,2026-01-16,2026-01-16,0001281761-26-000006,0001281761-26-000006:rf-20251231xexhibit993.htm,EX-99.3,https://www.sec.gov/Archives/edgar/data/1281761/000128176126000006/0001281761-26-000006-index.htm,https://www.sec.gov/Archives/edgar/data/1281761/000128176126000006/rf-20251231xexhibit993.htm,ambiguous,"t &#8226; north american class 8 truck orders jumped to their highest level in more than three years in december 2025, however industry experts believe this was reflective of pent-up demand following tariff uncertainty coupled with clarity on new emissions rules, rather than a signal of true demand inflection &#8226; while there is cautious optimism headed into 2026 as excess capacity continues to decre",trade,"Genuine trade-tariff discussion (cost impact, pricing, trade policy, or macro risk factor framed as trade tariffs)."
Regions Financial Corporation,RF,1281761,Financials,10-Q,2025-11-04,2025-09-30,0001281761-25-000080,0001281761-25-000080:rf-20250930.htm,10-Q,https://www.sec.gov/Archives/edgar/data/1281761/000128176125000080/0001281761-25-000080-index.htm,https://www.sec.gov/Archives/edgar/data/1281761/000128176125000080/rf-20250930.htm,ambiguous,"sults and conditions. &#8226; possible changes in trade, monetary and fiscal policies of, and other activities undertaken by, governments, agencies, central banks and similar organizations, including tariffs, which could have a material adverse effect on our businesses and our financial results and conditions. &#8226; changes in market interest rates or capital markets could adversely affect our revenue",trade,"Genuine trade-tariff discussion (cost impact, pricing, trade policy, or macro risk factor framed as trade tariffs)."
Regions Financial Corporation,RF,1281761,Financials,8-K,2025-07-18,2025-07-18,0001281761-25-000058,0001281761-25-000058:rf-2025630xexhibit993.htm,EX-99.3,https://www.sec.gov/Archives/edgar/data/1281761/000128176125000058/0001281761-25-000058-index.htm,https://www.sec.gov/Archives/edgar/data/1281761/000128176125000058/rf-2025630xexhibit993.htm,ambiguous,"ators pushing out their forecasts for a recovery as demand remains relatively low &#8226; while the trucking industry has experienced marginal improvement in 2025, inconsistent volumes resulting from tariff policies and rising operating costs have made profitability more challenging &#8226; our origination strategy is focused on limiting new volume, especially for smaller trucking deals at this point in",trade,"Genuine trade-tariff discussion (cost impact, pricing, trade policy, or macro risk factor framed as trade tariffs)."
Regions Financial Corporation,RF,1281761,Financials,8-K,2026-02-09,2026-02-09,0001281761-26-000012,0001281761-26-000012:a1q26investormeetingmate.htm,EX-99.1,https://www.sec.gov/Archives/edgar/data/1281761/000128176126000012/0001281761-26-000012-index.htm,https://www.sec.gov/Archives/edgar/data/1281761/000128176126000012/a1q26investormeetingmate.htm,ambiguous,"t &#8226; north american class 8 truck orders jumped to their highest level in more than three years in december 2025, however industry experts believe this was reflective of pent-up demand following tariff uncertainty coupled with clarity on new emissions rules, rather than a signal of true demand inflection &#8226; while there is cautious optimism headed into 2026 as excess capacity continues to decre",trade,"Genuine trade-tariff discussion (cost impact, pricing, trade policy, or macro risk factor framed as trade tariffs)."
Regions Financial Corporation,RF,1281761,Financials,8-K,2025-08-19,2025-08-19,0001281761-25-000069,0001281761-25-000069:a3q25investormeetingmate.htm,EX-99.1,https://www.sec.gov/Archives/edgar/data/1281761/000128176125000069/0001281761-25-000069-index.htm,https://www.sec.gov/Archives/edgar/data/1281761/000128176125000069/a3q25investormeetingmate.htm,ambiguous,"ators pushing out their forecasts for a recovery as demand remains relatively low &#8226; while the trucking industry has experienced marginal improvement in 2025, inconsistent volumes resulting from tariff policies and rising operating costs have made profitability more challenging &#8226; our origination strategy is focused on limiting new volume, especially for smaller trucking deals at this point in",trade,"Genuine trade-tariff discussion (cost impact, pricing, trade policy, or macro risk factor framed as trade tariffs)."
Regions Financial Corporation,RF,1281761,Financials,10-Q,2025-08-05,2025-06-30,0001281761-25-000063,0001281761-25-000063:rf-20250630.htm,10-Q,https://www.sec.gov/Archives/edgar/data/1281761/000128176125000063/0001281761-25-000063-index.htm,https://www.sec.gov/Archives/edgar/data/1281761/000128176125000063/rf-20250630.htm,ambiguous,"sults and conditions. &#8226; possible changes in trade, monetary and fiscal policies of, and other activities undertaken by, governments, agencies, central banks and similar organizations, including tariffs, which could have a material adverse effect on our businesses and our financial results and conditions. &#8226; changes in market interest rates or capital markets could adversely affect our revenue",trade,"Genuine trade-tariff discussion (cost impact, pricing, trade policy, or macro risk factor framed as trade tariffs)."
Revvity,RVTY,31791,Health Care,8-K,2025-04-28,2025-04-28,0000031791-25-000012,0000031791-25-000012:q12025pressrelease.htm,EX-99.1,https://www.sec.gov/Archives/edgar/data/31791/000003179125000012/0000031791-25-000012-index.htm,https://www.sec.gov/Archives/edgar/data/31791/000003179125000012/q12025pressrelease.htm,ambiguous,"l our products declining or not growing as anticipated&#59; (2) fluctuations in the global economic and political environments, including as the result of recently implemented and recently threatened tariff increases&#59; (3) our failure to introduce new products in a timely manner&#59; (4) our ability to execute acquisitions and divestitures, license technologies, or to successfully integrate acquired",trade,"Genuine trade-tariff discussion (cost impact, pricing, trade policy, or macro risk factor framed as trade tariffs)."
Revvity,RVTY,31791,Health Care,8-K,2025-07-28,2025-07-28,0000031791-25-000022,0000031791-25-000022:q22025pressrelease.htm,EX-99.1,https://www.sec.gov/Archives/edgar/data/31791/000003179125000022/0000031791-25-000022-index.htm,https://www.sec.gov/Archives/edgar/data/31791/000003179125000022/q22025pressrelease.htm,ambiguous,"l our products declining or not growing as anticipated&#59; (2) fluctuations in the global economic and political environments, including as the result of recently implemented and recently threatened tariff increases&#59; (3) our failure to introduce new products in a timely manner&#59; (4) our ability to execute acquisitions and divestitures, license technologies, or to successfully integrate acquired",trade,"Genuine trade-tariff discussion (cost impact, pricing, trade policy, or macro risk factor framed as trade tariffs)."
Revvity,RVTY,31791,Health Care,8-K,2025-10-27,2025-10-27,0000031791-25-000032,0000031791-25-000032:q32025pressrelease.htm,EX-99.1,https://www.sec.gov/Archives/edgar/data/31791/000003179125000032/0000031791-25-000032-index.htm,https://www.sec.gov/Archives/edgar/data/31791/000003179125000032/q32025pressrelease.htm,ambiguous,"l our products declining or not growing as anticipated&#59; (2) fluctuations in the global economic and political environments, including as the result of recently implemented and recently threatened tariff increases&#59; (3) our failure to introduce new products in a timely manner&#59; (4) our ability to execute acquisitions and divestitures, license technologies, or to successfully integrate acquired",trade,"Genuine trade-tariff discussion (cost impact, pricing, trade policy, or macro risk factor framed as trade tariffs)."
Revvity,RVTY,31791,Health Care,8-K,2026-02-02,2026-02-02,0000031791-26-000007,0000031791-26-000007:q42025pressrelease.htm,EX-99.1,https://www.sec.gov/Archives/edgar/data/31791/000003179126000007/0000031791-26-000007-index.htm,https://www.sec.gov/Archives/edgar/data/31791/000003179126000007/q42025pressrelease.htm,ambiguous,"l our products declining or not growing as anticipated&#59; (2) fluctuations in the global economic and political environments, including as the result of recently implemented and recently threatened tariff increases&#59; (3) our failure to introduce new products in a timely manner&#59; (4) our ability to execute acquisitions and divestitures, license technologies, or to successfully integrate acquired",trade,"Genuine trade-tariff discussion (cost impact, pricing, trade policy, or macro risk factor framed as trade tariffs)."
Revvity,RVTY,31791,Health Care,8-K,2026-05-05,2026-05-05,0000031791-26-000016,0000031791-26-000016:q12026pressrelease.htm,EX-99.1,https://www.sec.gov/Archives/edgar/data/31791/000003179126000016/0000031791-26-000016-index.htm,https://www.sec.gov/Archives/edgar/data/31791/000003179126000016/q12026pressrelease.htm,ambiguous,"l our products declining or not growing as anticipated&#59; (2) fluctuations in the global economic and political environments, including as the result of recently implemented and recently threatened tariff increases&#59; (3) our failure to introduce new products in a timely manner&#59; (4) our ability to execute acquisitions and divestitures, license technologies, or to successfully integrate acquired",trade,"Genuine trade-tariff discussion (cost impact, pricing, trade policy, or macro risk factor framed as trade tariffs)."
Ross Stores,ROST,745732,Consumer Discretionary,8-K,2026-05-21,2026-05-21,0000745732-26-000025,0000745732-26-000025:q126exhibit991.htm,EX-99.1,https://www.sec.gov/Archives/edgar/data/745732/000074573226000025/0000745732-26-000025-index.htm,https://www.sec.gov/Archives/edgar/data/745732/000074573226000025/q126exhibit991.htm,ambiguous,"rkets&#59; continuing inflation and other external economic events and trends may have significant negative effects on our costs, and also on consumer confidence, shopping behavior, and spending&#59; tariff increases (or threats of increases), and other changes and uncertainty in u.s. trade or tax policy regarding apparel, home-related merchandise, shoes, and other goods we sell that is produced in othe",trade,"Genuine trade-tariff discussion (cost impact, pricing, trade policy, or macro risk factor framed as trade tariffs)."
Ross Stores,ROST,745732,Consumer Discretionary,10-Q,2025-09-10,2025-08-02,0000745732-25-000052,0000745732-25-000052:formofperfsharesgrantagree.htm,EX-10.2,https://www.sec.gov/Archives/edgar/data/745732/000074573225000052/0000745732-25-000052-index.htm,https://www.sec.gov/Archives/edgar/data/745732/000074573225000052/formofperfsharesgrantagree.htm,ambiguous,"nd amended and restated ross stores, inc. incentive compensation plan or any successor to such plan, granted in each case, with respect to the performance period, and (ii) subject to the exclusion of tariff-related costs and margin impact as determined by the committee, in its discretion, using approved adjustment factors. 1 (b) &#8220; adjusted pre-tax profit multiplier &#8221; means a number determine",trade,"Genuine trade-tariff discussion (cost impact, pricing, trade policy, or macro risk factor framed as trade tariffs)."
SBA Communications,SBAC,1034054,Real Estate,8-K,2025-04-28,2025-04-28,0001193125-25-100556,0001193125-25-100556:d788453dex991.htm,EX-99.1,https://www.sec.gov/Archives/edgar/data/1034054/000119312525100556/0001193125-25-100556-index.htm,https://www.sec.gov/Archives/edgar/data/1034054/000119312525100556/d788453dex991.htm,ambiguous,"46; ongoing network investments, (xi)&nbsp;the impact of its backlog on activity levels throughout the year , (xii) the impact of macro-economic conditions on its business, including from the current tariff policies,(xiii) its focus areas for 2025 and its ability to excel in such areas, and (xiv)&nbsp;churn for the full year 2025 and beyond. &nbsp; 5 the company wishes to caution readers that these forw",trade,"Genuine trade-tariff discussion (cost impact, pricing, trade policy, or macro risk factor framed as trade tariffs)."
Sempra,SRE,1032208,Utilities,8-K,2026-03-26,2026-03-23,0001032208-26-000016,0001032208-26-000016:sresdge-20260323.htm,8-K,https://www.sec.gov/Archives/edgar/data/1032208/000103220826000016/0001032208-26-000016-index.htm,https://www.sec.gov/Archives/edgar/data/1032208/000103220826000016/sresdge-20260323.htm,ambiguous,"iture plans and their potential impact on rate base or other growth; changes, due to evolving economic, political and other factors, to (i) trade and other foreign policy, including the imposition of tariffs by the u.s. and foreign countries, and (ii) laws and regulations, including those related to tax and the energy industry in the u.s. and mexico; litigation, arbitration, property disputes and other",trade,"Genuine trade-tariff discussion (cost impact, pricing, trade policy, or macro risk factor framed as trade tariffs)."
Sempra,SRE,1032208,Utilities,8-K,2026-04-17,2026-04-17,0001032208-26-000020,0001032208-26-000020:sempra-20260417.htm,8-K,https://www.sec.gov/Archives/edgar/data/1032208/000103220826000020/0001032208-26-000020-index.htm,https://www.sec.gov/Archives/edgar/data/1032208/000103220826000020/sempra-20260417.htm,ambiguous,"iture plans and their potential impact on rate base or other growth; changes, due to evolving economic, political and other factors, to (i) trade and other foreign policy, including the imposition of tariffs by the u.s. and foreign countries, and (ii) laws and regulations, including those related to tax and the energy industry in the u.s. and mexico; litigation, arbitration, property disputes and other",trade,"Genuine trade-tariff discussion (cost impact, pricing, trade policy, or macro risk factor framed as trade tariffs)."
Sempra,SRE,1032208,Utilities,8-K,2026-02-26,2026-02-26,0001032208-26-000008,0001032208-26-000008:ex99_1x20251231xearningsta.htm,EX-99.1,https://www.sec.gov/Archives/edgar/data/1032208/000103220826000008/0001032208-26-000008-index.htm,https://www.sec.gov/Archives/edgar/data/1032208/000103220826000008/ex99_1x20251231xearningsta.htm,ambiguous,"e plans and their potential impact on rate base or other growth&#59; changes, due to evolving economic, political and other factors, to (i) trade and other foreign policy, including the imposition of tariffs by the u.s. and foreign countries, and (ii) laws and regulations, including those related to tax and the energy industry in the u.s. and mexico&#59; litigation, arbitration, property disputes and ot",trade,"Genuine trade-tariff discussion (cost impact, pricing, trade policy, or macro risk factor framed as trade tariffs)."
Sempra,SRE,1032208,Utilities,10-Q,2025-05-08,2025-03-31,0001032208-25-000027,0001032208-25-000027:sre-20250331.htm,10-Q,https://www.sec.gov/Archives/edgar/data/1032208/000103220825000027/0001032208-25-000027-index.htm,https://www.sec.gov/Archives/edgar/data/1032208/000103220825000027/sre-20250331.htm,ambiguous,"lans and their potential impact on rate base or other growth &#9642; changes, due to evolving economic, political and other factors, to (i) trade and other foreign policy, including the imposition of tariffs by the u.s. and foreign countries, and (ii) laws and regulations, including those related to tax and the energy industry in the u.s. and mexico &#9642; litigation, arbitration, property disputes and",trade,"Genuine trade-tariff discussion (cost impact, pricing, trade policy, or macro risk factor framed as trade tariffs)."
Sempra,SRE,1032208,Utilities,10-Q,2025-08-07,2025-06-30,0001032208-25-000048,0001032208-25-000048:sre-20250630.htm,10-Q,https://www.sec.gov/Archives/edgar/data/1032208/000103220825000048/0001032208-25-000048-index.htm,https://www.sec.gov/Archives/edgar/data/1032208/000103220825000048/sre-20250630.htm,ambiguous,"lans and their potential impact on rate base or other growth &#9642; changes, due to evolving economic, political and other factors, to (i) trade and other foreign policy, including the imposition of tariffs by the u.s. and foreign countries, and (ii) laws and regulations, including those related to tax and the energy industry in the u.s. and mexico &#9642; litigation, arbitration, property disputes and",trade,"Genuine trade-tariff discussion (cost impact, pricing, trade policy, or macro risk factor framed as trade tariffs)."
Skyworks Solutions,SWKS,4127,Information Technology,8-K,2026-01-30,2026-01-30,0001104659-26-008644,0001104659-26-008644:tm264402d1_8k.htm,8-K,https://www.sec.gov/Archives/edgar/data/4127/000110465926008644/0001104659-26-008644-index.htm,https://www.sec.gov/Archives/edgar/data/4127/000110465926008644/tm264402d1_8k.htm,ambiguous,"to, among other things, maintaining or growing qorvo&#8217;s share in the segments in which it operates; completing announced factory consolidation activities; maintaining cost discipline; executing tariff mitigation strategies; achieving design wins with existing customers; and executing on potential acquisitions, divestitures and other strategic investments. as such assumptions are subject to risks a",trade,"Genuine trade-tariff discussion (cost impact, pricing, trade policy, or macro risk factor framed as trade tariffs)."
J.M. Smucker Company (The),SJM,91419,Consumer Staples,8-K,2026-06-09,2026-06-09,0000091419-26-000047,0000091419-26-000047:sjm06092026exhibit991.htm,EX-99.1,https://www.sec.gov/Archives/edgar/data/91419/000009141926000047/0000091419-26-000047-index.htm,https://www.sec.gov/Archives/edgar/data/91419/000009141926000047/sjm06092026exhibit991.htm,ambiguous,". operating income gross profit increased $38.8 million, or 5 percent. the increase primarily reflects higher net price realization, partially offset by higher costs, inclusive of commodity costs and tariffs, and unfavorable volume&#47;mix. operating income increased $1,043.6 million, primarily reflecting the lapping of noncash impairment charges related to the goodwill of the sweet baked snacks reporti",trade,"Genuine trade-tariff discussion (cost impact, pricing, trade policy, or macro risk factor framed as trade tariffs)."
Snap-on,SNA,91440,Industrials,8-K,2026-02-05,2026-02-05,0000091440-26-000008,0000091440-26-000008:q42025pressreleaseforpress.htm,EX-99,https://www.sec.gov/Archives/edgar/data/91440/000009144026000008/0000091440-26-000008-index.htm,https://www.sec.gov/Archives/edgar/data/91440/000009144026000008/q42025pressreleaseforpress.htm,ambiguous,"uring gains in our international operations, while making further investments to build on - more - - 2 - our decisive strengths. recent months have seen significant disruptions, including fluctuating tariff levels, a prolonged u.s. government shutdown, and a number of unprecedented international and domestic incidents&#8230;conditions that served to raise the intensity of customer uncertainty. in that r",trade,"Genuine trade-tariff discussion (cost impact, pricing, trade policy, or macro risk factor framed as trade tariffs)."
Solventum,SOLV,1964738,Health Care,8-K,2025-12-16,2025-12-16,0001964738-25-000094,0001964738-25-000094:solvdecember2025shareholde.htm,EX-99.1,https://www.sec.gov/Archives/edgar/data/1964738/000196473825000094/0001964738-25-000094-index.htm,https://www.sec.gov/Archives/edgar/data/1964738/000196473825000094/solvdecember2025shareholde.htm,ambiguous,"xpectations and raising our 2025 outlook multiple times. we are moving towards our long-range sales targets faster than anticipated, and thanks to the implementation of our restructuring programs and tariff mitigation efforts, we are progressing well against our lrp margin targets, increasing our confidence for the future. commercial enhancements driving growth our commercial restructuring and enhanceme",trade,"Genuine trade-tariff discussion (cost impact, pricing, trade policy, or macro risk factor framed as trade tariffs)."
Solventum,SOLV,1964738,Health Care,8-K,2026-02-26,2026-02-26,0001964738-26-000005,0001964738-26-000005:q42025-8kerexx991.htm,EX-99.1,https://www.sec.gov/Archives/edgar/data/1964738/000196473826000005/0001964738-26-000005-index.htm,https://www.sec.gov/Archives/edgar/data/1964738/000196473826000005/q42025-8kerexx991.htm,ambiguous,"rgin remained largely consistent with prior year. on an adjusted basis, operating expense savings and the accretive benefit of the purification and filtration divestiture more than offset incremental tariff headwinds. debt paydown following the sale of purification and filtration was the primary driver of the increase to adjusted earnings per share. 1 represents non-gaap financial measure&#59; see the &",trade,"Genuine trade-tariff discussion (cost impact, pricing, trade policy, or macro risk factor framed as trade tariffs)."
Southern Company,SO,92122,Utilities,10-K,2025-02-20,2024-12-31,0000092122-25-000018,0000092122-25-000018:so-20241231.htm,10-K,https://www.sec.gov/Archives/edgar/data/92122/000009212225000018/0000092122-25-000018-index.htm,https://www.sec.gov/Archives/edgar/data/92122/000009212225000018/so-20241231.htm,ambiguous,-04-11 0000092122 so:mississippipowermember so:cooperativeenergymember 2022-08-31 0000092122 so:mississippipowermember so:cooperativeenergymember 2024-12-31 0000092122 so:municipalandruralassociationstariffmember so:mississippipowermember 2022-07-01 2022-07-31 0000092122 so:municipalandruralassociationstariffmember so:mississippipowermember 2023-07-31 2023-07-31 0000092122 so:municipalandruralassociatio,utility_only,Southern Co XBRL tag 'MunicipalAndRuralAssociationsTariff' — Mississippi Power wholesale rate tariff.
Stanley Black & Decker,SWK,93556,Industrials,8-K,2026-04-20,2026-04-20,0001193125-26-162675,0001193125-26-162675:d76531d8k.htm,8-K,https://www.sec.gov/Archives/edgar/data/93556/000119312526162675/0001193125-26-162675-index.htm,https://www.sec.gov/Archives/edgar/data/93556/000119312526162675/d76531d8k.htm,ambiguous,";7.01. regulation fd disclosure. on april&#160;20, 2026, stanley black&#160;&amp; decker, inc. (the &#8220;company&#8221;) announced that it does not expect the recent changes to the section&#160;232 tariff regime to have a material impact on the company&#8217;s full-year guidance. a copy of the company&#8217;s press release is attached hereto as exhibit 99.1 and is incorporated herein by reference. cau",trade,"Genuine trade-tariff discussion (cost impact, pricing, trade policy, or macro risk factor framed as trade tariffs)."
Steris,STE,1757898,Health Care,10-Q,2026-02-06,2025-12-31,0001628280-26-006055,0001628280-26-006055:ste-20251231.htm,10-Q,https://www.sec.gov/Archives/edgar/data/1757898/000162828026006055/0001628280-26-006055-index.htm,https://www.sec.gov/Archives/edgar/data/1757898/000162828026006055/ste-20251231.htm,ambiguous,"e decrease in gross profit percentage for the three month period reflects favorable impacts from pricing, productivity and other cost reductions that were more than offset by unfavorable impacts from tariffs, inflation and mix. the increase in gross profit percentage for the nine month period reflects favorable impacts from pricing, productivity and other cost reductions that were partially offset by un",trade,"Genuine trade-tariff discussion (cost impact, pricing, trade policy, or macro risk factor framed as trade tariffs)."
Target Corporation,TGT,27419,Consumer Staples,8-K,2026-05-20,2026-05-20,0000027419-26-000020,0000027419-26-000020:a2026q1ex-99.htm,EX-99,https://www.sec.gov/Archives/edgar/data/27419/000002741926000020/0000027419-26-000020-index.htm,https://www.sec.gov/Archives/edgar/data/27419/000002741926000020/a2026q1ex-99.htm,ambiguous,"of 12 miscellaneous statements in this release regarding the company&#8217;s future financial performance, including its fiscal 2026 full-year guidance, which excludes, among others, impacts from any tariff refunds, are forward-looking statements within the meaning of the private securities litigation reform act of 1995. such statements are subject to risks and uncertainties which could cause the compan",trade,"Genuine trade-tariff discussion (cost impact, pricing, trade policy, or macro risk factor framed as trade tariffs)."
Target Corporation,TGT,27419,Consumer Staples,8-K,2025-08-20,2025-08-20,0000027419-25-000115,0000027419-25-000115:a2025q2ex-99.htm,EX-99,https://www.sec.gov/Archives/edgar/data/27419/000002741925000115/0000027419-25-000115-index.htm,https://www.sec.gov/Archives/edgar/data/27419/000002741925000115/a2025q2ex-99.htm,ambiguous,"ip and marketplace revenues all growing double digits. &#8226; second quarter gaap and adjusted eps 1 was $2.05, reflecting strong expense management and efficiency gains, helping to offset continued tariff-related and other cost pressures throughout the business. for additional media materials, please visit&#58; https&#58;&#47;&#47;corporate.target.com&#47;news-features&#47;article&#47;2025&#47;08&#47;",trade,"Genuine trade-tariff discussion (cost impact, pricing, trade policy, or macro risk factor framed as trade tariffs)."
Target Corporation,TGT,27419,Consumer Staples,8-K,2025-03-04,2025-03-04,0000027419-25-000008,0000027419-25-000008:a2024q4ex-99.htm,EX-99,https://www.sec.gov/Archives/edgar/data/27419/000002741925000008/0000027419-25-000008-index.htm,https://www.sec.gov/Archives/edgar/data/27419/000002741925000008/a2024q4ex-99.htm,ambiguous,"024 &#8226; an effective tax rate of 23 to 24 percent &#8226; gaap and adjusted eps of $8.80 to $9.80 in light of ongoing consumer uncertainty and a small decline in february net sales, combined with tariff uncertainty and the expected timing of certain costs within the fiscal year, the company expects to see meaningful year-over-year profit pressure in its first quarter relative to the remainder of the",trade,"Genuine trade-tariff discussion (cost impact, pricing, trade policy, or macro risk factor framed as trade tariffs)."
TE Connectivity,TEL,1385157,Information Technology,8-K,2025-04-23,2025-04-23,0001558370-25-005183,0001558370-25-005183:tel-20250423xex99d1.htm,EX-99.1,https://www.sec.gov/Archives/edgar/data/1385157/000155837025005183/0001558370-25-005183-index.htm,https://www.sec.gov/Archives/edgar/data/1385157/000155837025005183/tel-20250423xex99d1.htm,ambiguous,"proximately $2.02, up nearly 9% year over year, with adjusted&#160;eps of approximately $2.06, up 8% year over year.&#160;third quarter guidance includes the benefit from the richards acquisition and tariff impact assumptions, as well as tax rate headwinds of $0.04 on a year over year basis and $0.06 sequentially. &#8203; information about te connectivity&#39;s use of non-gaap financial measures is prov",trade,"Genuine trade-tariff discussion (cost impact, pricing, trade policy, or macro risk factor framed as trade tariffs)."
Texas Instruments,TXN,97476,Information Technology,8-K,2025-09-18,2025-09-18,0000097476-25-000048,0000097476-25-000048:txn8-k2025x09x18exhibit99.htm,EX-99,https://www.sec.gov/Archives/edgar/data/97476/000009747625000048/0000097476-25-000048-index.htm,https://www.sec.gov/Archives/edgar/data/97476/000009747625000048/txn8-k2025x09x18exhibit99.htm,ambiguous,"in tax law and accounting standards that impact the tax rate applicable to us, the jurisdictions in which profits are determined to be earned and taxed, adverse resolution of tax audits, increases in tariff rates, and the ability to realize deferred tax assets&#59; &#8226; financial difficulties of our distributors or semiconductor distributors' promotion of competing product lines to our detriment&#59;",trade,"Genuine trade-tariff discussion (cost impact, pricing, trade policy, or macro risk factor framed as trade tariffs)."
Texas Instruments,TXN,97476,Information Technology,8-K,2025-07-22,2025-07-22,0000097476-25-000033,0000097476-25-000033:q22025txnex99-er1.htm,EX-99,https://www.sec.gov/Archives/edgar/data/97476/000009747625000033/0000097476-25-000033-index.htm,https://www.sec.gov/Archives/edgar/data/97476/000009747625000033/q22025txnex99-er1.htm,ambiguous,"in tax law and accounting standards that impact the tax rate applicable to us, the jurisdictions in which profits are determined to be earned and taxed, adverse resolution of tax audits, increases in tariff rates, and the ability to realize deferred tax assets&#59; &#8226; financial difficulties of our distributors or semiconductor distributors' promotion of competing product lines to our detriment&#59;",trade,"Genuine trade-tariff discussion (cost impact, pricing, trade policy, or macro risk factor framed as trade tariffs)."
Texas Instruments,TXN,97476,Information Technology,8-K,2025-10-21,2025-10-21,0000097476-25-000056,0000097476-25-000056:q32025txnex99-eredgarversi.htm,EX-99,https://www.sec.gov/Archives/edgar/data/97476/000009747625000056/0000097476-25-000056-index.htm,https://www.sec.gov/Archives/edgar/data/97476/000009747625000056/q32025txnex99-eredgarversi.htm,ambiguous,"in tax law and accounting standards that impact the tax rate applicable to us, the jurisdictions in which profits are determined to be earned and taxed, adverse resolution of tax audits, increases in tariff rates, and the ability to realize deferred tax assets&#59; &#8226; financial difficulties of our distributors or semiconductor distributors' promotion of competing product lines to our detriment&#59;",trade,"Genuine trade-tariff discussion (cost impact, pricing, trade policy, or macro risk factor framed as trade tariffs)."
Texas Instruments,TXN,97476,Information Technology,8-K,2026-07-22,2026-07-22,0000097476-26-000148,0000097476-26-000148:q22026txnex99-eredgar.htm,EX-99,https://www.sec.gov/Archives/edgar/data/97476/000009747626000148/0000097476-26-000148-index.htm,https://www.sec.gov/Archives/edgar/data/97476/000009747626000148/q22026txnex99-eredgar.htm,ambiguous,"in tax law and accounting standards that impact the tax rate applicable to us, the jurisdictions in which profits are determined to be earned and taxed, adverse resolution of tax audits, increases in tariff rates, and the ability to realize deferred tax assets&#59; &#8226; our ability to maintain and enforce a strong intellectual property portfolio and maintain freedom of operation in all jurisdictions",trade,"Genuine trade-tariff discussion (cost impact, pricing, trade policy, or macro risk factor framed as trade tariffs)."
Texas Instruments,TXN,97476,Information Technology,8-K,2025-01-23,2025-01-23,0000097476-25-000003,0000097476-25-000003:q42024txnex99-eredgar.htm,EX-99,https://www.sec.gov/Archives/edgar/data/97476/000009747625000003/0000097476-25-000003-index.htm,https://www.sec.gov/Archives/edgar/data/97476/000009747625000003/q42024txnex99-eredgar.htm,ambiguous,"in tax law and accounting standards that impact the tax rate applicable to us, the jurisdictions in which profits are determined to be earned and taxed, adverse resolution of tax audits, increases in tariff rates, and the ability to realize deferred tax assets&#59; &#8226; financial difficulties of our distributors or semiconductor distributors' promotion of competing product lines to our detriment&#59;",trade,"Genuine trade-tariff discussion (cost impact, pricing, trade policy, or macro risk factor framed as trade tariffs)."
Texas Instruments,TXN,97476,Information Technology,8-K,2025-04-23,2025-04-23,0000097476-25-000025,0000097476-25-000025:q12025txnex99-er1.htm,EX-99,https://www.sec.gov/Archives/edgar/data/97476/000009747625000025/0000097476-25-000025-index.htm,https://www.sec.gov/Archives/edgar/data/97476/000009747625000025/q12025txnex99-er1.htm,ambiguous,"in tax law and accounting standards that impact the tax rate applicable to us, the jurisdictions in which profits are determined to be earned and taxed, adverse resolution of tax audits, increases in tariff rates, and the ability to realize deferred tax assets&#59; &#8226; financial difficulties of our distributors or semiconductor distributors' promotion of competing product lines to our detriment&#59;",trade,"Genuine trade-tariff discussion (cost impact, pricing, trade policy, or macro risk factor framed as trade tariffs)."
Texas Instruments,TXN,97476,Information Technology,8-K,2026-01-27,2026-01-27,0000097476-26-000003,0000097476-26-000003:q42025txnex99-eredgar.htm,EX-99,https://www.sec.gov/Archives/edgar/data/97476/000009747626000003/0000097476-26-000003-index.htm,https://www.sec.gov/Archives/edgar/data/97476/000009747626000003/q42025txnex99-eredgar.htm,ambiguous,"in tax law and accounting standards that impact the tax rate applicable to us, the jurisdictions in which profits are determined to be earned and taxed, adverse resolution of tax audits, increases in tariff rates, and the ability to realize deferred tax assets&#59; &#8226; financial difficulties of our distributors or semiconductor distributors' promotion of competing product lines to our detriment&#59;",trade,"Genuine trade-tariff discussion (cost impact, pricing, trade policy, or macro risk factor framed as trade tariffs)."
Texas Instruments,TXN,97476,Information Technology,8-K,2026-04-22,2026-04-22,0000097476-26-000097,0000097476-26-000097:q12026txnex99-eredgar.htm,EX-99,https://www.sec.gov/Archives/edgar/data/97476/000009747626000097/0000097476-26-000097-index.htm,https://www.sec.gov/Archives/edgar/data/97476/000009747626000097/q12026txnex99-eredgar.htm,ambiguous,"in tax law and accounting standards that impact the tax rate applicable to us, the jurisdictions in which profits are determined to be earned and taxed, adverse resolution of tax audits, increases in tariff rates, and the ability to realize deferred tax assets&#59; &#8226; our ability to maintain and enforce a strong intellectual property portfolio and maintain freedom of operation in all jurisdictions",trade,"Genuine trade-tariff discussion (cost impact, pricing, trade policy, or macro risk factor framed as trade tariffs)."
Texas Instruments,TXN,97476,Information Technology,10-Q,2025-04-24,2025-03-31,0000097476-25-000027,0000097476-25-000027:txn-20250331.htm,10-Q,https://www.sec.gov/Archives/edgar/data/97476/000009747625000027/0000097476-25-000027-index.htm,https://www.sec.gov/Archives/edgar/data/97476/000009747625000027/txn-20250331.htm,ambiguous,"in tax law and accounting standards that impact the tax rate applicable to us, the jurisdictions in which profits are determined to be earned and taxed, adverse resolution of tax audits, increases in tariff rates, and the ability to realize deferred tax assets; &#8226; financial difficulties of our distributors or semiconductor distributors&#8217; promotion of competing product lines to our detriment; o",trade,"Genuine trade-tariff discussion (cost impact, pricing, trade policy, or macro risk factor framed as trade tariffs)."
Texas Instruments,TXN,97476,Information Technology,10-Q,2026-04-24,2026-03-31,0000097476-26-000101,0000097476-26-000101:txn-20260331.htm,10-Q,https://www.sec.gov/Archives/edgar/data/97476/000009747626000101/0000097476-26-000101-index.htm,https://www.sec.gov/Archives/edgar/data/97476/000009747626000101/txn-20260331.htm,ambiguous,"in tax law and accounting standards that impact the tax rate applicable to us, the jurisdictions in which profits are determined to be earned and taxed, adverse resolution of tax audits, increases in tariff rates, and the ability to realize deferred tax assets; &#8226; our ability to maintain and enforce a strong intellectual property portfolio and maintain freedom of operation in all jurisdictions wher",trade,"Genuine trade-tariff discussion (cost impact, pricing, trade policy, or macro risk factor framed as trade tariffs)."
Texas Instruments,TXN,97476,Information Technology,10-Q,2026-07-24,2026-06-30,0000097476-26-000152,0000097476-26-000152:txn-20260630.htm,10-Q,https://www.sec.gov/Archives/edgar/data/97476/000009747626000152/0000097476-26-000152-index.htm,https://www.sec.gov/Archives/edgar/data/97476/000009747626000152/txn-20260630.htm,ambiguous,"in tax law and accounting standards that impact the tax rate applicable to us, the jurisdictions in which profits are determined to be earned and taxed, adverse resolution of tax audits, increases in tariff rates, and the ability to realize deferred tax assets; &#8226; our ability to maintain and enforce a strong intellectual property portfolio and maintain freedom of operation in all jurisdictions wher",trade,"Genuine trade-tariff discussion (cost impact, pricing, trade policy, or macro risk factor framed as trade tariffs)."
Texas Instruments,TXN,97476,Information Technology,10-Q,2025-10-23,2025-09-30,0000097476-25-000060,0000097476-25-000060:txn-20250930.htm,10-Q,https://www.sec.gov/Archives/edgar/data/97476/000009747625000060/0000097476-25-000060-index.htm,https://www.sec.gov/Archives/edgar/data/97476/000009747625000060/txn-20250930.htm,ambiguous,"in tax law and accounting standards that impact the tax rate applicable to us, the jurisdictions in which profits are determined to be earned and taxed, adverse resolution of tax audits, increases in tariff rates, and the ability to realize deferred tax assets; &#8226; financial difficulties of our distributors or semiconductor distributors&#8217; promotion of competing product lines to our detriment; o",trade,"Genuine trade-tariff discussion (cost impact, pricing, trade policy, or macro risk factor framed as trade tariffs)."
Tractor Supply,TSCO,916365,Consumer Discretionary,8-K,2026-07-23,2026-07-23,0000916365-26-000052,0000916365-26-000052:ex991-q22026earningsrelease.htm,EX-99.1,https://www.sec.gov/Archives/edgar/data/916365/000091636526000052/0000916365-26-000052-index.htm,https://www.sec.gov/Archives/edgar/data/916365/000091636526000052/ex991-q22026earningsrelease.htm,ambiguous,"ross profit increased 3.0% to $1.69 billion, or 24 basis points to 37.2% as a percent of net sales for the quarter. this increase was primarily attributable to disciplined product cost management and tariff-related benefits that more than offset higher freight expense and incremental investments to strengthen the company's price-value position. selling, general and administrative (&#8220;sg&#38;a&#8221;",trade,"Genuine trade-tariff discussion (cost impact, pricing, trade policy, or macro risk factor framed as trade tariffs)."
Tractor Supply,TSCO,916365,Consumer Discretionary,8-K,2025-07-24,2025-07-24,0000916365-25-000135,0000916365-25-000135:ex991-q22025earningsrelease.htm,EX-99.1,https://www.sec.gov/Archives/edgar/data/916365/000091636525000135/0000916365-25-000135-index.htm,https://www.sec.gov/Archives/edgar/data/916365/000091636525000135/ex991-q22025earningsrelease.htm,ambiguous,"n our outlook, are encouraged by the momentum carrying into the quarter and continue to believe in the durability of our model. despite external pressures, including economic uncertainty and shifting tariffs, our year-to-date performance and visibility into the remainder of the year provide a solid foundation to reaffirm our 2025 financial outlook. with a largely u.s.-sourced assortment, strong vendor p",trade,"Genuine trade-tariff discussion (cost impact, pricing, trade policy, or macro risk factor framed as trade tariffs)."
Union Pacific Corporation,UNP,100885,Industrials,10-Q,2025-04-24,2025-03-31,0000100885-25-000151,0000100885-25-000151:unp-20250331.htm,10-Q,https://www.sec.gov/Archives/edgar/data/100885/000010088525000151/0000100885-25-000151-index.htm,https://www.sec.gov/Archives/edgar/data/100885/000010088525000151/unp-20250331.htm,ambiguous,"creases in first quarter of 2025 compared to 2024 were driven by decreased shipments of petroleum due to business losses, a weaker global soda ash market, and a soft housing market along with ongoing tariff uncertainties that drove declines in lumber. partially offsetting some of the volume declines was strength in rock, industrial chemicals, and plastics. premium &#8211; premium includes shipments of f",trade,"Genuine trade-tariff discussion (cost impact, pricing, trade policy, or macro risk factor framed as trade tariffs)."
Union Pacific Corporation,UNP,100885,Industrials,10-Q,2025-07-24,2025-06-30,0000100885-25-000253,0000100885-25-000253:unp-20250630.htm,10-Q,https://www.sec.gov/Archives/edgar/data/100885/000010088525000253/0000100885-25-000253-index.htm,https://www.sec.gov/Archives/edgar/data/100885/000010088525000253/unp-20250630.htm,ambiguous,"quarter of 2025 compared to 2024 were driven by strength in industrial chemicals, rock, and soda ash shipments. the volume gains were partially offset by lower iron ore shipments impacted by ongoing tariff uncer tainties, and softnes s in the paper market. for the year-to-date period, industrial revenues increased 2% driven by core pricing gains and volume growth, partially offset by business mix and l",trade,"Genuine trade-tariff discussion (cost impact, pricing, trade policy, or macro risk factor framed as trade tariffs)."
Verizon,VZ,732712,Communication Services,8-K,2025-04-22,2025-04-22,0000732712-25-000021,0000732712-25-000021:a2025q1exhibit99.htm,EX-99,https://www.sec.gov/Archives/edgar/data/732712/000073271225000021/0000732712-25-000021-index.htm,https://www.sec.gov/Archives/edgar/data/732712/000073271225000021/a2025q1exhibit99.htm,ambiguous,7.5 billion and $18.5 billion. &#8226; free cash flow 3 of $17.5 billion to $18.5 billion. our 2025 financial guidance does not reflect any assumptions regarding the potential impacts of the evolving tariff environment. 1 total wireless service revenue represents the sum of consumer and business segments. reflects the reclassification of recurring device protection and insurance related plan revenues fr,trade,"Genuine trade-tariff discussion (cost impact, pricing, trade policy, or macro risk factor framed as trade tariffs)."
Verizon,VZ,732712,Communication Services,8-K,2025-10-06,2025-10-04,0001193125-25-231018,0001193125-25-231018:d78591dex991.htm,EX-99.1,https://www.sec.gov/Archives/edgar/data/732712/000119312525231018/0001193125-25-231018-index.htm,https://www.sec.gov/Archives/edgar/data/732712/000119312525231018/d78591dex991.htm,ambiguous,"r business strategy; adverse conditions in the u.s. and international economies, including inflation and changing interest rates in the markets in which we operate; changes to international trade and tariff policies and related economic and other impacts; cyberattacks impacting our networks or systems and any resulting financial or reputational impact; damage to our infrastructure or disruption of our o",trade,"Genuine trade-tariff discussion (cost impact, pricing, trade policy, or macro risk factor framed as trade tariffs)."
Verizon,VZ,732712,Communication Services,8-K,2026-01-30,2026-01-30,0001193125-26-030578,0001193125-26-030578:d50964d8k.htm,8-K,https://www.sec.gov/Archives/edgar/data/732712/000119312526030578/0001193125-26-030578-index.htm,https://www.sec.gov/Archives/edgar/data/732712/000119312526030578/d50964d8k.htm,ambiguous,"r business strategy; adverse conditions in the u.s. and international economies, including inflation and changing interest rates in the markets in which we operate; changes to international trade and tariff policies and related economic and other impacts; cyberattacks impacting our networks or systems and any resulting financial or reputational impact; our ability to implement business transformation in",trade,"Genuine trade-tariff discussion (cost impact, pricing, trade policy, or macro risk factor framed as trade tariffs)."
Verizon,VZ,732712,Communication Services,8-K,2026-04-27,2026-04-27,0000732712-26-000019,0000732712-26-000019:a2026q1exhibit99.htm,EX-99,https://www.sec.gov/Archives/edgar/data/732712/000073271226000019/0000732712-26-000019-index.htm,https://www.sec.gov/Archives/edgar/data/732712/000073271226000019/a2026q1exhibit99.htm,ambiguous,"ss strategy&#59; adverse conditions in the u.s. and international economies, including inflation and changing interest rates in the markets in which we operate&#59; changes to international trade and tariff policies and related economic and other impacts&#59; cyberattacks impacting our networks or systems and any resulting financial or reputational impact&#59; our ability to implement business transform",trade,"Genuine trade-tariff discussion (cost impact, pricing, trade policy, or macro risk factor framed as trade tariffs)."
Verizon,VZ,732712,Communication Services,8-K,2026-07-24,2026-07-24,0000732712-26-000040,0000732712-26-000040:a2026q2exhibit99.htm,EX-99,https://www.sec.gov/Archives/edgar/data/732712/000073271226000040/0000732712-26-000040-index.htm,https://www.sec.gov/Archives/edgar/data/732712/000073271226000040/a2026q2exhibit99.htm,ambiguous,"&#160;&#160;&#160;vlphu09dsuqymde5ute&#61;&#160;&#160; vzqtr20fin economies, including inflation and changing interest rates in the markets in which we operate&#59; changes to international trade and tariff policies and related economic and other impacts&#59; cyberattacks impacting our networks or systems and any resulting financial or reputational impact&#59; our ability to implement business transform",trade,"Genuine trade-tariff discussion (cost impact, pricing, trade policy, or macro risk factor framed as trade tariffs)."
Verizon,VZ,732712,Communication Services,8-K,2026-01-30,2026-01-30,0000732712-26-000003,0000732712-26-000003:a2025q4exhibit99.htm,EX-99,https://www.sec.gov/Archives/edgar/data/732712/000073271226000003/0000732712-26-000003-index.htm,https://www.sec.gov/Archives/edgar/data/732712/000073271226000003/a2025q4exhibit99.htm,ambiguous,"ss strategy&#59; adverse conditions in the u.s. and international economies, including inflation and changing interest rates in the markets in which we operate&#59; changes to international trade and tariff policies and related economic and other impacts&#59; cyberattacks impacting our networks or systems and any resulting financial or reputational impact&#59; our ability to implement business transform",trade,"Genuine trade-tariff discussion (cost impact, pricing, trade policy, or macro risk factor framed as trade tariffs)."
Verizon,VZ,732712,Communication Services,8-K,2025-10-29,2025-10-29,0000732712-25-000114,0000732712-25-000114:a2025q3exhibit99.htm,EX-99,https://www.sec.gov/Archives/edgar/data/732712/000073271225000114/0000732712-25-000114-index.htm,https://www.sec.gov/Archives/edgar/data/732712/000073271225000114/a2025q3exhibit99.htm,ambiguous,"ss strategy&#59; adverse conditions in the u.s. and international economies, including inflation and changing interest rates in the markets in which we operate&#59; changes to international trade and tariff policies and related economic and other impacts&#59; cyberattacks impacting our networks or systems and any resulting financial or reputational impact&#59; damage to our infrastructure or disruption",trade,"Genuine trade-tariff discussion (cost impact, pricing, trade policy, or macro risk factor framed as trade tariffs)."
Verizon,VZ,732712,Communication Services,8-K,2025-07-21,2025-07-21,0000732712-25-000083,0000732712-25-000083:a2025q2exhibit99.htm,EX-99,https://www.sec.gov/Archives/edgar/data/732712/000073271225000083/0000732712-25-000083-index.htm,https://www.sec.gov/Archives/edgar/data/732712/000073271225000083/a2025q2exhibit99.htm,ambiguous,"ss strategy&#59; adverse conditions in the u.s. and international economies, including inflation and changing interest rates in the markets in which we operate&#59; changes to international trade and tariff policies and related economic and other impacts&#59; cyberattacks impacting our networks or systems and any resulting financial or reputational impact&#59; damage to our infrastructure or disruption",trade,"Genuine trade-tariff discussion (cost impact, pricing, trade policy, or macro risk factor framed as trade tariffs)."
Verizon,VZ,732712,Communication Services,10-Q,2026-05-01,2026-03-31,0000732712-26-000023,0000732712-26-000023:vz-20260331.htm,10-Q,https://www.sec.gov/Archives/edgar/data/732712/000073271226000023/0000732712-26-000023-index.htm,https://www.sec.gov/Archives/edgar/data/732712/000073271226000023/vz-20260331.htm,ambiguous,"egy; &#8226; adverse conditions in the u.s. and international economies, including inflation and changing interest rates in the markets in which we operate; &#8226; changes to international trade and tariff policies and related economic and other impacts; &#8226; cyberattacks impacting our networks or systems and any resulting financial or reputational impact; &#8226; our ability to implement business t",trade,"Genuine trade-tariff discussion (cost impact, pricing, trade policy, or macro risk factor framed as trade tariffs)."
Vertex Pharmaceuticals,VRTX,875320,Health Care,8-K,2026-05-04,2026-05-04,0000875320-26-000171,0000875320-26-000171:ex-991_q12026.htm,EX-99.1,https://www.sec.gov/Archives/edgar/data/875320/000087532026000171/0000875320-26-000171-index.htm,https://www.sec.gov/Archives/edgar/data/875320/000087532026000171/ex-991_q12026.htm,ambiguous,"nical development programs and commercialization capabilities, and approxi mately $100 million of currently anticipated aipr&#38;d expenses. this guidance also includes an immaterial cost impact from tariffs in 2026 based on currently known tariff rates and regulations. vertex&#8217;s financial guidance is summarized below&#58; current fy 2026 previous fy 2026 total revenue unchanged $12.95 to $13.1 bil",trade,"Genuine trade-tariff discussion (cost impact, pricing, trade policy, or macro risk factor framed as trade tariffs)."
Vertex Pharmaceuticals,VRTX,875320,Health Care,8-K,2025-05-05,2025-05-05,0000875320-25-000171,0000875320-25-000171:ex-991_q12025.htm,EX-99.1,https://www.sec.gov/Archives/edgar/data/875320/000087532025000171/0000875320-25-000171-index.htm,https://www.sec.gov/Archives/edgar/data/875320/000087532025000171/ex-991_q12025.htm,ambiguous,"ltiple mid- and late-stage clinical development programs and commercial capabilities, and aipr&#38;d expenses of approximately $100 million. this guidance also includes an immaterial cost impact from tariffs in 2025 based on currently known tariff rates and regulations. vertex&#8217;s financial guidance is summarized below&#58; current fy 2025 fy 2025 total revenue $11.85 to $12.0 billion $11.75 to $12.",trade,"Genuine trade-tariff discussion (cost impact, pricing, trade policy, or macro risk factor framed as trade tariffs)."
Vertex Pharmaceuticals,VRTX,875320,Health Care,8-K,2025-11-03,2025-11-03,0000875320-25-000230,0000875320-25-000230:ex-991_q32025.htm,EX-99.1,https://www.sec.gov/Archives/edgar/data/875320/000087532025000230/0000875320-25-000230-index.htm,https://www.sec.gov/Archives/edgar/data/875320/000087532025000230/ex-991_q32025.htm,ambiguous,"related r&#38;d tax credits, as well as anticipated recognition in the fourth quarter of 2025 of previously deferred tax benefits. this financial guidance also includes an immaterial cost impact from tariffs in 2025 based on currently known tariff rates and regulations. vertex&#8217;s financial guidance is summarized below&#58; current fy 2025 previous fy 2025 total revenue $11.9 to $12.0 billion $11.85",trade,"Genuine trade-tariff discussion (cost impact, pricing, trade policy, or macro risk factor framed as trade tariffs)."
Vertex Pharmaceuticals,VRTX,875320,Health Care,8-K,2025-08-04,2025-08-04,0000875320-25-000213,0000875320-25-000213:ex-991_q22025.htm,EX-99.1,https://www.sec.gov/Archives/edgar/data/875320/000087532025000213/0000875320-25-000213-index.htm,https://www.sec.gov/Archives/edgar/data/875320/000087532025000213/ex-991_q22025.htm,ambiguous,"pect a material change to its 2025 non-gaap effective tax rate, following the enactment of the recent tax legislation under h.r.1. this financial guidance also includes an immaterial cost impact from tariffs in 2025 based on currently known tariff rates and regulations. vertex&#8217;s financial guidance is summarized below&#58; current fy 2025 previous fy 2025 total revenue unchanged $11.85 to $12.0 bil",trade,"Genuine trade-tariff discussion (cost impact, pricing, trade policy, or macro risk factor framed as trade tariffs)."
Waters Corporation,WAT,1000697,Health Care,8-K,2025-02-12,2025-02-12,0001193125-25-024730,0001193125-25-024730:d904971dex991.htm,EX-99.1,https://www.sec.gov/Archives/edgar/data/1000697/000119312525024730/0001193125-25-024730-index.htm,https://www.sec.gov/Archives/edgar/data/1000697/000119312525024730/d904971dex991.htm,ambiguous,"g results, particularly when a foreign currency weakens against the u.s. dollar; current global economic, sovereign and political conditions and uncertainties, including the effect of new or proposed tariff or trade regulations as well as other new or changed domestic and foreign laws, regulations and policies; changes in inflation and interest rates; the impacts and costs of war, in particular as a res",trade,"Genuine trade-tariff discussion (cost impact, pricing, trade policy, or macro risk factor framed as trade tariffs)."
West Pharmaceutical Services,WST,105770,Health Care,8-K,2025-07-24,2025-07-24,0000105770-25-000062,0000105770-25-000062:westq22025presentation-f.htm,EX-99.2,https://www.sec.gov/Archives/edgar/data/105770/000010577025000062/0000105770-25-000062-index.htm,https://www.sec.gov/Archives/edgar/data/105770/000010577025000062/westq22025presentation-f.htm,ambiguous,rom 340 last quarter &#8226; west&#8217;s participation rate for large molecules is trending above our historical levels ytd &#8226; network optimization &#8211; improving service levels and managing tariff exposure &#8226; standard products - revenues up 0.4% - pipeline of components that have the potential to be converted into hvps proprietary products segment hvp components and standard products wst,trade,"Genuine trade-tariff discussion (cost impact, pricing, trade policy, or macro risk factor framed as trade tariffs)."
West Pharmaceutical Services,WST,105770,Health Care,8-K,2025-10-23,2025-10-23,0000105770-25-000090,0000105770-25-000090:a3q25earningspresentatio.htm,EX-99.2,https://www.sec.gov/Archives/edgar/data/105770/000010577025000090/0000105770-25-000090-index.htm,https://www.sec.gov/Archives/edgar/data/105770/000010577025000090/a3q25earningspresentatio.htm,ambiguous,"e growth/ margin expansion opportunity from drug handling &#8226; capex aligned to growth opportunities in biologics, annex 1 and glp-1 &#8226; network optimization: improving service levels/managing tariff exposure b u sin ess o p p o rtu n ity, im p act &amp; r esu lts d river &nbsp; 6 proprietary products segment segment performance &#8226; proprietary net sales of $647.5m, +7.7% yoy, +5.1% organic &",trade,"Genuine trade-tariff discussion (cost impact, pricing, trade policy, or macro risk factor framed as trade tariffs)."
West Pharmaceutical Services,WST,105770,Health Care,8-K,2026-02-12,2026-02-12,0000105770-26-000005,0000105770-26-000005:a4q25earningsdeck-final.htm,EX-99.2,https://www.sec.gov/Archives/edgar/data/105770/000010577026000005/0000105770-26-000005-index.htm,https://www.sec.gov/Archives/edgar/data/105770/000010577026000005/a4q25earningsdeck-final.htm,ambiguous,"e growth/ margin expansion opportunity from drug handling &#8226; capex aligned to growth opportunities in biologics, annex 1 and glp-1 &#8226; network optimization: improving service levels/managing tariff exposure &#8226; opportunity to capitalize on near shoring trend business o pportunity, im pact &amp; results driver &nbsp; 7 proprietary products segment segment performance &#8226; proprietary net",trade,"Genuine trade-tariff discussion (cost impact, pricing, trade policy, or macro risk factor framed as trade tariffs)."
Williams Companies,WMB,107263,Energy,8-K,2026-05-20,2026-05-20,0001193125-26-232714,0001193125-26-232714:d227957dex102.htm,EX-10.2,https://www.sec.gov/Archives/edgar/data/107263/000119312526232714/0001193125-26-232714-index.htm,https://www.sec.gov/Archives/edgar/data/107263/000119312526232714/d227957dex102.htm,ambiguous,"ibutable to such material project for the first 12-month period following the scheduled commercial operation date of such material project (such amount to be determined based on customer contracts or tariff-based customers relating to such material project, the creditworthiness of the other parties to such contracts or such tariff-based customers, and projected revenues from such contracts, tariffs, cap",utility_only,"Williams Companies 'tariff-based customers' — FERC-regulated pipeline contract structure, not trade."
Williams Companies,WMB,107263,Energy,8-K,2026-05-20,2026-05-20,0001193125-26-232714,0001193125-26-232714:d227957dex101.htm,EX-10.1,https://www.sec.gov/Archives/edgar/data/107263/000119312526232714/0001193125-26-232714-index.htm,https://www.sec.gov/Archives/edgar/data/107263/000119312526232714/d227957dex101.htm,ambiguous,"ibutable to such material project for the first 12-month period following the scheduled commercial operation date of such material project (such amount to be determined based on customer contracts or tariff-based customers relating to such material project, the creditworthiness of the other parties to such contracts or such tariff-based customers, and projected revenues from such contracts, tariffs, cap",utility_only,Same Williams Companies pipeline-tariff boilerplate.
Xcel Energy,XEL,72903,Utilities,8-K,2025-04-01,2025-03-31,0000072903-25-000070,0000072903-25-000070:xel-20250331.htm,8-K,https://www.sec.gov/Archives/edgar/data/72903/000007290325000070/0000072903-25-000070-index.htm,https://www.sec.gov/Archives/edgar/data/72903/000007290325000070/xel-20250331.htm,ambiguous,"30&#160; 10&#160; sales 18&#160; (1) other (1) (2) nsp-wisconsin&#8217;s filed rate request $ 151&#160; $ 24&#160; (a) the interchange agreement is a federal energy regulatory commission cost sharing tariff under which nsp-wisconsin and its affiliate, nsp-minnesota allocate the costs of the integrated electric generation and transmission system. certain information discussed in this current report on fo",utility_only,Xcel Energy 'FERC cost sharing tariff' — NSP-Wisconsin/NSP-Minnesota interchange agreement.
