66740|0000066740-25-000036|0000066740-25-000036:q12025-8kerexx991.htm
66740|0000066740-25-000086|0000066740-25-000086:q32025-8kerexx991.htm
66740|0000066740-25-000061|0000066740-25-000061:q22025-8kerexx991.htm
66740|0000066740-26-000003|0000066740-26-000003:q42025-8kerexx991.htm
66740|0000066740-25-000063|0000066740-25-000063:mmm-20250630.htm
66740|0000066740-26-000175|0000066740-26-000175:mmm-20260331.htm
66740|0000066740-25-000089|0000066740-25-000089:mmm-20250930.htm
66740|0000066740-26-000246|0000066740-26-000246:mmm-20260630.htm
66740|0000066740-26-000014|0000066740-26-000014:mmm-20251231.htm
66740|0000066740-25-000039|0000066740-25-000039:mmm-20250331.htm
91142|0000091142-25-000098|0000091142-25-000098:a6302025exhibit991.htm
91142|0000091142-26-000082|0000091142-26-000082:a3312026exhibit991.htm
91142|0000091142-25-000073|0000091142-25-000073:a3312025exhibit991.htm
91142|0000091142-25-000148|0000091142-25-000148:a9302025exhibit991.htm
91142|0000091142-26-000084|0000091142-26-000084:aos-20260331.htm
91142|0000091142-25-000075|0000091142-25-000075:aos-20250331.htm
91142|0000091142-25-000100|0000091142-25-000100:aos-20250630.htm
91142|0000091142-26-000008|0000091142-26-000008:aos-20251231.htm
1467373|0001467373-25-000217|0001467373-25-000217:acn-20250831.htm
2488|0000002488-26-000076|0000002488-26-000076:amd-20260328.htm
2488|0001193125-25-122121|0001193125-25-122121:d831221dex21.htm
874761|0000874761-26-000063|0000874761-26-000063:aes-20251231.htm
874761|0000874761-25-000035|0000874761-25-000035:aes-20250331.htm
874761|0000874761-25-000013|0000874761-25-000013:aes-20241231.htm
874761|0000874761-25-000084|0000874761-25-000084:aes-20250930.htm
874761|0000874761-25-000075|0000874761-25-000075:aes-20250630.htm
874761|0000874761-26-000120|0000874761-26-000120:aes-20260331.htm
874761|0001193125-26-084157|0001193125-26-084157:d100078dex21.htm
1090872|0001090872-25-000034|0001090872-25-000034:exhibit991-q325pressrelease.htm
1090872|0001090872-26-000023|0001090872-26-000023:a-20260131.htm
1090872|0001090872-25-000070|0001090872-25-000070:exhibit991-q425pressrelease.htm
1090872|0001090872-26-000055|0001090872-26-000055:a-20260430.htm
1090872|0001090872-25-000087|0001090872-25-000087:a-20251031.htm
1090872|0001090872-25-000021|0001090872-25-000021:a-20250430.htm
1090872|0001090872-25-000036|0001090872-25-000036:a-20250731.htm
1086222|0001086222-26-000058|0001086222-26-000058:akam-20260331.htm
915913|0000915913-26-000018|0000915913-26-000018:ex965jbc2025trs.htm
915913|0000915913-25-000024|0000915913-25-000024:exhibit965jbc2024trs.htm
1035443|0001035443-25-000211|0001035443-25-000211:ex991-2025areinvestorday.htm
1035443|0001035443-25-000198|0001035443-25-000198:are-20250930.htm
1035443|0001035443-25-000179|0001035443-25-000179:are-20250630.htm
1035443|0001035443-25-000136|0001035443-25-000136:are-20250331.htm
1035443|0001035443-26-000013|0001035443-26-000013:are-20251231.htm
1035443|0001035443-25-000067|0001035443-25-000067:are-20241231.htm
1097149|0001097149-25-000028|0001097149-25-000028:algn-q125earningspressrele.htm
1097149|0001097149-25-000075|0001097149-25-000075:algn-q325earningspressrele.htm
1097149|0001097149-25-000005|0001097149-25-000005:algn-q424earningspressrele.htm
1097149|0001097149-25-000055|0001097149-25-000055:algn-q225earningspressrele.htm
1097149|0001097149-26-000006|0001097149-26-000006:algn-q425earningspressrele.htm
1097149|0001097149-26-000033|0001097149-26-000033:algn-q126earningspressrele.htm
1097149|0001097149-26-000040|0001097149-26-000040:algn-20260331.htm
1097149|0001097149-25-000079|0001097149-25-000079:algn-20250930.htm
1097149|0001097149-25-000064|0001097149-25-000064:algn-20250630.htm
1097149|0001097149-26-000014|0001097149-26-000014:algn-20251231.htm
1097149|0001097149-25-000034|0001097149-25-000034:algn-20250331.htm
1097149|0001097149-25-000012|0001097149-25-000012:algn-20241231.htm
1579241|0001579241-26-000026|0001579241-26-000026:exhibit991-pressreleasedat.htm
1579241|0001579241-26-000028|0001579241-26-000028:alle-20260630.htm
352541|0000352541-26-000033|0000352541-26-000033:lnt-20260331.htm
352541|0000352541-25-000014|0000352541-25-000014:lnt-20241231.htm
352541|0000352541-26-000007|0000352541-26-000007:lnt-20251231.htm
899051|0000899051-26-000075|0000899051-26-000075:all-20260331.htm
899051|0000899051-25-000042|0000899051-25-000042:all-20250331.htm
899051|0000899051-25-000070|0000899051-25-000070:all-20250630.htm
899051|0000899051-25-000102|0000899051-25-000102:all-20250930.htm
1652044|0001652044-26-000018|0001652044-26-000018:goog-20251231.htm
764180|0000764180-25-000111|0000764180-25-000111:mo-20250630.htm
764180|0000764180-25-000130|0000764180-25-000130:mo-20250930.htm
764180|0000764180-26-000017|0000764180-26-000017:mo-20251231.htm
1018724|0001018724-25-000036|0001018724-25-000036:amzn-20250331.htm
1018724|0001018724-26-000014|0001018724-26-000014:amzn-20260331.htm
1018724|0001018724-25-000086|0001018724-25-000086:amzn-20250630.htm
1018724|0001018724-25-000123|0001018724-25-000123:amzn-20250930.htm
1018724|0001104659-26-021050|0001104659-26-021050:tm267374d1_ex99-1.htm
1018724|0001018724-26-000004|0001018724-26-000004:amzn-20251231.htm
1018724|0001018724-25-000034|0001018724-25-000034:amzn-20250331xex991.htm
1018724|0001018724-25-000084|0001018724-25-000084:amzn-20250630xex991.htm
1018724|0001018724-25-000121|0001018724-25-000121:amzn-20250930xex991.htm
1018724|0001018724-26-000002|0001018724-26-000002:amzn-20251231xex991.htm
1018724|0001018724-26-000012|0001018724-26-000012:amzn-20260331xex991.htm
1018724|0001018724-25-000004|0001018724-25-000004:amzn-20241231.htm
1748790|0001104659-25-098378|0001104659-25-098378:tm2528183d1_ex99-1.htm
1748790|0001104659-25-098378|0001104659-25-098378:tm2528183d1_8k.htm
1748790|0001748790-25-000021|0001748790-25-000021:exhibit992.htm
1748790|0001748790-25-000036|0001748790-25-000036:amcr-20250930.htm
1748790|0001748790-25-000034|0001748790-25-000034:exhibit991q12026.htm
1748790|0001748790-26-000004|0001748790-26-000004:exhibit991q22026.htm
1748790|0001748790-26-000014|0001748790-26-000014:exhibit991q32026.htm
1748790|0001748790-26-000016|0001748790-26-000016:amcr-20260331.htm
1748790|0001748790-26-000006|0001748790-26-000006:amcr-20251231.htm
1748790|0001748790-25-000021|0001748790-25-000021:amcor4q2025ex991-june302025.htm
1748790|0001748790-25-000023|0001748790-25-000023:amcr-20250630.htm
1748790|0001748790-25-000016|0001748790-25-000016:amcr-20250331.htm
1002910|0001002910-25-000129|0001002910-25-000129:aee-20250930.htm
1002910|0001002910-25-000112|0001002910-25-000112:aee-20250630.htm
1002910|0001002910-26-000009|0001002910-26-000009:aee-20251231.htm
1002910|0001002910-25-000055|0001002910-25-000055:aee-20241231.htm
1002910|0001002910-25-000098|0001002910-25-000098:aee-20250331.htm
1002910|0001002910-26-000015|0001002910-26-000015:aee-20260331.htm
1002910|0001002910-25-000109|0001002910-25-000109:q22025ex991earningsrelease.htm
1002910|0001002910-25-000052|0001002910-25-000052:q42024ex991earningsrelease.htm
1002910|0001002910-25-000127|0001002910-25-000127:q32025ex991earningsrelease.htm
4904|0000004904-25-000059|0000004904-25-000059:a1q20258kpressreleaseex991.htm
4904|0000004904-25-000169|0000004904-25-000169:a3q20258kpressreleaseex991.htm
4904|0000004904-26-000034|0000004904-26-000034:aep-20260331.htm
4904|0000004904-25-000061|0000004904-25-000061:aep-20250331.htm
4904|0000004904-26-000013|0000004904-26-000013:aep-20251231.htm
4904|0000004904-25-000027|0000004904-25-000027:aep-20241231.htm
4904|0000004904-25-000171|0000004904-25-000171:aep-20250930.htm
4904|0000004904-25-000141|0000004904-25-000141:aep-20250630.htm
4962|0000004962-25-000034|0000004962-25-000034:q125exhibit991.htm
4962|0000004962-25-000082|0000004962-25-000082:q225exhibit991.htm
4962|0000004962-25-000034|0000004962-25-000034:axp-20250417.htm
4962|0000004962-25-000082|0000004962-25-000082:axp-20250718.htm
4962|0000004962-25-000045|0000004962-25-000045:axp-20250331.htm
4962|0000004962-25-000083|0000004962-25-000083:axp-20250630.htm
5272|0000005272-26-000023|0000005272-26-000023:aig-20251231.htm
5272|0000005272-25-000081|0000005272-25-000081:aig-20250630.htm
5272|0000005272-25-000160|0000005272-25-000160:aig-20250930.htm
5272|0000005272-25-000012|0000005272-25-000012:aig-20241231.htm
1053507|0001053507-26-000035|0001053507-26-000035:amt-20251231.htm
1053507|0001053507-25-000025|0001053507-25-000025:amt-20241231.htm
1410636|0001193125-25-122469|0001193125-25-122469:d11172dex21.htm
1037868|0001037868-25-000037|0001037868-25-000037:ametek8kexhibit9915125.htm
1037868|0001037868-26-000144|0001037868-26-000144:ame-20260331.htm
1037868|0001037868-25-000077|0001037868-25-000077:ame-20250930.htm
1037868|0001037868-26-000016|0001037868-26-000016:ame-20251231.htm
318154|0000318154-25-000056|0000318154-25-000056:amgn-20250630.htm
318154|0000318154-25-000072|0000318154-25-000072:amgn-20250930.htm
318154|0000318154-25-000020|0000318154-25-000020:amgn-20250331.htm
318154|0000318154-26-000010|0000318154-26-000010:amgn-20251231.htm
318154|0000318154-26-000057|0000318154-26-000057:amgn-20260331.htm
820313|0001558370-25-000714|0001558370-25-000714:aph-20241231x10k.htm
820313|0001104659-26-013549|0001104659-26-013549:aph-20251231x10k.htm
1858681|0001858681-26-000026|0001858681-26-000026:apo-20260331.htm
1858681|0001858681-25-000049|0001858681-25-000049:apo-20250331.htm
1858681|0001858681-26-000013|0001858681-26-000013:apo-20251231.htm
1858681|0001858681-25-000117|0001858681-25-000117:apo-20250630.htm
1858681|0001858681-25-000139|0001858681-25-000139:apo-20250930.htm
1858681|0001858681-25-000034|0001858681-25-000034:apo-20241231.htm
320193|0000320193-26-000006|0000320193-26-000006:aapl-20251227.htm
320193|0000320193-25-000079|0000320193-25-000079:aapl-20250927.htm
1751008|0001751008-25-000072|0001751008-25-000072:app-20250630.htm
1751008|0001751008-25-000081|0001751008-25-000081:app-20250930.htm
1751008|0001751008-25-000053|0001751008-25-000053:app-20250331.htm
1751008|0001751008-26-000044|0001751008-26-000044:app-20260331.htm
1751008|0001751008-26-000010|0001751008-26-000010:app-20251231.htm
1751008|0001751008-25-000018|0001751008-25-000018:app-20241231.htm
1521332|0001521332-25-000027|0001521332-25-000027:aptv-20250331.htm
1521332|0001521332-26-000048|0001521332-26-000048:aptv-20260331.htm
1521332|0001521332-25-000040|0001521332-25-000040:aptv-20250630.htm
1521332|0001521332-25-000051|0001521332-25-000051:aptv-20250930.htm
1521332|0001521332-26-000009|0001521332-26-000009:aptv-20251231.htm
1521332|0000950103-25-014869|0000950103-25-014869:dp237511_ex9901.htm
947484|0000947484-26-000017|0000947484-26-000017:acgl-20251231.htm
947484|0000947484-25-000017|0000947484-25-000017:acgl-20241231.htm
7084|0000007084-26-000021|0000007084-26-000021:adm-ex991_20260331xq1.htm
7084|0000007084-25-000022|0000007084-25-000022:adm-20250331.htm
7084|0000007084-26-000023|0000007084-26-000023:adm-20260331.htm
7084|0000007084-26-000011|0000007084-26-000011:adm-20251231.htm
7084|0000007084-25-000011|0000007084-25-000011:adm-20241231.htm
1176948|0001628280-26-011413|0001628280-26-011413:ares-20251231.htm
1596532|0001596532-25-000106|0001596532-25-000106:anet-20250331.htm
1596532|0001596532-25-000216|0001596532-25-000216:anet-20250630.htm
1596532|0001596532-25-000286|0001596532-25-000286:anet-20250930.htm
1596532|0001596532-26-000078|0001596532-26-000078:anet-20260331.htm
1596532|0001596532-25-000028|0001596532-25-000028:anet-20241231.htm
1596532|0001596532-26-000013|0001596532-26-000013:anet-20251231.htm
1596532|0001596532-25-000018|0001596532-25-000018:ex991q424-earningsrelease.htm
1267238|0001267238-26-000024|0001267238-26-000024:aiz-20260331exx991pressrel.htm
1267238|0001267238-25-000042|0001267238-25-000042:aiz-20250630exx991pressrel.htm
1267238|0001267238-25-000049|0001267238-25-000049:aiz-20250930exx991pressrel.htm
1267238|0001267238-25-000024|0001267238-25-000024:aiz-20250331exx991pressrel.htm
1267238|0001267238-26-000006|0001267238-26-000006:aiz-20251231exx991pressrel.htm
1267238|0001267238-25-000026|0001267238-25-000026:aiz-20250331.htm
1267238|0001267238-25-000051|0001267238-25-000051:aiz-20250930.htm
1267238|0001267238-25-000045|0001267238-25-000045:aiz-20250630.htm
1267238|0001267238-26-000027|0001267238-26-000027:aiz-20260331.htm
1267238|0001267238-26-000010|0001267238-26-000010:aiz-20251231.htm
1267238|0001267238-25-000008|0001267238-25-000008:aiz-20241231.htm
731802|0000731802-26-000013|0000731802-26-000013:ato-20251231.htm
731802|0000731802-26-000089|0000731802-26-000089:ato-20260331.htm
731802|0000731802-25-000017|0000731802-25-000017:ato-20250331.htm
731802|0000731802-25-000026|0000731802-25-000026:ato-20250630.htm
731802|0000731802-25-000006|0000731802-25-000006:ato-20241231.htm
731802|0000731802-25-000056|0000731802-25-000056:ato-20250930.htm
769397|0000769397-25-000071|0000769397-25-000071:adsk-20250430.htm
769397|0000769397-25-000117|0000769397-25-000117:adsk-20250731.htm
769397|0000769397-25-000129|0000769397-25-000129:adsk-20251031.htm
769397|0000769397-26-000044|0000769397-26-000044:adsk-20260430.htm
769397|0000769397-26-000015|0000769397-26-000015:adsk-20260131.htm
769397|0000769397-25-000019|0000769397-25-000019:adsk-20250131.htm
769397|0001213900-26-062125|0001213900-26-062125:ea029248301ex2-1.htm
866787|0001104659-26-073525|0001104659-26-073525:azo-20260509x10q.htm
866787|0001104659-26-032757|0001104659-26-032757:azo-20260214x10q.htm
8818|0001193125-25-162209|0001193125-25-162209:d83231dex992.htm
8818|0001193125-25-245839|0001193125-25-245839:d79220dex992.htm
8818|0000008818-26-000004|0000008818-26-000004:ex9928k2-4x26.htm
8818|0001193125-25-089998|0001193125-25-089998:d917859dex992.htm
8818|0000008818-26-000004|0000008818-26-000004:ex9918k2-4x26.htm
8818|0000008818-26-000109|0000008818-26-000109:avy-20260331.htm
8818|0000008818-25-000040|0000008818-25-000040:avy-20250628.htm
8818|0000008818-25-000049|0000008818-25-000049:avy-20250927.htm
8818|0000008818-26-000015|0000008818-26-000015:avy-20251231.htm
8818|0000008818-25-000012|0000008818-25-000012:avy-20250329.htm
8818|0000008818-25-000003|0000008818-25-000003:avy-20241228.htm
1069183|0001069183-25-000077|0001069183-25-000077:axon-20250331.htm
1069183|0001628280-25-049143|0001628280-25-049143:axon-20250930.htm
1069183|0001069183-25-000181|0001069183-25-000181:axon-20250630.htm
1069183|0001628280-26-011360|0001628280-26-011360:axon-20251231.htm
1701605|0001701605-26-000007|0001701605-26-000007:bkr-20251231.htm
9389|0001104659-25-106108|0001104659-25-106108:ball-20250930x10q.htm
9389|0001104659-26-055460|0001104659-26-055460:ball-20260331x10q.htm
9389|0001104659-26-017410|0001104659-26-017410:ball-20251231x10k.htm
70858|0000070858-25-000139|0000070858-25-000139:bac-20241231.htm
70858|0000070858-26-000157|0000070858-26-000157:bac-20251231.htm
10456|0001628280-26-028962|0001628280-26-028962:bax-20260331.htm
10456|0001628280-25-007201|0001628280-25-007201:bax-20241231.htm
10456|0001628280-25-037877|0001628280-25-037877:bax-20250630.htm
10456|0001628280-25-048897|0001628280-25-048897:bax-20250930.htm
10456|0001628280-26-007733|0001628280-26-007733:bax-20251231.htm
10795|0000010795-25-000036|0000010795-25-000036:ex99103312025.htm
10795|0001628280-26-006182|0001628280-26-006182:ex99112312025.htm
10795|0001628280-26-031638|0001628280-26-031638:ex9913312026.htm
10795|0000010795-26-000005|0000010795-26-000005:bdx-20251231.htm
10795|0001628280-25-049835|0001628280-25-049835:ex99109302025.htm
10795|0000010795-25-000069|0000010795-25-000069:ex99106302025.htm
10795|0000010795-26-000026|0000010795-26-000026:bdx-20260331.htm
10795|0000010795-25-000039|0000010795-25-000039:bdx-20250331.htm
10795|0000010795-25-000099|0000010795-25-000099:bdx-20250930.htm
10795|0000010795-25-000072|0000010795-25-000072:bdx-20250630.htm
1067983|0001193125-26-083899|0001193125-26-083899:brka-20251231.htm
1067983|0000950170-25-101578|0000950170-25-101578:brka-20250630.htm
1067983|0001193125-25-261548|0001193125-25-261548:brka-20250930.htm
1067983|0000950170-25-025210|0000950170-25-025210:brka-20241231.htm
764478|0000764478-26-000027|0000764478-26-000027:exhibit991newsrelease622.htm
764478|0000764478-26-000012|0000764478-26-000012:exhibit991newsrelease422.htm
764478|0000764478-25-000035|0000764478-25-000035:bby-fy26q2xexx99.htm
764478|0000764478-26-000005|0000764478-26-000005:bby-fy26q4xexx99.htm
764478|0000764478-26-000018|0000764478-26-000018:bby-fy27q1xexx991.htm
764478|0000764478-26-000022|0000764478-26-000022:bby-20260502.htm
764478|0000764478-26-000009|0000764478-26-000009:bby-20260131.htm
842023|0001558370-25-011716|0001558370-25-011716:tech-20250630x10k.htm
875045|0000875045-25-000014|0000875045-25-000014:exhibit991-q12025pressrele.htm
875045|0000875045-25-000035|0000875045-25-000035:exhibit991-q22025pressrele.htm
875045|0000875045-25-000047|0000875045-25-000047:exhibit991-q32025pressrele.htm
875045|0000875045-26-000045|0000875045-26-000045:biib-20260331.htm
875045|0000875045-26-000042|0000875045-26-000042:exhibit991-q12026pressrele.htm
875045|0000875045-25-000004|0000875045-25-000004:exhibit991-q42024pressrele.htm
875045|0000875045-26-000011|0000875045-26-000011:exhibit991-q42025pressrele.htm
875045|0000875045-25-000018|0000875045-25-000018:biib-20250331.htm
875045|0000875045-25-000033|0000875045-25-000033:biib-20250630.htm
875045|0000875045-25-000049|0000875045-25-000049:biib-20250930.htm
875045|0000875045-26-000013|0000875045-26-000013:biib-20251231.htm
1393818|0001193125-26-082531|0001193125-26-082531:d48618d10k.htm
1390777|0001390777-25-000144|0001390777-25-000144:ex993_quarterlyupdatepre.htm
1390777|0001390777-25-000056|0001390777-25-000056:ex993_quarterlyupdatepre.htm
1390777|0001390777-25-000100|0001390777-25-000100:ex993_quarterlyupdatepre.htm
1390777|0001390777-26-000004|0001390777-26-000004:ex993_quarterlyupdatepre.htm
12927|0000012927-25-000062|0000012927-25-000062:ba-20250630.htm
12927|0000012927-25-000031|0000012927-25-000031:ba-20250331.htm
12927|0001628280-25-047023|0001628280-25-047023:ba-20250930.htm
12927|0001628280-26-004357|0001628280-26-004357:ba-20251231.htm
12927|0001628280-26-026458|0001628280-26-026458:ba-20260331.htm
885725|0000885725-26-000042|0000885725-26-000042:exhibit991-pressrelease_fi.htm
885725|0000885725-25-000024|0000885725-25-000024:exhibit991pressreleaseissu.htm
885725|0000885725-25-000033|0000885725-25-000033:bsx-20250528.htm
885725|0000885725-26-000029|0000885725-26-000029:ex991-pressrelease.htm
885725|0000885725-26-000041|0000885725-26-000041:exhibit991-pressrelease_fi.htm
885725|0000885725-26-000042|0000885725-26-000042:bsx-20260518.htm
885725|0000885725-26-000041|0000885725-26-000041:bsx-20260518.htm
885725|0000885725-26-000029|0000885725-26-000029:ex992-pressrelease.htm
885725|0000947871-26-000034|0000947871-26-000034:ss5822817_8k.htm
885725|0000947871-26-000034|0000947871-26-000034:ss5822817_ex9902.htm
885725|0000947871-26-000034|0000947871-26-000034:ss5822817_ex9901.htm
885725|0000885725-25-000023|0000885725-25-000023:q12025earningsrelease.htm
885725|0000885725-26-000031|0000885725-26-000031:q12026earningsrelease.htm
885725|0000885725-25-000026|0000885725-25-000026:bsx-20250331.htm
885725|0000885725-25-000039|0000885725-25-000039:q22025earningsrelease.htm
885725|0000947871-26-000037|0000947871-26-000037:ss5822815_8k.htm
885725|0000885725-25-000046|0000885725-25-000046:q32025earningsrelease.htm
885725|0000885725-25-000041|0000885725-25-000041:bsx-20250630.htm
885725|0000885725-26-000006|0000885725-26-000006:q42025earningsrelease.htm
885725|0000885725-25-000050|0000885725-25-000050:bsx-20250930.htm
885725|0000885725-26-000033|0000885725-26-000033:bsx-20260331.htm
885725|0000885725-26-000010|0000885725-26-000010:bsx-20251231.htm
885725|0000885725-25-000011|0000885725-25-000011:bsx-20241231.htm
14272|0000014272-26-000004|0000014272-26-000004:bmy-20251231.htm
1316835|0000950170-25-023953|0000950170-25-023953:bldr-20241231.htm
1316835|0001193125-26-054643|0001193125-26-054643:bldr-20251231.htm
1996862|0001104659-25-073672|0001104659-25-073672:tm2521986d5_ex99-1.htm
1996862|0001996862-25-000086|0001996862-25-000086:bg-20250331.htm
1996862|0001996862-25-000204|0001996862-25-000204:bg-20250630.htm
1996862|0001628280-25-049587|0001628280-25-049587:bg-20250930.htm
1996862|0001996862-25-000008|0001996862-25-000008:bg-20241231.htm
1996862|0001628280-26-009842|0001628280-26-009842:bg-20251231.htm
1037540|0001656423-25-000046|0001656423-25-000046:bxp-20250630.htm
813672|0000813672-25-000148|0000813672-25-000148:ex21cdns09302025.htm
813672|0000813672-26-000016|0000813672-26-000016:cdns-20251231.htm
721371|0000721371-26-000018|0000721371-26-000018:cah-20260331.htm
721371|0000721371-25-000130|0000721371-25-000130:cah-20250930.htm
721371|0000721371-26-000006|0000721371-26-000006:cah-20251231.htm
721371|0000721371-25-000038|0000721371-25-000038:cah-20250331.htm
721371|0000721371-25-000079|0000721371-25-000079:cah-20250630.htm
1783180|0001783180-26-000026|0001783180-26-000026:carr-20260331.htm
1783180|0001783180-25-000058|0001783180-25-000058:carr-20250729_d2.htm
1783180|0001783180-25-000008|0001783180-25-000008:carr-20241231.htm
1690820|0001690820-25-000312|0001690820-25-000312:cvna-20250630.htm
1690820|0001690820-26-000035|0001690820-26-000035:cvna-20260331.htm
1690820|0001690820-25-000161|0001690820-25-000161:cvna-20250331.htm
1690820|0001690820-25-000353|0001690820-25-000353:cvna-20250930.htm
1690820|0001690820-26-000009|0001690820-26-000009:cvna-20251231.htm
18230|0000018230-26-000017|0000018230-26-000017:ex991toformcat1q2026earnin.htm
18230|0000018230-26-000013|0000018230-26-000013:cat_exx992-previouslycommu.htm
18230|0000018230-26-000021|0000018230-26-000021:cat-20260331.htm
18230|0001104659-26-001346|0001104659-26-001346:tm261912d1_ex99-1.htm
18230|0001104659-25-034874|0001104659-25-034874:tm2511879d2_ex99-1.htm
18230|0000018230-25-000037|0000018230-25-000037:ex992toformcat2q2025retail.htm
18230|0000018230-26-000017|0000018230-26-000017:ex992toformcat1q2026retail.htm
18230|0000018230-25-000043|0000018230-25-000043:ex992toformcat3q2025retail.htm
18230|0000018230-25-000004|0000018230-25-000004:ex992toformxretailstatisti.htm
18230|0000018230-25-000013|0000018230-25-000013:ex992toformcat1q2025retail.htm
18230|0000018230-26-000003|0000018230-26-000003:ex992toformxretailstatisti.htm
18230|0000018230-25-000040|0000018230-25-000040:cat-20250630.htm
18230|0000018230-25-000048|0000018230-25-000048:cat-20250930.htm
18230|0000018230-25-000013|0000018230-25-000013:ex991toformcat1q2025earnin.htm
18230|0000018230-25-000037|0000018230-25-000037:ex991toformcat2q2025earnin.htm
18230|0000018230-25-000043|0000018230-25-000043:ex991toformcat3q2025earnin.htm
18230|0000018230-26-000003|0000018230-26-000003:cat_exx991x4qx2025xearning.htm
18230|0000018230-25-000004|0000018230-25-000004:cat_exx991x4qx2024xearning.htm
18230|0000018230-26-000008|0000018230-26-000008:cat-20251231.htm
1140859|0001140859-25-000131|0001140859-25-000131:cor-20250930.htm
1071739|0001071739-25-000086|0001071739-25-000086:cnc-20250331.htm
1130310|0001130310-26-000021|0001130310-26-000021:a991reportingpackageofsi.htm
1130310|0001130310-25-000137|0001130310-25-000137:cnp-20250930.htm
1130310|0001130310-25-000143|0001130310-25-000143:cnp-20250930.htm
1130310|0001130310-25-000079|0001130310-25-000079:cnp-20250331.htm
1130310|0001130310-25-000113|0001130310-25-000113:cnp-20250630.htm
1130310|0001130310-26-000008|0001130310-26-000008:cnp-20251231.htm
1130310|0001130310-25-000040|0001130310-25-000040:cnp-20241231.htm
1130310|0001130310-26-000028|0001130310-26-000028:cnp-20260331.htm
1324404|0001324404-26-000013|0001324404-26-000013:cf-20260331.htm
1324404|0001104659-25-061880|0001104659-25-061880:tm2518349d1_ex99-1.htm
1324404|0001324404-26-000007|0001324404-26-000007:cf-20251231.htm
1324404|0001324404-25-000015|0001324404-25-000015:cf-20250331.htm
1324404|0001324404-25-000024|0001324404-25-000024:cf-20250630.htm
1324404|0001324404-25-000030|0001324404-25-000030:cf-20250930.htm
1324404|0001324404-25-000006|0001324404-25-000006:cf-20241231.htm
1100682|0001100682-25-000021|0001100682-25-000021:crl-20250329.htm
1100682|0001100682-25-000034|0001100682-25-000034:crl-20250628.htm
1100682|0001100682-25-000043|0001100682-25-000043:crl-20250927.htm
1100682|0001100682-25-000011|0001100682-25-000011:crl-20241228.htm
1100682|0001100682-26-000022|0001100682-26-000022:crl-20251227.htm
93410|0000093410-25-000108|0000093410-25-000108:cvx-20250930.htm
93410|0000093410-25-000062|0000093410-25-000062:cvx-20250630.htm
93410|0000093410-26-000078|0000093410-26-000078:cvx-20251231.htm
1058090|0001058090-25-000031|0001058090-25-000031:exh102-formof2025psuagreem.htm
1058090|0001058090-25-000056|0001058090-25-000056:cmg-20250630.htm
1058090|0001058090-25-000088|0001058090-25-000088:cmg-20250930.htm
1058090|0001058090-26-000009|0001058090-26-000009:cmg-20251231.htm
313927|0000950170-25-061438|0000950170-25-061438:chd-ex99_1.htm
313927|0000950170-25-011420|0000950170-25-011420:chd-ex99_1.htm
313927|0001193125-25-259387|0001193125-25-259387:chd-ex99_1.htm
313927|0000950170-25-101104|0000950170-25-101104:chd-ex99_1.htm
313927|0001193125-26-030474|0001193125-26-030474:chd-ex99_1.htm
313927|0001193125-25-260515|0001193125-25-260515:chd-20250930.htm
313927|0000950170-25-101235|0000950170-25-101235:chd-20250630.htm
313927|0000950170-25-061624|0000950170-25-061624:chd-20250331.htm
313927|0001193125-26-199066|0001193125-26-199066:chd-ex99_1.htm
313927|0000950170-25-019801|0000950170-25-019801:chd-20241231.htm
313927|0001193125-26-200630|0001193125-26-200630:chd-20260331.htm
313927|0001193125-26-048139|0001193125-26-048139:chd-20251231.htm
936395|0001628280-26-040614|0001628280-26-040614:ex9922026q2earningsprese.htm
936395|0000936395-25-000011|0000936395-25-000011:cien-20250201.htm
936395|0001628280-26-015152|0001628280-26-015152:cien-20260131.htm
936395|0000936395-25-000041|0000936395-25-000041:cien-20250802.htm
936395|0000936395-25-000025|0000936395-25-000025:cien-20250503.htm
936395|0001628280-25-056698|0001628280-25-056698:cien-20251101.htm
936395|0001628280-26-040767|0001628280-26-040767:cien-20260502.htm
20286|0000020286-25-000032|0000020286-25-000032:exhibit99205-05x25.htm
20286|0000020286-25-000040|0000020286-25-000040:exhibit99106-20x25.htm
20286|0000020286-25-000032|0000020286-25-000032:exhibit99105-05x25.htm
20286|0000020286-25-000032|0000020286-25-000032:cinf-20250503.htm
20286|0000020286-25-000028|0000020286-25-000028:exhibit9911q25.htm
20286|0000020286-25-000029|0000020286-25-000029:cinf-20250331.htm
20286|0000020286-25-000062|0000020286-25-000062:cinf-20250930.htm
20286|0000020286-25-000045|0000020286-25-000045:cinf-20250630.htm
20286|0000020286-26-000008|0000020286-26-000008:cinf-20251231.htm
723254|0000950103-26-008890|0000950103-26-008890:dp248355_8k.htm
723254|0000723254-26-000006|0000723254-26-000006:ex992026-2x28.htm
723254|0000723254-26-000025|0000723254-26-000025:ex992026-5x31.htm
723254|0000950103-26-003567|0000950103-26-003567:dp243132_ex9902.htm
723254|0000950103-26-003567|0000950103-26-003567:dp243132_ex9901.htm
723254|0000950103-26-003567|0000950103-26-003567:dp243132_8k.htm
723254|0000723254-26-000012|0000723254-26-000012:ctas-20260228.htm
831001|0001104659-25-114632|0001104659-25-114632:c-20251119xex99d1.htm
831001|0001104659-25-099097|0001104659-25-099097:c-20251014xex99d1.htm
831001|0000831001-25-000086|0000831001-25-000086:c-20250331.htm
831001|0000831001-25-000154|0000831001-25-000154:c-20250930.htm
831001|0000831001-25-000131|0000831001-25-000131:c-20250630.htm
831001|0000831001-26-000011|0000831001-26-000011:c-20251231.htm
21076|0000021076-25-000039|0000021076-25-000039:clx-20250630.htm
1156375|0001156375-26-000009|0001156375-26-000009:cme-20251231.htm
811156|0000811156-26-000024|0000811156-26-000024:cms-20260331.htm
811156|0000811156-25-000077|0000811156-25-000077:cms-20250930.htm
811156|0000811156-25-000071|0000811156-25-000071:cms-20250630.htm
811156|0000811156-26-000004|0000811156-26-000004:cms-20251231.htm
811156|0001104659-25-072445|0001104659-25-072445:tm2522139d1_ex99-2.htm
811156|0001104659-25-038300|0001104659-25-038300:tm2513034d1_ex99-2.htm
811156|0000811156-25-000047|0000811156-25-000047:cms-20250331.htm
811156|0000811156-25-000036|0000811156-25-000036:cms-20241231.htm
820318|0000820318-25-000024|0000820318-25-000024:iivi-20251216_d2.htm
820318|0001193125-25-129060|0001193125-25-129060:d908147dex992.htm
820318|0000820318-25-000014|0000820318-25-000014:iivi-20250630.htm
820318|0000820318-25-000019|0000820318-25-000019:iivi-20250930.htm
820318|0000820318-26-000006|0000820318-26-000006:iivi-20251231.htm
820318|0000820318-26-000013|0000820318-26-000013:iivi-20260331.htm
820318|0000820318-25-000009|0000820318-25-000009:iivi-20250331.htm
1035983|0001104659-26-017530|0001104659-26-017530:fix-20251231x10k.htm
1035983|0001558370-25-001222|0001558370-25-001222:fix-20241231x10k.htm
1047862|0001047862-25-000014|0001047862-25-000014:a4q2024earningsreleasepr.htm
1047862|0001047862-25-000045|0001047862-25-000045:ed-20250331.htm
1047862|0001047862-26-000091|0001047862-26-000091:ed-20260331.htm
1047862|0001047862-25-000069|0001047862-25-000069:ed-20250630.htm
1047862|0001047862-25-000138|0001047862-25-000138:ed-20250930.htm
16918|0000016918-25-000132|0000016918-25-000132:stzex992_presentation.htm
16918|0000016918-26-000029|0000016918-26-000029:stz-20260531.htm
16918|0000016918-25-000075|0000016918-25-000075:stz-20250531.htm
16918|0000016918-25-000004|0000016918-25-000004:stz-20241130.htm
16918|0000016918-25-000141|0000016918-25-000141:stz-20250831.htm
16918|0000016918-26-000005|0000016918-26-000005:stz-20251130.htm
16918|0000016918-26-000011|0000016918-26-000011:stz-20260228.htm
16918|0000016918-25-000022|0000016918-25-000022:stz-20250228.htm
1868275|0001104659-25-119690|0001104659-25-119690:tm2532248d2_ex99-1.htm
1868275|0001868275-25-000044|0001868275-25-000044:ceg-20250331.htm
1868275|0001868275-26-000032|0001868275-26-000032:ceg-20251231.htm
1868275|0001868275-25-000073|0001868275-25-000073:ceg-20250630.htm
1868275|0001868275-25-000092|0001868275-25-000092:ceg-20250930.htm
1868275|0001868275-25-000023|0001868275-25-000023:ceg-20241231.htm
711404|0001628280-25-055615|0001628280-25-055615:coo-20251031.htm
1175454|0001175454-26-000027|0001175454-26-000027:flt-20260427.htm
1175454|0001175454-25-000021|0001175454-25-000021:flt-20250929.htm
1175454|0001628280-25-022757|0001628280-25-022757:ex991q1_2025.htm
1175454|0001175454-25-000013|0001175454-25-000013:ex991q2_2025.htm
1175454|0001175454-26-000029|0001175454-26-000029:ex991q1_2026.htm
1175454|0001175454-25-000025|0001175454-25-000025:ex991q3_2025.htm
1175454|0001175454-26-000008|0001175454-26-000008:ex991q4_2025.htm
1175454|0001175454-26-000032|0001175454-26-000032:cpay-20260331.htm
1175454|0001628280-25-024747|0001628280-25-024747:cpay-20250331.htm
1175454|0001175454-25-000018|0001175454-25-000018:cpay-20250630.htm
1175454|0001175454-25-000029|0001175454-25-000029:cpay-20250930.htm
1175454|0001175454-26-000018|0001175454-26-000018:flt-20251231.htm
1755672|0001755672-26-000004|0001755672-26-000004:ctva-20251231.htm
1755672|0001755672-25-000005|0001755672-25-000005:ctva-20241231.htm
277948|0000277948-26-000006|0000277948-26-000006:csx-20251231.htm
277948|0000277948-25-000008|0000277948-25-000008:csx-20241231.htm
26172|0000026172-25-000031|0000026172-25-000031:cmi-20250630.htm
26172|0000026172-25-000039|0000026172-25-000039:cmi-20250930.htm
26172|0000026172-26-000016|0000026172-26-000016:cmi-20260331.htm
26172|0000026172-26-000009|0000026172-26-000009:cmi-20251231.htm
26172|0000026172-25-000013|0000026172-25-000013:cmi-20250331.htm
64803|0000064803-26-000010|0000064803-26-000010:cvs-20251231.htm
64803|0000064803-25-000007|0000064803-25-000007:cvs-20241231.htm
313616|0000313616-25-000153|0000313616-25-000153:dhr-20250627.htm
313616|0000313616-25-000182|0000313616-25-000182:dhr-20250926.htm
313616|0000313616-25-000088|0000313616-25-000088:dhr-20250328.htm
313616|0000313616-26-000161|0000313616-26-000161:dhr-20260626.htm
313616|0000313616-26-000107|0000313616-26-000107:dhr-20260327.htm
313616|0000313616-26-000062|0000313616-26-000062:dhr-20251231.htm
927066|0000927066-26-000012|0000927066-26-000012:dva-20251231.htm
14693|0000014693-25-000018|0000014693-25-000018:bfb-20250131.htm
14693|0000014693-25-000015|0000014693-25-000015:fy25_q3xerjanuary.htm
14693|0000014693-26-000024|0000014693-26-000024:bfb-20260430.htm
14693|0000014693-25-000062|0000014693-25-000062:bfb-20250430.htm
910521|0000910521-25-000044|0000910521-25-000044:deck-20250930.htm
910521|0000910521-25-000037|0000910521-25-000037:deck-20250630.htm
910521|0000910521-26-000005|0000910521-26-000005:deck-20251231.htm
910521|0001628280-26-037664|0001628280-26-037664:deck-20260331.htm
910521|0000910521-25-000017|0000910521-25-000017:deck-20250331.htm
1043277|0001043277-25-000037|0001043277-25-000037:chrw-20250630.htm
1043277|0001043277-25-000052|0001043277-25-000052:chrw-20250930.htm
1043277|0001043277-25-000022|0001043277-25-000022:chrw-20250331.htm
1043277|0001043277-25-000029|0001043277-25-000029:q22025earningsdeck.htm
1043277|0001043277-25-000031|0001043277-25-000031:q22025earningsdeck.htm
1043277|0001043277-26-000009|0001043277-26-000009:keyemployeeagreement2023.htm
1043277|0001043277-26-000009|0001043277-26-000009:chrw-20251231.htm
315189|0001104659-26-067311|0001104659-26-067311:de-20260503x10q.htm
315189|0001104659-26-064747|0001104659-26-064747:de-20260521xex99d1.htm
315189|0001104659-26-020158|0001104659-26-020158:de-20260201x10q.htm
315189|0001558370-25-011789|0001558370-25-011789:de-20250727x10q.htm
315189|0001558370-25-008218|0001558370-25-008218:de-20250427x10q.htm
315189|0001104659-25-122321|0001104659-25-122321:de-20251102x10k.htm
27904|0000027904-25-000004|0000027904-25-000004:dal-20241231.htm
27904|0000027904-26-000013|0000027904-26-000013:dal-20251231.htm
1090012|0001193125-26-208143|0001193125-26-208143:dvn-20260331.htm
1093557|0001093557-25-000036|0001093557-25-000036:dxcm-20241231.htm
1093557|0001093557-26-000027|0001093557-26-000027:dxcm-20251231.htm
1539838|0001539838-26-000010|0001539838-26-000010:fang-20251231.htm
29534|0001104659-25-055706|0001104659-25-055706:tm2516684d1_ex99.htm
29534|0001104659-26-069198|0001104659-26-069198:tm2616084d1_ex99.htm
29534|0001104659-26-069205|0001104659-26-069205:dg-20260501x10q.htm
29534|0001558370-25-008354|0001558370-25-008354:dg-20250502x10q.htm
29534|0001104659-25-118289|0001104659-25-118289:dg-20251031x10q.htm
29534|0001558370-25-011786|0001558370-25-011786:dg-20250801x10q.htm
29534|0001104659-25-084297|0001104659-25-084297:tm2524307d1_ex99.htm
29534|0001104659-25-118286|0001104659-25-118286:tm2532496d1_ex99.htm
29534|0001104659-26-026697|0001104659-26-026697:tm268519d1_ex99.htm
29534|0001104659-26-032325|0001104659-26-032325:dg-20260130x10k.htm
935703|0000935703-25-000105|0000935703-25-000105:dltr-20251101.htm
935703|0000935703-26-000065|0000935703-26-000065:dltr-20260502.htm
935703|0000935703-26-000064|0000935703-26-000064:ex991q1-26earningspressrel.htm
935703|0000935703-26-000025|0000935703-26-000025:dltr-20260131.htm
935703|0000935703-26-000024|0000935703-26-000024:ex991q4-25earningspressrel.htm
935703|0000935703-25-000061|0000935703-25-000061:dltr-20250802.htm
935703|0000935703-25-000104|0000935703-25-000104:ex991q3-25earningspressrel.htm
935703|0000935703-25-000015|0000935703-25-000015:dltr-20250201.htm
1751788|0001751788-25-000142|0001751788-25-000142:exhibit991enrschedules2q25.htm
1751788|0001751788-25-000125|0001751788-25-000125:exhibit991enrschedules1q25.htm
1751788|0001751788-25-000145|0001751788-25-000145:dow-20250630.htm
1751788|0001751788-25-000156|0001751788-25-000156:dow-20250930.htm
1751788|0001751788-25-000129|0001751788-25-000129:dow-20250331.htm
1751788|0001751788-26-000018|0001751788-26-000018:dow-20251231.htm
1751788|0001751788-26-000134|0001751788-26-000134:dow-20260331.htm
1751788|0001751788-26-000147|0001751788-26-000147:dow-20260630.htm
936340|0000936340-26-000081|0000936340-26-000081:a20260331ex102.htm
936340|0000936340-26-000054|0000936340-26-000054:dte-20251231.htm
1326160|0001326160-26-000026|0001326160-26-000026:duk-20260331.htm
1326160|0001326160-25-000192|0001326160-25-000192:duk-202509x10qxexx101.htm
1326160|0001326160-26-000014|0001326160-26-000014:duk-20251231.htm
1326160|0001326160-25-000072|0001326160-25-000072:duk-20241231.htm
1326160|0001326160-25-000192|0001326160-25-000192:duk-20250930.htm
1326160|0001326160-25-000150|0001326160-25-000150:duk-20250331.htm
1326160|0001326160-25-000168|0001326160-25-000168:duk-20250630.htm
1666700|0001666700-25-000017|0001666700-25-000017:exhibit991enrschedules-1q25.htm
1666700|0001666700-25-000040|0001666700-25-000040:exhibit991enrschedules-2q25.htm
1666700|0001666700-26-000031|0001666700-26-000031:dd-20260331.htm
1666700|0001193125-25-193274|0001193125-25-193274:d61920dex21.htm
1551182|0001551182-25-000011|0001551182-25-000011:etn03312025exhibit99.htm
1065088|0001065088-25-000058|0001065088-25-000058:exhibit992cfotransitionand.htm
1065088|0001065088-25-000058|0001065088-25-000058:exhibit991erebayq12025.htm
1065088|0001065088-25-000075|0001065088-25-000075:exhibit991erebayq22025.htm
1065088|0001065088-25-000124|0001065088-25-000124:exhibit991erebayq32025.htm
1065088|0001065088-25-000061|0001065088-25-000061:ebay-20250331.htm
1065088|0001065088-25-000064|0001065088-25-000064:ebay-20250331.htm
1065088|0001065088-26-000027|0001065088-26-000027:ebay-20251231.htm
1065088|0001065088-25-000127|0001065088-25-000127:ebay-20250930.htm
1065088|0001065088-25-000077|0001065088-25-000077:ebay-20250630.htm
1065088|0001065088-25-000037|0001065088-25-000037:ebay-20241231.htm
31462|0001558370-25-001263|0001558370-25-001263:ecl-20241231x10k.htm
827052|0000827052-26-000012|0000827052-26-000012:eix-20251231.htm
827052|0000827052-25-000022|0000827052-25-000022:eix-20241231.htm
1099800|0001099800-25-000048|0001099800-25-000048:ew-20250630.htm
1099800|0001099800-25-000062|0001099800-25-000062:ew-20250930.htm
1099800|0001099800-26-000026|0001099800-26-000026:ew-20260331.htm
1099800|0001099800-26-000009|0001099800-26-000009:ew-20251231.htm
712515|0001140361-25-036415|0001140361-25-036415:ef20056167_ex2-1.htm
105634|0000105634-25-000015|0000105634-25-000015:eme-20241231.htm
105634|0000105634-26-000025|0000105634-26-000025:eme-20251231.htm
32604|0000032604-26-000035|0000032604-26-000035:emr-20260331.htm
65984|0000065984-26-000174|0000065984-26-000174:etr-20251231.htm
65984|0000065984-25-000046|0000065984-25-000046:etr-20250331.htm
65984|0000065984-25-000012|0000065984-25-000012:etr-20241231.htm
65984|0000065984-25-000087|0000065984-25-000087:etr-20250630.htm
65984|0000065984-25-000132|0000065984-25-000132:etr-20250930.htm
65984|0000065984-26-000222|0000065984-26-000222:etr-20260331.htm
33213|0000033213-26-000018|0000033213-26-000018:eqt-20251231.htm
1101239|0001101239-26-000091|0001101239-26-000091:eqix-20260331.htm
1101239|0001101239-25-000062|0001101239-25-000062:eqix-20250930.htm
1101239|0001101239-25-000029|0001101239-25-000029:eqix-20250630.htm
1101239|0001101239-26-000032|0001101239-26-000032:eqix-20251231.htm
922621|0001628280-26-026866|0001628280-26-026866:erie-20260331.htm
922621|0000922621-25-000016|0000922621-25-000016:erie-20250331.htm
922621|0001628280-25-047555|0001628280-25-047555:erie-20250930.htm
922621|0001628280-25-038926|0001628280-25-038926:erie-20250630.htm
922621|0001628280-26-010666|0001628280-26-010666:erie-20251231.htm
920522|0000920522-25-000040|0000920522-25-000040:ess-20250331.htm
920522|0000920522-26-000016|0000920522-26-000016:ess-20260331.htm
920522|0000920522-25-000078|0000920522-25-000078:ess-20250630.htm
920522|0000920522-25-000082|0000920522-25-000082:ess-20250930.htm
920522|0000920522-26-000003|0000920522-26-000003:ess-20251231.htm
1001250|0001001250-26-000017|0001001250-26-000017:fy2026q3exhibit991.htm
1001250|0001001250-26-000004|0001001250-26-000004:fy2026q2exhibit991.htm
1001250|0001001250-25-000107|0001001250-25-000107:fy2026q1exhibit991.htm
1001250|0001001250-25-000009|0001001250-25-000009:fy2025q2exhibit991.htm
1001250|0001001250-26-000019|0001001250-26-000019:el-20260331.htm
1001250|0001001250-25-000097|0001001250-25-000097:elq4fy2025exhibit991.htm
1001250|0001001250-25-000109|0001001250-25-000109:el-20250930.htm
1001250|0001001250-26-000006|0001001250-26-000006:el-20251231.htm
1001250|0001001250-25-000099|0001001250-25-000099:el-20250630.htm
1711269|0001193125-26-210269|0001193125-26-210269:d947347dex991.htm
1711269|0001711269-25-000004|0001711269-25-000004:evrg-20241231.htm
1711269|0001711269-26-000017|0001711269-26-000017:evrg-20251231.htm
1711269|0001711269-26-000057|0001711269-26-000057:evrg-20260331.htm
1711269|0001711269-25-000041|0001711269-25-000041:evrg-20250930.htm
72741|0000072741-25-000007|0000072741-25-000007:es-20241231.htm
1109357|0001109357-25-000167|0001109357-25-000167:exc-20250731ex992.htm
1109357|0001109357-26-000061|0001109357-26-000061:exc-20260506ex992.htm
1109357|0001109357-25-000110|0001109357-25-000110:exc-20250501ex992.htm
1109357|0001109357-25-000179|0001109357-25-000179:exc-20251104ex992.htm
1109357|0001109357-26-000014|0001109357-26-000014:exc-20260212ex992.htm
1109357|0001109357-26-000018|0001109357-26-000018:exc-20251231.htm
1109357|0001109357-25-000043|0001109357-25-000043:exc-20241231.htm
1109357|0001109357-25-000182|0001109357-25-000182:exc-20250930.htm
1109357|0001109357-25-000170|0001109357-25-000170:exc-20250630.htm
1109357|0001109357-25-000113|0001109357-25-000113:exc-20250331.htm
1109357|0001109357-26-000063|0001109357-26-000063:exc-20260331.htm
746515|0001193125-26-119919|0001193125-26-119919:expd-20260323.htm
746515|0001193125-26-205511|0001193125-26-205511:expd-ex99_1.htm
746515|0001193125-26-232738|0001193125-26-232738:expd-20260520.htm
746515|0000950170-25-102569|0000950170-25-102569:expd-ex99_1.htm
746515|0000950170-25-066562|0000950170-25-066562:expd-20250331.htm
746515|0000746515-25-000007|0000746515-25-000007:expd-20250630.htm
746515|0000950170-25-071430|0000950170-25-071430:expd-20250514.htm
746515|0001193125-25-268710|0001193125-25-268710:expd-20250930.htm
746515|0001193125-26-071569|0001193125-26-071569:expd-20251231.htm
746515|0000950170-25-064162|0000950170-25-064162:expd-ex99_1.htm
746515|0001193125-25-282956|0001193125-25-282956:expd-20251114.htm
746515|0001193125-26-208834|0001193125-26-208834:expd-20260331.htm
746515|0000950170-25-024750|0000950170-25-024750:expd-20241231.htm
34088|0000034088-25-000010|0000034088-25-000010:xom-20241231.htm
815556|0000815556-26-000022|0000815556-26-000022:fast-20260331.htm
815556|0000815556-26-000041|0000815556-26-000041:fast-20260630.htm
815556|0000815556-26-000009|0000815556-26-000009:fast-20251231.htm
815556|0000815556-25-000106|0000815556-25-000106:fast-20250630.htm
815556|0000815556-25-000119|0000815556-25-000119:fast-20250930.htm
815556|0000815556-25-000065|0000815556-25-000065:fast-20241231.htm
1048911|0001048911-26-000050|0001048911-26-000050:fdx-earningsreleasefy2026q4.htm
1048911|0001048911-26-000011|0001048911-26-000011:fdx-20260228.htm
1048911|0001048911-25-000011|0001048911-25-000011:fdx-20250531.htm
1048911|0001048911-26-000105|0001048911-26-000105:fdx-20260531.htm
1136893|0001136893-26-000013|0001136893-26-000013:fis-20251231.htm
35527|0001193125-25-234686|0001193125-25-234686:d30938dex21.htm
35527|0000035527-25-000137|0000035527-25-000137:fitb-20250331.htm
35527|0000035527-25-000171|0000035527-25-000171:fitb-20250630.htm
35527|0000035527-25-000212|0000035527-25-000212:fitb-20250930.htm
35527|0000035527-25-000079|0000035527-25-000079:fitb-20241231.htm
1274494|0001274494-25-000082|0001274494-25-000082:fslr-20250930.htm
1274494|0001274494-25-000054|0001274494-25-000054:fslr-20250630.htm
1274494|0001274494-25-000033|0001274494-25-000033:fslr-20250331.htm
1274494|0001274494-26-000109|0001274494-26-000109:fslr-20260331.htm
1274494|0001274494-26-000021|0001274494-26-000021:fslr-20251231.htm
1274494|0001274494-25-000032|0001274494-25-000032:ex991pressreleaseq1-2025.htm
1274494|0001274494-25-000010|0001274494-25-000010:fslr-20241231.htm
1031296|0001031296-26-000085|0001031296-26-000085:fe-20260331.htm
1031296|0001031296-25-000006|0001031296-25-000006:fe-20241231.htm
1031296|0001031296-25-000017|0001031296-25-000017:fe-20250331.htm
1031296|0001031296-25-000042|0001031296-25-000042:fe-20250630.htm
1031296|0001031296-25-000085|0001031296-25-000085:fe-20250930.htm
1031296|0001031296-26-000046|0001031296-26-000046:fe-20251231.htm
866374|0000866374-25-000043|0000866374-25-000043:flex-20250627.htm
866374|0000866374-25-000051|0000866374-25-000051:flex-20250926.htm
866374|0000866374-26-000005|0000866374-26-000005:flex-20251231.htm
866374|0000866374-25-000027|0000866374-25-000027:flex-20250331.htm
866374|0000866374-26-000012|0000866374-26-000012:flex-20260331.htm
37996|0000037996-25-000071|0000037996-25-000071:exhibit99tomay52025ford8.htm
37996|0000037996-26-000084|0000037996-26-000084:exhibit99toapril292026fo.htm
37996|0000037996-25-000185|0000037996-25-000185:exhibit99tooctober232025.htm
37996|0000037996-25-000147|0000037996-25-000147:f-20250630.htm
37996|0000037996-25-000186|0000037996-25-000186:f-20250930.htm
37996|0000037996-26-000086|0000037996-26-000086:f-20260331.htm
37996|0000037996-26-000015|0000037996-26-000015:f-20251231.htm
37996|0000037996-25-000072|0000037996-25-000072:f-20250331.htm
37996|0000037996-25-000013|0000037996-25-000013:f-20241231.htm
1262039|0001262039-26-000013|0001262039-26-000013:ftnt-20260331.htm
1262039|0001262039-26-000007|0001262039-26-000007:ftnt-20251231.htm
1262039|0001262039-25-000017|0001262039-25-000017:ftnt-20250331.htm
1262039|0001262039-25-000028|0001262039-25-000028:ftnt-20250630.htm
1262039|0001262039-25-000039|0001262039-25-000039:ftnt-20250930.htm
1262039|0001262039-25-000011|0001262039-25-000011:ftnt-20241231.htm
1659166|0001659166-25-000120|0001659166-25-000120:ftv-20250627.htm
1659166|0001659166-25-000104|0001659166-25-000104:ex991-pressrelease.htm
1659166|0001659166-25-000131|0001659166-25-000131:ftv-20250926.htm
1659166|0001659166-26-000013|0001659166-26-000013:ftv-20260403.htm
1659166|0001659166-25-000080|0001659166-25-000080:ftv-20250328.htm
1659166|0001659166-26-000007|0001659166-26-000007:ftv-20251231.htm
1659166|0001659166-25-000024|0001659166-25-000024:ftv-20241231.htm
831259|0000831259-25-000028|0000831259-25-000028:a2025fcx2ndqtrcc_final.htm
831259|0000831259-25-000028|0000831259-25-000028:a2q2025exhibit991.htm
831259|0000831259-25-000014|0000831259-25-000014:a2025fcx1stqtrcc_final.htm
831259|0000831259-25-000031|0000831259-25-000031:fcx-20250630.htm
831259|0000831259-25-000048|0000831259-25-000048:a2025fcx3rdqtrfinsummary.htm
831259|0000831259-26-000014|0000831259-26-000014:fcxnewrelease21826.htm
831259|0000831259-25-000014|0000831259-25-000014:a1q2025exhibit991.htm
831259|0000831259-25-000052|0000831259-25-000052:fcx_251118.htm
831259|0000831259-25-000052|0000831259-25-000052:fcxnov-18x2025cc_final.htm
831259|0000831259-25-000018|0000831259-25-000018:fcx-20250331.htm
831259|0000831259-25-000050|0000831259-25-000050:fcx-20250930.htm
831259|0000831259-26-000033|0000831259-26-000033:fcx2q26cc_final.htm
831259|0000831259-26-000006|0000831259-26-000006:fcx4q25cc_final.htm
831259|0000831259-26-000021|0000831259-26-000021:fcx1q26cc_final.htm
831259|0000831259-26-000025|0000831259-26-000025:fcx-20260331.htm
831259|0000831259-26-000021|0000831259-26-000021:a1q2026exhibit991.htm
831259|0000831259-25-000002|0000831259-25-000002:fcx_4q24xccxfinal.htm
831259|0000831259-26-000012|0000831259-26-000012:fcx-20251231.htm
831259|0000831259-26-000033|0000831259-26-000033:a2q2026exhibit991.htm
831259|0000831259-25-000048|0000831259-25-000048:a3q2025exhibit991.htm
831259|0000831259-26-000006|0000831259-26-000006:a4q2025exhibit991.htm
831259|0000831259-25-000006|0000831259-25-000006:fcx-20241231.htm
1121788|0001193125-26-188908|0001193125-26-188908:grmn-20260328.htm
40545|0000040545-25-000061|0000040545-25-000061:ge1q2025earningsrelease.htm
40545|0000040545-26-000027|0000040545-26-000027:ge-20260331.htm
40545|0000040545-26-000049|0000040545-26-000049:ge-20260630.htm
40545|0000040545-26-000026|0000040545-26-000026:ge1q2026earningsrelease.htm
40545|0000040545-25-000132|0000040545-25-000132:ge-20250930.htm
40545|0000040545-26-000008|0000040545-26-000008:ge-20251231.htm
40545|0000040545-25-000062|0000040545-25-000062:ge-20250331.htm
40545|0000040545-25-000111|0000040545-25-000111:ge-20250630.htm
1932393|0001932393-26-000006|0001932393-26-000006:release4q25earnings.htm
1932393|0001932393-25-000048|0001932393-25-000048:release2q25earnings.htm
1932393|0001932393-25-000052|0001932393-25-000052:release3q25earnings.htm
1932393|0001932393-25-000013|0001932393-25-000013:release1q25earnings.htm
1932393|0001932393-26-000030|0001932393-26-000030:release1q26earnings.htm
1932393|0001932393-26-000039|0001932393-26-000039:form8-kex99_72126.htm
1932393|0001932393-25-000004|0001932393-25-000004:release4q24earnings.htm
1932393|0001932393-25-000014|0001932393-25-000014:gehc-20250331.htm
1932393|0001932393-26-000031|0001932393-26-000031:gehc-20260331.htm
1932393|0001932393-25-000005|0001932393-25-000005:gehc-20241231.htm
1932393|0001932393-25-000053|0001932393-25-000053:gehc-20250930.htm
1932393|0001932393-25-000049|0001932393-25-000049:gehc-20250630.htm
1932393|0001932393-26-000007|0001932393-26-000007:gehc-20251231.htm
1996810|0001996810-26-000015|0001996810-26-000015:gev-20251231.htm
1996810|0001996810-25-000011|0001996810-25-000011:gev-20241231.htm
849399|0000849399-26-000004|0000849399-26-000004:gen-20260102.htm
849399|0000849399-25-000059|0000849399-25-000059:gen-20250704.htm
849399|0000849399-25-000092|0000849399-25-000092:gen-20251003.htm
849399|0000849399-25-000033|0000849399-25-000033:gen-20250328.htm
849399|0000849399-26-000017|0000849399-26-000017:gen-20260403.htm
1474735|0001437749-25-013608|0001437749-25-013608:ex_808112.htm
1474735|0001437749-25-023858|0001437749-25-023858:ex_845273.htm
1474735|0001437749-26-013726|0001437749-26-013726:ex_952511.htm
1474735|0001437749-26-014882|0001437749-26-014882:gnrc20260331_10q.htm
1474735|0001437749-25-024879|0001437749-25-024879:gnrc20250630_10q.htm
1474735|0001437749-25-033048|0001437749-25-033048:gnrc20250930_10q.htm
1474735|0001437749-26-004568|0001437749-26-004568:gnrc20251231_10k.htm
40704|0001193125-25-057150|0001193125-25-057150:d902176dex99.htm
40704|0001193125-25-057880|0001193125-25-057880:d899819d10q.htm
40704|0001193125-25-147079|0001193125-25-147079:d938443d10k.htm
1467858|0001467858-25-000143|0001467858-25-000143:gm-20250930.htm
1467858|0001467858-25-000121|0001467858-25-000121:gm-20250630.htm
1467858|0001467858-25-000093|0001467858-25-000093:gm-20250501.htm
1467858|0001467858-25-000096|0001467858-25-000096:gm-20250331.htm
1467858|0001467858-26-000035|0001467858-26-000035:gm-20260331.htm
1467858|0001467858-26-000051|0001467858-26-000051:gm-20260630.htm
1467858|0001467858-26-000013|0001467858-26-000013:gm-20251231.htm
1467858|0001467858-25-000032|0001467858-25-000032:gm-20241231.htm
40987|0000040987-25-000070|0000040987-25-000070:gpc-20250331.htm
40987|0000040987-26-000017|0000040987-26-000017:gpc-20260331.htm
40987|0000040987-25-000144|0000040987-25-000144:gpc-20250630.htm
40987|0000040987-25-000141|0000040987-25-000141:gpc-earnq22025.htm
40987|0000040987-26-000003|0000040987-26-000003:gpc-20251231.htm
40987|0000040987-26-000033|0000040987-26-000033:gpc-20260630.htm
40987|0000040987-25-000196|0000040987-25-000196:gpc-20250930.htm
40987|0000040987-25-000026|0000040987-25-000026:gpc-20241231.htm
882095|0000882095-26-000024|0000882095-26-000024:gild-20260331.htm
882095|0000882095-25-000047|0000882095-25-000047:gild-20250930.htm
882095|0000882095-26-000006|0000882095-26-000006:gild-20251231.htm
1123360|0001123360-26-000008|0001123360-26-000008:gpn-20251231.htm
320335|0000320335-25-000027|0000320335-25-000027:q1fy2025earningsrelease.htm
320335|0000320335-25-000060|0000320335-25-000060:q3fy2025earningsrelease.htm
320335|0000320335-26-000203|0000320335-26-000203:q2fy2026earningsrelease.htm
320335|0000320335-25-000040|0000320335-25-000040:q2fy2025earningsrelease.htm
320335|0000320335-26-000143|0000320335-26-000143:q1fy2026earningsrelease.htm
320335|0000320335-26-000029|0000320335-26-000029:q4fy2025earningsrelease.htm
320335|0000320335-25-000032|0000320335-25-000032:gl-20250331.htm
320335|0000320335-26-000169|0000320335-26-000169:gl-20260331.htm
320335|0000320335-25-000046|0000320335-25-000046:gl-20250630.htm
320335|0000320335-25-000064|0000320335-25-000064:gl-20250930.htm
320335|0000320335-26-000090|0000320335-26-000090:gl-20251231.htm
1609711|0001609711-26-000037|0001609711-26-000037:gddy-20260331.htm
1609711|0001609711-25-000209|0001609711-25-000209:gddy-20250930.htm
1609711|0001609711-25-000154|0001609711-25-000154:gddy-20250630.htm
1609711|0001609711-26-000010|0001609711-26-000010:gddy-20251231.htm
45012|0000045012-26-000039|0000045012-26-000039:hal-20260331.htm
45012|0000045012-26-000015|0000045012-26-000015:hal-20251231.htm
45012|0000045012-26-000061|0000045012-26-000061:hal-20260630.htm
45012|0000045012-25-000057|0000045012-25-000057:hal-20250630.htm
45012|0000045012-25-000069|0000045012-25-000069:hal-20250930.htm
45012|0000045012-25-000010|0000045012-25-000010:hal-20241231.htm
46080|0000046080-26-000011|0000046080-26-000011:has-20251228.htm
46080|0000046080-25-000063|0000046080-25-000063:exhibit991q12025.htm
46080|0000046080-25-000156|0000046080-25-000156:exhibit991q32025.htm
46080|0000046080-26-000044|0000046080-26-000044:exhibit991q22026.htm
46080|0000046080-25-000164|0000046080-25-000164:has-20250928.htm
46080|0000046080-26-000029|0000046080-26-000029:exhibit991q12026.htm
46080|0000046080-25-000008|0000046080-25-000008:exhibit991q42024.htm
46080|0000046080-26-000006|0000046080-26-000006:exhibit991q42025.htm
46080|0000046080-25-000128|0000046080-25-000128:has-20250629.htm
46080|0000046080-26-000026|0000046080-26-000026:has-20260329.htm
46080|0000046080-25-000027|0000046080-25-000027:has-20241229.htm
860730|0001193125-25-258667|0001193125-25-258667:hca-20250930.htm
860730|0000950170-25-102056|0000950170-25-102056:hca-20250630.htm
860730|0001193125-26-044769|0001193125-26-044769:hca-20251231.htm
765880|0001628280-26-005044|0001628280-26-005044:peak-20251231.htm
1000228|0001000228-25-000045|0001000228-25-000045:hsic-20250628.htm
1000228|0001000228-25-000066|0001000228-25-000066:hsic-20250927.htm
1000228|0001000228-25-000025|0001000228-25-000025:hsic-20250329.htm
47111|0001628280-26-028569|0001628280-26-028569:exhibit991_2026xq1.htm
47111|0001628280-25-047294|0001628280-25-047294:exhibit991_2025xq3.htm
47111|0000047111-25-000040|0000047111-25-000040:exhibit991_2025xq1.htm
47111|0000047111-25-000109|0000047111-25-000109:exhibit991_2025xq2.htm
47111|0001628280-26-005604|0001628280-26-005604:exhibit991-q42025.htm
47111|0001628280-25-047471|0001628280-25-047471:hsy-20250928.htm
47111|0001628280-26-028682|0001628280-26-028682:hsy-20260329.htm
47111|0001628280-26-008586|0001628280-26-008586:hsy-20251231.htm
47111|0000047111-25-000044|0000047111-25-000044:hsy-20250330.htm
47111|0000047111-25-000112|0000047111-25-000112:hsy-20250629.htm
1645590|0001645590-26-000032|0001645590-26-000032:hpe-20260131.htm
1645590|0001645590-26-000055|0001645590-26-000055:hpe-20260430.htm
1645590|0001645590-25-000101|0001645590-25-000101:hpe-20250731.htm
1645590|0001645590-25-000068|0001645590-25-000068:hpe-20250430.htm
1645590|0001645590-25-000130|0001645590-25-000130:hpe-20251031.htm
354950|0001628280-26-038247|0001628280-26-038247:hd-20260503.htm
354950|0000354950-25-000165|0000354950-25-000165:hd-20250504.htm
354950|0001628280-26-019436|0001628280-26-019436:hd-20260201.htm
2089271|0001628280-26-043193|0001628280-26-043193:exhibit991-informationstat.htm
773840|0000773840-26-000057|0000773840-26-000057:hon-20260331.htm
1070750|0001070750-25-000097|0001070750-25-000097:hst-20250331.htm
1070750|0001070750-26-000054|0001070750-26-000054:hst-20251231.htm
4281|0001104659-25-043005|0001104659-25-043005:tm2513739d1_ex99-1.htm
4281|0000004281-25-000019|0000004281-25-000019:hwm-20250331.htm
4281|0001104659-25-105565|0001104659-25-105565:tm2530095d1_ex99-1.htm
4281|0001104659-25-112874|0001104659-25-112874:tm2531260d1_8k.htm
4281|0001104659-26-016568|0001104659-26-016568:tm266060d2_ex99-1.htm
4281|0000004281-25-000033|0000004281-25-000033:hwm-20250630.htm
4281|0001104659-25-035540|0001104659-25-035540:tm2512489d1_8k.htm
4281|0001104659-26-015914|0001104659-26-015914:tm266225-2_8k.htm
4281|0001104659-25-105308|0001104659-25-105308:tm2530022d1_8k.htm
4281|0001104659-25-110371|0001104659-25-110371:tm2530095d3_8k.htm
4281|0001104659-26-022905|0001104659-26-022905:tm267842d1_8k.htm
4281|0001104659-26-025539|0001104659-26-025539:tm268347d1_ex99-1.htm
4281|0001628280-25-047584|0001628280-25-047584:hwm-20250930.htm
4281|0001104659-26-056645|0001104659-26-056645:tm2613779d1_ex99-1.htm
4281|0001104659-25-104005|0001104659-25-104005:tm2529740d1_ex99-1.htm
4281|0001104659-25-072451|0001104659-25-072451:tm2522109d1_ex99-1.htm
4281|0001104659-26-067497|0001104659-26-067497:hwm-20260528.htm
4281|0000004281-26-000019|0000004281-26-000019:hwm-20260331.htm
4281|0001104659-26-013832|0001104659-26-013832:tm266060d1_ex99-1.htm
4281|0001104659-26-067497|0001104659-26-067497:hwm-20260528_d2.htm
4281|0000004281-26-000012|0000004281-26-000012:hwm-20251231.htm
47217|0000047217-25-000043|0000047217-25-000043:hpq-20250430.htm
47217|0000047217-25-000063|0000047217-25-000063:hpq-20250731.htm
47217|0000047217-25-000023|0000047217-25-000023:hp013125exhibit991q125.htm
47217|0000047217-25-000071|0000047217-25-000071:hpq-20251031.htm
47217|0000047217-25-000025|0000047217-25-000025:hpq-20250131.htm
47217|0000047217-26-000011|0000047217-26-000011:hpq-20260131.htm
47217|0000047217-26-000029|0000047217-26-000029:hpq-20260430.htm
48898|0001193125-26-204099|0001193125-26-204099:d133302dex21.htm
48898|0001628280-25-036564|0001628280-25-036564:hubb-20250630.htm
48898|0001628280-25-046924|0001628280-25-046924:hubb-20250930.htm
48898|0001628280-26-029110|0001628280-26-029110:hubb-20260331.htm
48898|0001628280-25-021677|0001628280-25-021677:hubb-20250331.htm
48898|0001628280-26-007500|0001628280-26-007500:hubb-20251231.htm
49196|0000049196-25-000038|0000049196-25-000038:hban-20250331.htm
49196|0000049196-26-000043|0000049196-26-000043:hban-20260331.htm
49196|0000049196-25-000079|0000049196-25-000079:hban-20250930.htm
49196|0000049196-25-000063|0000049196-25-000063:hban-20250630.htm
1501585|0001501585-26-000006|0001501585-26-000006:hii-20251231.htm
51143|0000051143-25-000031|0000051143-25-000031:ibmex99-1.htm
832101|0000832101-25-000015|0000832101-25-000015:iex-20250331xex991.htm
832101|0000832101-26-000009|0000832101-26-000009:iex-20260331.htm
832101|0000832101-25-000032|0000832101-25-000032:iex-20250630.htm
874716|0000874716-25-000062|0000874716-25-000062:idxx-20250331.htm
874716|0000874716-25-000121|0000874716-25-000121:idxx-20250630.htm
874716|0000874716-25-000165|0000874716-25-000165:idxx-20250930.htm
874716|0001104659-26-055203|0001104659-26-055203:tm2613510d1_ex99-1.htm
874716|0001104659-26-008904|0001104659-26-008904:tm264623d1_ex99-1.htm
874716|0000874716-26-000076|0000874716-26-000076:idxx-20260331.htm
874716|0000874716-26-000038|0000874716-26-000038:idxx-20251231.htm
49826|0000049826-25-000011|0000049826-25-000011:a20250331-1q25ex991pressre.htm
49826|0000049826-26-000003|0000049826-26-000003:a20251231-4q25ex991pressre.htm
49826|0000049826-25-000050|0000049826-25-000050:a20250930-3q25ex991pressre.htm
49826|0000049826-26-000028|0000049826-26-000028:itw-20260331.htm
49826|0000049826-25-000014|0000049826-25-000014:itw-20250331.htm
49826|0000049826-25-000037|0000049826-25-000037:itw-20250630.htm
49826|0000049826-25-000057|0000049826-25-000057:itw-20250930.htm
49826|0000049826-26-000008|0000049826-26-000008:itw-20251231.htm
879169|0000879169-26-000026|0000879169-26-000026:incy-20260331.htm
879169|0000879169-25-000056|0000879169-25-000056:incy-20250331.htm
879169|0000879169-25-000118|0000879169-25-000118:incy-20250930.htm
879169|0000879169-25-000103|0000879169-25-000103:incy-20250630.htm
879169|0000879169-26-000010|0000879169-26-000010:incy-20251231.htm
1699150|0001628280-26-027949|0001628280-26-027949:ir2026q1ex991.htm
1699150|0001628280-25-047838|0001628280-25-047838:iri-20250930.htm
1699150|0001628280-26-028401|0001628280-26-028401:iri-20260331.htm
1699150|0001628280-26-008617|0001628280-26-008617:iri-20251231.htm
1699150|0001628280-25-021883|0001628280-25-021883:iri-20250331.htm
1699150|0001628280-25-037049|0001628280-25-037049:iri-20250630.htm
1145197|0001145197-25-000069|0001145197-25-000069:podd-20250930.htm
1145197|0001145197-26-000028|0001145197-26-000028:podd-exx1051_20251231x10k.htm
1145197|0001145197-26-000028|0001145197-26-000028:podd-20251231.htm
1145197|0001145197-25-000007|0001145197-25-000007:podd-20241231.htm
50863|0000050863-25-000074|0000050863-25-000074:intc-20250329.htm
50863|0000050863-25-000109|0000050863-25-000109:intc-20250628.htm
50863|0000050863-26-000011|0000050863-26-000011:intc-20251227.htm
1381197|0001381197-26-000062|0001381197-26-000062:ibkr-20251231.htm
51253|0000051253-25-000024|0000051253-25-000024:q12025991pressreleaseofiff.htm
51253|0000051253-26-000017|0000051253-26-000017:iff-20260331.htm
51253|0000051253-26-000006|0000051253-26-000006:iff-20251231.htm
51434|0000051434-26-000055|0000051434-26-000055:ip-20251231.htm
51434|0000051434-25-000025|0000051434-25-000025:ip-20250331.htm
51434|0000051434-25-000074|0000051434-25-000074:ip-20250930.htm
1035267|0001035267-26-000058|0001035267-26-000058:isrg-20260630.htm
1035267|0001035267-26-000032|0001035267-26-000032:isrg-20260331.htm
1035267|0001035267-25-000109|0001035267-25-000109:isrg-20250331.htm
1035267|0001035267-25-000192|0001035267-25-000192:isrg-20250630.htm
1035267|0001035267-26-000047|0001035267-26-000047:q226ex-991earningsrelease.htm
1035267|0001035267-25-000209|0001035267-25-000209:isrg-20250930.htm
1035267|0001035267-26-000010|0001035267-26-000010:isrg-20251231.htm
1035267|0001035267-25-000017|0001035267-25-000017:isrg-20241231.htm
914208|0000914208-26-000079|0000914208-26-000079:ivz-20251231.htm
914208|0000914208-25-000114|0000914208-25-000114:ivz-20241231.htm
1687229|0001687229-26-000032|0001687229-26-000032:invh-20260331.htm
1687229|0001687229-26-000016|0001687229-26-000016:invh-20251231.htm
898293|0001628280-26-046138|0001628280-26-046138:jbl-20260531.htm
898293|0001628280-26-024148|0001628280-26-024148:jbl-20260228.htm
898293|0001628280-25-033410|0001628280-25-033410:jbl-20250531.htm
898293|0001628280-25-045293|0001628280-25-045293:jbl-20250831.htm
1944048|0001944048-26-000008|0001944048-26-000008:exhibit991-jointpressrelea.htm
1944048|0001944048-26-000016|0001944048-26-000016:q425earningspressrelease.htm
1944048|0001104659-25-105216|0001104659-25-105216:tm2529895d1_ex99-2.htm
1944048|0001104659-25-105216|0001104659-25-105216:tm2529895d1_ex99-1.htm
1944048|0001944048-25-000194|0001944048-25-000194:q325earningspressrelease.htm
1944048|0001104659-25-105216|0001104659-25-105216:tm2529895d1_8k.htm
1944048|0001140361-26-001522|0001140361-26-001522:ef20063257_8k.htm
1944048|0001944048-26-000098|0001944048-26-000098:kvue-20260329.htm
1944048|0001944048-25-000129|0001944048-25-000129:kvue-20250330.htm
1944048|0001944048-25-000177|0001944048-25-000177:kvue-20250629.htm
1944048|0001944048-25-000198|0001944048-25-000198:kvue-20250928.htm
1944048|0001944048-26-000030|0001944048-26-000030:kvue-20251228.htm
1601046|0001601046-26-000024|0001601046-26-000024:keys-20260430.htm
1601046|0001601046-26-000019|0001601046-26-000019:exhibit991-q226pressrelease.htm
1601046|0001601046-26-000008|0001601046-26-000008:keys-20260131.htm
1601046|0001601046-25-000073|0001601046-25-000073:keys-20250430.htm
1601046|0001601046-25-000091|0001601046-25-000091:keys-20250731.htm
1601046|0001601046-26-000003|0001601046-26-000003:exhibit991-q126pressrelease.htm
1601046|0001601046-25-000088|0001601046-25-000088:exhibit991-q325pressrelease.htm
1601046|0001601046-25-000127|0001601046-25-000127:keys-20251031.htm
1601046|0001601046-25-000121|0001601046-25-000121:exhibit991-q425pressrelease.htm
1601046|0001601046-25-000009|0001601046-25-000009:keys-20250131.htm
55785|0000055785-25-000076|0000055785-25-000076:kmbq220258kex-991.htm
55785|0001628280-25-047278|0001628280-25-047278:kmbq320258kex-991.htm
55785|0001628280-26-003514|0001628280-26-003514:kmb2025q48kex-991.htm
55785|0001104659-26-008005|0001104659-26-008005:tm262467d8_ex99-1.htm
55785|0000055785-25-000039|0000055785-25-000039:kmb-20250331.htm
55785|0001628280-25-047387|0001628280-25-047387:kmb-20250930.htm
55785|0000055785-25-000071|0000055785-25-000071:exhibit991.htm
55785|0000055785-25-000034|0000055785-25-000034:kmbq120258kex-991.htm
55785|0000055785-25-000080|0000055785-25-000080:kmb-20250630.htm
55785|0001104659-25-105220|0001104659-25-105220:tm2530027d1_ex99-2.htm
55785|0001104659-25-105220|0001104659-25-105220:tm2530027d1_ex99-1.htm
55785|0001628280-26-027718|0001628280-26-027718:kmbq120268kex-991.htm
55785|0001104659-25-105220|0001104659-25-105220:tm2530027d1_8k.htm
55785|0001104659-26-004634|0001104659-26-004634:tm262467d4_8k.htm
55785|0001628280-26-007567|0001628280-26-007567:kmb-20251231.htm
55785|0001628280-26-027800|0001628280-26-027800:kmb-20260331.htm
55785|0001628280-25-055209|0001628280-25-055209:kmb-20251204_d2.htm
1506307|0001506307-26-000011|0001506307-26-000011:kmi-20251231.htm
1506307|0001506307-25-000022|0001506307-25-000022:kmi-20250331.htm
1506307|0001506307-25-000008|0001506307-25-000008:kmi-20241231.htm
1506307|0001506307-26-000002|0001506307-26-000002:kmi2025q48-kex991.htm
1404912|0001404912-26-000002|0001404912-26-000002:q425earningsrelease_vf.htm
1404912|0001404912-25-000019|0001404912-25-000019:q125earningsrelease_vg.htm
1404912|0001404912-25-000025|0001404912-25-000025:q225earningsrelease_vf.htm
1404912|0001404912-25-000040|0001404912-25-000040:q325earningsrelease_vf.htm
1404912|0001404912-25-000022|0001404912-25-000022:kkr-20250331.htm
1404912|0001404912-25-000032|0001404912-25-000032:kkr-20250630.htm
1404912|0001404912-26-000017|0001404912-26-000017:kkr-20260331.htm
1404912|0001404912-25-000042|0001404912-25-000042:kkr-20250930.htm
1404912|0001404912-25-000015|0001404912-25-000015:kkr-20241231.htm
319201|0000319201-26-000016|0000319201-26-000016:klac-20260331.htm
319201|0000319201-25-000024|0000319201-25-000024:klac-20250630.htm
319201|0000319201-25-000012|0000319201-25-000012:klac-20250331.htm
1637459|0001637459-25-000061|0001637459-25-000061:khc-20250329.htm
1637459|0001637459-25-000152|0001637459-25-000152:khc-20250628.htm
1637459|0001637459-26-000022|0001637459-26-000022:khc-20260328.htm
1637459|0001637459-25-000166|0001637459-25-000166:khc-20250927.htm
1637459|0001637459-26-000009|0001637459-26-000009:khc-20251227.htm
56873|0001104659-25-063626|0001104659-25-063626:tm2519358d1_ex99-1.htm
707549|0000707549-25-000051|0000707549-25-000051:lrcx_exhibitx991xq3x2025.htm
707549|0000707549-25-000085|0000707549-25-000085:lrcx-20250928.htm
707549|0000707549-26-000022|0000707549-26-000022:lrcx-20260329.htm
707549|0000707549-26-000009|0000707549-26-000009:lrcx-20251228.htm
1336920|0001336920-26-000169|0001336920-26-000169:ldos-20260403.htm
1336920|0001336920-25-000034|0001336920-25-000034:ldos-20250704.htm
1336920|0001336920-25-000060|0001336920-25-000060:ldos-20251003.htm
1069202|0001069202-25-000015|0001069202-25-000015:lii-2025331xexx991pressrel.htm
1069202|0001069202-26-000054|0001069202-26-000054:lii-20260331.htm
1069202|0001069202-25-000017|0001069202-25-000017:lii-20250331.htm
1069202|0001069202-26-000028|0001069202-26-000028:lii-20251231.htm
59478|0000059478-25-000129|0000059478-25-000129:q125lillysalesandearningsp.htm
59478|0000059478-25-000251|0000059478-25-000251:q325lillysalesandearningsp.htm
59478|0000059478-26-000013|0000059478-26-000013:lly-20251231.htm
936468|0000936468-25-000035|0000936468-25-000035:lmt-20250330.htm
936468|0001628280-26-049411|0001628280-26-049411:lmt-20260628.htm
936468|0001628280-25-045693|0001628280-25-045693:lmt-20250928.htm
936468|0001628280-25-035565|0001628280-25-035565:lmt-20250629.htm
936468|0001628280-26-004195|0001628280-26-004195:lmt-20251231.htm
60086|0000060086-26-000032|0000060086-26-000032:l-20260331.htm
60086|0000060086-26-000008|0000060086-26-000008:l-20251231.htm
60086|0000060086-25-000166|0000060086-25-000166:l-20250630.htm
60086|0000060086-25-000181|0000060086-25-000181:l-20250930.htm
60086|0000060086-25-000036|0000060086-25-000036:l-20241231.htm
60667|0000060667-26-000072|0000060667-26-000072:low-20260501.htm
60667|0000060667-26-000029|0000060667-26-000029:low-20260130.htm
60667|0000060667-25-000049|0000060667-25-000049:low-20250131.htm
1397187|0001397187-25-000038|0001397187-25-000038:lulu-20250803xex991.htm
1397187|0001397187-26-000078|0001397187-26-000078:lulu-20260503.htm
1397187|0001397187-25-000039|0001397187-25-000039:lulu-20250803.htm
1397187|0001397187-25-000055|0001397187-25-000055:lulu-20251102.htm
1397187|0001397187-26-000077|0001397187-26-000077:lulu-20260503xex991.htm
1397187|0001397187-25-000054|0001397187-25-000054:lulu-20251102xex991.htm
1397187|0001397187-26-000005|0001397187-26-000005:lulu-20260112xex991.htm
1397187|0001397187-26-000020|0001397187-26-000020:lulu-20260201.htm
1397187|0001397187-26-000019|0001397187-26-000019:lulu-20260201xex991.htm
1397187|0001397187-25-000027|0001397187-25-000027:lulu-20250504.htm
1397187|0001397187-25-000013|0001397187-25-000013:lulu-20250202.htm
1633978|0001628280-25-040830|0001628280-25-040830:lite-20250628.htm
1633978|0001628280-25-022788|0001628280-25-022788:lite-20250329.htm
1633978|0001628280-25-049073|0001628280-25-049073:lite-20250927.htm
1633978|0001628280-26-005129|0001628280-26-005129:lite-20251227.htm
1633978|0001628280-26-030777|0001628280-26-030777:lite-20260328.htm
1633978|0001628280-25-004288|0001628280-25-004288:lite-20241228.htm
1489393|0001489393-25-000008|0001489393-25-000008:lyb-20241231.htm
36270|0000036270-26-000007|0000036270-26-000007:mtb_1q26xinvestorpresent.htm
36270|0001628280-25-017604|0001628280-25-017604:a1q25earningspresentatio.htm
36270|0001628280-25-034994|0001628280-25-034994:earningspresentation_2q2.htm
36270|0000036270-26-000030|0000036270-26-000030:mtb_2q26xinvestorpresent.htm
36270|0000036270-25-000018|0000036270-25-000018:earningspresentation_3q2.htm
36270|0001628280-25-030472|0001628280-25-030472:mtb_2q25xinvestorpresent.htm
36270|0000036270-26-000025|0000036270-26-000025:earningspresentation_1q2.htm
36270|0000036270-26-000046|0000036270-26-000046:a2q26earningspresentatio.htm
36270|0000036270-26-000004|0000036270-26-000004:earningspresentation_4q2.htm
36270|0001628280-25-022659|0001628280-25-022659:mtb_2q25xinvestorpresent.htm
36270|0000036270-25-000015|0000036270-25-000015:mtb_3q25xinvestorpresent.htm
36270|0000036270-25-000028|0000036270-25-000028:mtb_dec25xinvestorpresen.htm
36270|0001628280-25-017604|0001628280-25-017604:ex991release1q25.htm
36270|0000036270-25-000026|0000036270-25-000026:mtb_4q25xinvestorpresent.htm
36270|0000036270-26-000025|0000036270-26-000025:ex991release1q26.htm
36270|0000036270-25-000018|0000036270-25-000018:ex991release3q25.htm
36270|0001628280-25-034994|0001628280-25-034994:ex991release2q25.htm
36270|0000036270-26-000004|0000036270-26-000004:ex991release4q25.htm
36270|0000036270-26-000046|0000036270-26-000046:ex991release2q26.htm
36270|0001628280-25-022036|0001628280-25-022036:mtb-20250331.htm
36270|0000036270-26-000034|0000036270-26-000034:mtb-20260331.htm
36270|0000036270-25-000024|0000036270-25-000024:mtb-20250930.htm
36270|0000036270-25-000011|0000036270-25-000011:mtb-20250630.htm
36270|0000036270-26-000010|0000036270-26-000010:mtb-20251231.htm
1510295|0001510295-25-000012|0001510295-25-000012:mpc-20241231.htm
1510295|0001510295-26-000009|0001510295-26-000009:mpc-20251231.htm
1510295|0001510295-25-000039|0001510295-25-000039:mpc-20250331.htm
1510295|0001510295-26-000042|0001510295-26-000042:mpc-20260331.htm
1510295|0001510295-25-000054|0001510295-25-000054:mpc-20250630.htm
1510295|0001510295-25-000064|0001510295-25-000064:mpc-20250930.htm
916076|0000950170-25-060549|0000950170-25-060549:mlm-ex99_1.htm
1835632|0001835632-25-000117|0001835632-25-000117:mrvl-20250503.htm
1835632|0001835632-25-000189|0001835632-25-000189:mrvl-20250802.htm
1835632|0001835632-25-000197|0001835632-25-000197:mrvl-20251101.htm
1835632|0001835632-26-000019|0001835632-26-000019:mrvl-20260502.htm
1835632|0001835632-26-000011|0001835632-26-000011:mrvl-20260131.htm
1835632|0001835632-25-000057|0001835632-25-000057:mrvl-20250201.htm
62996|0000062996-25-000035|0000062996-25-000035:mas-20250930.htm
62996|0000062996-25-000029|0000062996-25-000029:mas-20250630.htm
62996|0000062996-25-000009|0000062996-25-000009:a331258-kex99.htm
62996|0000062996-26-000014|0000062996-26-000014:mas-20260331.htm
62996|0000062996-26-000005|0000062996-26-000005:mas-20251231.htm
63754|0000063754-26-000270|0000063754-26-000270:mkcreportsstrongsecondqu.htm
63754|0000063754-25-000038|0000063754-25-000038:mkcreportsstrongsecondqu.htm
63754|0000063754-26-000274|0000063754-26-000274:mkc-20260531.htm
63754|0000063754-25-000041|0000063754-25-000041:mkc-20250531.htm
63754|0000063754-25-000021|0000063754-25-000021:mkcreportssolidfirstquar.htm
63754|0000063754-26-000035|0000063754-26-000035:mccormickreportsstrong20.htm
63754|0000063754-25-000024|0000063754-25-000024:mkc-20250228.htm
63754|0000063754-25-000065|0000063754-25-000065:mkc-20250831.htm
1613103|0001628280-26-011107|0001628280-26-011107:mdt-20260123.htm
1613103|0001613103-25-000161|0001613103-25-000161:mdt-20250725.htm
1613103|0001628280-26-044354|0001628280-26-044354:mdt-20260424.htm
1613103|0001628280-25-053988|0001628280-25-053988:mdt-20251024.htm
1613103|0001613103-25-000091|0001613103-25-000091:mdt-20250425.htm
1099219|0001099219-26-000035|0001099219-26-000035:met-20260331.htm
1099219|0001099219-25-000135|0001099219-25-000135:met-20250331.htm
1099219|0001099219-25-000193|0001099219-25-000193:met-20250630.htm
1099219|0001099219-25-000230|0001099219-25-000230:met-20250930.htm
1099219|0001099219-25-000044|0001099219-25-000044:met-20241231.htm
1099219|0001099219-26-000013|0001099219-26-000013:met-20251231.htm
1037646|0001037646-26-000021|0001037646-26-000021:mtd-20260331.htm
1037646|0001037646-25-000040|0001037646-25-000040:mtd-20250630.htm
1037646|0001037646-25-000056|0001037646-25-000056:ex-991mtd8xkq32025.htm
1037646|0001037646-25-000058|0001037646-25-000058:mtd-20250930.htm
1037646|0001037646-25-000021|0001037646-25-000021:mtd-20250331.htm
1037646|0001037646-26-000011|0001037646-26-000011:mtd-20251231.htm
1037646|0001037646-25-000012|0001037646-25-000012:mtd-20241231.htm
827054|0000827054-25-000133|0000827054-25-000133:mchp-20250630.htm
827054|0000827054-26-000009|0000827054-26-000009:mchp-20251231.htm
827054|0000827054-25-000183|0000827054-25-000183:mchp-20250930.htm
827054|0000827054-26-000016|0000827054-26-000016:mchp-20260331.htm
827054|0000827054-25-000077|0000827054-25-000077:mchp-20250331.htm
827054|0000827054-25-000019|0000827054-25-000019:mchp-20241231.htm
789019|0001193125-25-256321|0001193125-25-256321:msft-20250930.htm
789019|0001193125-26-027207|0001193125-26-027207:msft-20251231.htm
789019|0001193125-26-191507|0001193125-26-191507:msft-20260331.htm
789019|0000950170-25-061046|0000950170-25-061046:msft-20250331.htm
789019|0000950170-25-100235|0000950170-25-100235:msft-20250630.htm
1682852|0001628280-25-053816|0001628280-25-053816:moderna-creditandguarantya.htm
24545|0000024545-26-000006|0000024545-26-000006:tap-20251231.htm
24545|0000024545-25-000007|0000024545-25-000007:tap-20241231.htm
1103982|0001628280-26-027915|0001628280-26-027915:mdlzearningsreleasecontent.htm
1103982|0001103982-25-000126|0001103982-25-000126:mdlzearningsreleasecontent.htm
1103982|0001103982-25-000187|0001103982-25-000187:mdlzearningsreleasecontent.htm
1103982|0001628280-26-005016|0001628280-26-005016:mdlzearningsreleasecontent.htm
1103982|0001628280-25-046750|0001628280-25-046750:mdlzearningsreleasecontent.htm
1103982|0001628280-26-027937|0001628280-26-027937:mdlz-20260331.htm
1103982|0001103982-25-000024|0001103982-25-000024:mdlzearningsreleasecontent.htm
1103982|0001103982-25-000127|0001103982-25-000127:mdlz-20250331.htm
1103982|0001628280-26-005345|0001628280-26-005345:mdlz-20251231.htm
1103982|0001103982-25-000188|0001103982-25-000188:mdlz-20250630.htm
1103982|0001628280-25-046773|0001628280-25-046773:mdlz-20250930.htm
1103982|0001103982-25-000030|0001103982-25-000030:mdlz-20241231.htm
1280452|0001437749-26-014647|0001437749-26-014647:mpwr20260331_10q.htm
1280452|0001437749-26-006113|0001437749-26-006113:mpwr20251231_10k.htm
1280452|0001437749-25-005903|0001437749-25-005903:mpwr20241231_10k.htm
865752|0001104659-26-020831|0001104659-26-020831:mnst-20251231x10k.htm
1059556|0001628280-25-045770|0001628280-25-045770:a3q25earningsrelease.htm
1059556|0001059556-25-000117|0001059556-25-000117:a1q25earningsrelease.htm
1059556|0001628280-26-026383|0001628280-26-026383:a1q26earningsrelease.htm
1059556|0001059556-25-000165|0001059556-25-000165:a2q25earningsrelease.htm
1059556|0001628280-26-049104|0001628280-26-049104:a2q26earningsrelease.htm
1059556|0001628280-26-008788|0001628280-26-008788:a4q25earningsrelease.htm
1285785|0001285785-25-000031|0001285785-25-000031:pressreleaseq12025-ex991.htm
1285785|0001618034-25-000003|0001618034-25-000003:mos-20241231.htm
1285785|0001285785-26-000017|0001285785-26-000017:mos-20251231.htm
68505|0000068505-25-000038|0000068505-25-000038:msiq22025pressrelease.htm
68505|0000068505-25-000050|0000068505-25-000050:msiq32025pressrelease.htm
68505|0000068505-25-000040|0000068505-25-000040:msi-20250628.htm
68505|0000068505-25-000052|0000068505-25-000052:msi-20250927.htm
1120193|0001628280-25-046006|0001628280-25-046006:ndaq-20250930.htm
1164727|0001164727-25-000020|0001164727-25-000020:nem-20250331.htm
1164727|0001164727-25-000035|0001164727-25-000035:nem-20250630.htm
1164727|0001164727-25-000046|0001164727-25-000046:nem-20250930.htm
1164727|0001164727-26-000019|0001164727-26-000019:nem-20260331.htm
1164727|0001164727-26-000010|0001164727-26-000010:nem-20251231.htm
753308|0000753308-26-000058|0000753308-26-000058:neeq22026exhibit99.htm
753308|0000753308-26-000015|0000753308-26-000015:nee-20251231.htm
753308|0000753308-25-000024|0000753308-25-000024:nee-20250331.htm
753308|0000753308-26-000031|0000753308-26-000031:nee-20260331.htm
753308|0000753308-25-000040|0000753308-25-000040:nee-20250630.htm
753308|0000753308-25-000056|0000753308-25-000056:nee-20250930.htm
753308|0000753308-26-000060|0000753308-26-000060:nee-20260630.htm
753308|0000753308-25-000011|0000753308-25-000011:nee-20241231.htm
320187|0000320187-26-000076|0000320187-26-000076:q4fy26exhibit991er.htm
320187|0000320187-26-000088|0000320187-26-000088:nke-20260531.htm
320187|0000320187-25-000097|0000320187-25-000097:nke-20250831.htm
320187|0000320187-25-000151|0000320187-25-000151:nke-20251130.htm
320187|0000320187-26-000037|0000320187-26-000037:nke-20260228.htm
320187|0000320187-25-000047|0000320187-25-000047:nke-20250531.htm
1111711|0001111711-25-000055|0001111711-25-000055:nix-20250930.htm
72331|0000072331-25-000138|0000072331-25-000138:ndsn-20251213xex991.htm
72331|0000072331-25-000057|0000072331-25-000057:ndsn-20250430.htm
72331|0000072331-25-000114|0000072331-25-000114:ndsn-20250731.htm
72331|0000072331-25-000144|0000072331-25-000144:ndsn-20251031.htm
702165|0001628280-26-027051|0001628280-26-027051:nsc-20260331.htm
702165|0001628280-26-006268|0001628280-26-006268:nsc-20251231.htm
702165|0000702165-25-000013|0000702165-25-000013:nsc-20250331.htm
702165|0000702165-25-000008|0000702165-25-000008:nsc-20241231.htm
1133421|0001133421-26-000016|0001133421-26-000016:noc-20260331.htm
1133421|0001133421-26-000034|0001133421-26-000034:noc-20260630.htm
1513761|0001558370-25-011686|0001558370-25-011686:nclh-20250820x8k.htm
1513761|0001171843-26-000788|0001171843-26-000788:exh_991.htm
1513761|0001104659-26-035686|0001104659-26-035686:tm268760d2_ex99-1.htm
1513761|0001410578-25-002024|0001410578-25-002024:tm2525857d1_ex99-1.htm
1513761|0001104659-26-035746|0001104659-26-035746:tm2610052d1_ex99-1.htm
1513761|0001171843-26-002957|0001171843-26-002957:exh_991.htm
1513761|0001171843-25-006936|0001171843-25-006936:exh_991.htm
1513761|0001171843-25-004871|0001171843-25-004871:exh_991.htm
1513761|0001171843-26-001220|0001171843-26-001220:exh_991.htm
1513761|0001104659-26-054833|0001104659-26-054833:nclh-20260331x10q.htm
1513761|0001558370-25-006294|0001558370-25-006294:nclh-20250331x10q.htm
1513761|0001558370-25-010053|0001558370-25-010053:nclh-20250630x10q.htm
1513761|0001104659-25-106057|0001104659-25-106057:nclh-20250930x10q.htm
1513761|0001104659-26-022067|0001104659-26-022067:nclh-20251231x10k.htm
1013871|0001013871-25-000025|0001013871-25-000025:nrg-20250930.htm
1013871|0001013871-26-000004|0001013871-26-000004:nrg-20251231.htm
1013871|0001013871-25-000006|0001013871-25-000006:nrg-20241231.htm
1013871|0001013871-26-000012|0001013871-26-000012:nrg-20260331.htm
73309|0001193125-25-013459|0001193125-25-013459:d871780dex992.htm
73309|0000950170-25-028427|0000950170-25-028427:nue-20241231.htm
1045810|0001045810-26-000052|0001045810-26-000052:nvda-20260426.htm
1045810|0001045810-26-000021|0001045810-26-000021:nvda-20260125.htm
898173|0000898173-25-000026|0000898173-25-000026:orly-20250423xex99d1.htm
898173|0000898173-26-000009|0000898173-26-000009:orly-20251231x10k.htm
797468|0001628280-26-047886|0001628280-26-047886:oxyex99163026preearningsre.htm
797468|0001628280-26-024581|0001628280-26-024581:oxyex99133126preearningsre.htm
797468|0001628280-26-000153|0001628280-26-000153:exhibit991pressrelease1-2x.htm
797468|0001140361-25-037058|0001140361-25-037058:ef20056509_8k.htm
797468|0001628280-26-002483|0001628280-26-002483:oxyex991123125preearningsr.htm
797468|0001140361-25-037058|0001140361-25-037058:ef20056509_ex99-2.htm
797468|0001140361-25-037058|0001140361-25-037058:ef20056509_ex99-1.htm
797468|0001628280-25-036189|0001628280-25-036189:oxy-20250728.htm
797468|0001628280-26-000153|0001628280-26-000153:oxy-20260102.htm
797468|0000950157-26-000265|0000950157-26-000265:ex99-2.htm
797468|0001140361-25-037234|0001140361-25-037234:ef20056633_8k.htm
797468|0000950157-26-000265|0000950157-26-000265:ex99-1.htm
797468|0000950157-26-000166|0000950157-26-000166:ex99-1.htm
797468|0001628280-25-051071|0001628280-25-051071:oxy-20250930.htm
797468|0001628280-25-044718|0001628280-25-044718:oxyex99193025preearningsre.htm
797468|0000797468-25-000101|0000797468-25-000101:oxyex99163025preearningsre.htm
797468|0000797468-25-000067|0000797468-25-000067:oxyex99133125preearningsre.htm
797468|0000797468-25-000076|0000797468-25-000076:oxy-20250331.htm
797468|0000797468-25-000111|0000797468-25-000111:oxy-20250630.htm
797468|0001628280-26-030584|0001628280-26-030584:oxy-20260331.htm
797468|0000797468-25-000075|0000797468-25-000075:oxyex99103-31x25earningsre.htm
797468|0001628280-26-030567|0001628280-26-030567:oxyex9913-31x26earningsrel.htm
797468|0000797468-25-000109|0000797468-25-000109:oxyex99106-30x25earningsre.htm
797468|0001628280-25-051056|0001628280-25-051056:oxyex99109-30x25earningsre.htm
797468|0001628280-26-009054|0001628280-26-009054:oxyex99112-31x25earningsre.htm
797468|0000797468-25-000028|0000797468-25-000028:oxyex99112-31x24earningsre.htm
797468|0001628280-26-009059|0001628280-26-009059:oxy-20251231.htm
797468|0000797468-25-000029|0000797468-25-000029:oxy-20241231.htm
878927|0001193125-26-067161|0001193125-26-067161:odfl-20251231.htm
878927|0000950170-25-026661|0000950170-25-026661:odfl-20241231.htm
1039684|0001039684-26-000006|0001039684-26-000006:oke-20251231.htm
1341439|0001193125-26-277521|0001193125-26-277521:orcl-20260531.htm
1341439|0000950170-25-087926|0000950170-25-087926:orcl-20250531.htm
1781335|0001781335-25-000046|0001781335-25-000046:a2025-09x308xkerexhibit99.htm
1781335|0001781335-25-000017|0001781335-25-000017:a2025-03x318xkerexhibit99.htm
1781335|0001781335-25-000034|0001781335-25-000034:a2025-06x308xkerexhibit99.htm
1781335|0001781335-26-000004|0001781335-26-000004:a2025-12x318xkerexhibit99.htm
1781335|0001781335-26-000072|0001781335-26-000072:a2026-03x318xkerexhibit99.htm
1781335|0001781335-25-000049|0001781335-25-000049:otis-20250930.htm
1781335|0001781335-26-000011|0001781335-26-000011:otis-20251231.htm
75362|0001193125-26-023374|0001193125-26-023374:pcar-ex99_1.htm
75362|0001193125-25-258509|0001193125-25-258509:pcar-20250930.htm
75362|0000950170-25-100887|0000950170-25-100887:pcar-20250630.htm
75362|0001193125-26-191499|0001193125-26-191499:pcar-20260331.htm
75362|0000950170-25-061813|0000950170-25-061813:pcar-20250331.htm
75362|0001193125-26-057025|0001193125-26-057025:pcar-20251231.htm
75677|0000950170-25-066593|0000950170-25-066593:pkg-20250331.htm
1327567|0001327567-26-000005|0001327567-26-000005:panw-20260131.htm
1327567|0001327567-25-000035|0001327567-25-000035:panw-20251031.htm
1327567|0001327567-26-000015|0001327567-26-000015:panw-20260430.htm
1327567|0001327567-25-000027|0001327567-25-000027:panw-20250731.htm
1327567|0001327567-25-000017|0001327567-25-000017:panw-20250430.htm
1327567|0001327567-25-000010|0001327567-25-000010:panw-20250131.htm
76334|0000076334-25-000017|0000076334-25-000017:earningscallpresentation.htm
76334|0000076334-26-000073|0000076334-26-000073:ph-20260331.htm
76334|0000076334-25-000035|0000076334-25-000035:ph-20250630.htm
76334|0001193125-25-275641|0001193125-25-275641:d205331dex21.htm
77360|0000077360-25-000015|0000077360-25-000015:q12025pressrelease.htm
77360|0000077360-25-000035|0000077360-25-000035:q22025pressrelease.htm
77360|0000077360-26-000007|0000077360-26-000007:pnr-20251231.htm
77360|0000077360-25-000006|0000077360-25-000006:pnr-20241231.htm
77360|0000077360-26-000027|0000077360-26-000027:pnr-20260331.htm
77360|0000077360-25-000018|0000077360-25-000018:pnr-20250331.htm
77360|0000077360-25-000038|0000077360-25-000038:pnr-20250630.htm
77360|0000077360-25-000047|0000077360-25-000047:pnr-20250930.htm
77476|0000077476-26-000035|0000077476-26-000035:pep-20260613.htm
78003|0000078003-26-000053|0000078003-26-000053:pfe-3292026xex99.htm
78003|0000078003-26-000087|0000078003-26-000087:pfe-20260618.htm
78003|0000078003-26-000005|0000078003-26-000005:pfe-12312025xex99.htm
78003|0000078003-26-000054|0000078003-26-000054:pfe-20260329.htm
78003|0000078003-26-000026|0000078003-26-000026:pfe-20251231.htm
1004980|0001004980-26-000009|0001004980-26-000009:pcg-20251231.htm
1004980|0001004980-25-000087|0001004980-25-000087:pcg-20250331.htm
1004980|0001004980-25-000132|0001004980-25-000132:pcg-20250630.htm
1004980|0001004980-25-000148|0001004980-25-000148:pcg-20250930.htm
1004980|0001004980-25-000010|0001004980-25-000010:pcg-20241231.htm
1413329|0001413329-25-000094|0001413329-25-000094:pm-20250331.htm
1413329|0001628280-25-046179|0001628280-25-046179:pm-20250930.htm
1413329|0001413329-25-000150|0001413329-25-000150:pm-20250630.htm
1413329|0001628280-26-005939|0001628280-26-005939:pm-20251231.htm
1413329|0001413329-25-000013|0001413329-25-000013:pm-20241231.htm
713676|0000713676-25-000048|0000713676-25-000048:q22025financialhighlightsa.htm
713676|0000713676-25-000060|0000713676-25-000060:pnc-20250630.htm
713676|0000713676-26-000038|0000713676-26-000038:pnc-20260331.htm
713676|0001628280-25-021752|0001628280-25-021752:pnc-20250331.htm
713676|0000713676-25-000132|0000713676-25-000132:pnc-20250930.htm
713676|0000713676-26-000020|0000713676-26-000020:pnc-20251231.htm
79879|0000079879-26-000046|0000079879-26-000046:ppg-20251231.htm
922224|0000922224-26-000008|0000922224-26-000008:ppl-20251231.htm
922224|0000922224-25-000009|0000922224-25-000009:ppl-20241231.htm
922224|0000922224-26-000026|0000922224-26-000026:ppl-20260331.htm
922224|0000922224-25-000051|0000922224-25-000051:ppl-20250930.htm
922224|0000922224-25-000017|0000922224-25-000017:ppl-20250430.htm
922224|0000922224-25-000034|0000922224-25-000034:ppl-20250630.htm
80424|0000080424-26-000009|0000080424-26-000009:q2fy2026earningsslidesv3.htm
80424|0000080424-25-000243|0000080424-25-000243:q1fy2026earningsslidesv1.htm
80424|0000080424-26-000057|0000080424-26-000057:q3fy2026slides.htm
80424|0000080424-25-000035|0000080424-25-000035:jfmq3earningsslides.htm
80424|0000080424-26-000011|0000080424-26-000011:pg-20251231.htm
80424|0000080424-25-000050|0000080424-25-000050:dbslides.htm
80424|0000080424-25-000069|0000080424-25-000069:q4fy25earningsslides.htm
80424|0000080424-26-000060|0000080424-26-000060:pg-20260331.htm
1045609|0000950170-25-060107|0000950170-25-060107:pld-20250331.htm
1045609|0000950170-25-099770|0000950170-25-099770:pld-20250630.htm
1045609|0001193125-26-051453|0001193125-26-051453:pld-20251231.htm
788784|0001193125-26-077446|0001193125-26-077446:peg-20251231.htm
788784|0000950170-25-026874|0000950170-25-026874:peg-20241231.htm
2058873|0002058873-26-000015|0002058873-26-000015:q-20260331.htm
2058873|0001193125-25-240313|0001193125-25-240313:d21160dex991.htm
2058873|0002058873-26-000010|0002058873-26-000010:q-20251231.htm
1037038|0001628280-26-037053|0001628280-26-037053:rl-20260328xex991xpressrel.htm
1037038|0001037038-25-000010|0001037038-25-000010:rl-20250329xex991xpressrel.htm
1037038|0001628280-26-037074|0001628280-26-037074:rl-20260328.htm
1037038|0001037038-25-000011|0001037038-25-000011:rl-20250329.htm
1037038|0001037038-25-000018|0001037038-25-000018:rl-20250628.htm
1037038|0001628280-25-049927|0001628280-25-049927:rl-20250927.htm
1037038|0001628280-26-005784|0001628280-26-005784:rl-20251227.htm
101829|0000101829-25-000015|0000101829-25-000015:rtx-20250331.htm
101829|0000101829-26-000027|0000101829-26-000027:rtx-20260630.htm
101829|0000101829-26-000011|0000101829-26-000011:rtx-20260331.htm
101829|0000101829-25-000042|0000101829-25-000042:rtx-20250930.htm
101829|0000101829-25-000014|0000101829-25-000014:a2025-04x228xkerexhibit99.htm
101829|0000101829-25-000032|0000101829-25-000032:rtx-20250630.htm
101829|0000101829-26-000006|0000101829-26-000006:rtx-20251231.htm
101829|0000101829-25-000005|0000101829-25-000005:rtx-20241231.htm
910606|0001193125-26-203537|0001193125-26-203537:reg-20260331.htm
910606|0001193125-26-051668|0001193125-26-051668:reg-20251231.htm
872589|0000872589-26-000014|0000872589-26-000014:exhibit991q12026.htm
872589|0000872589-26-000016|0000872589-26-000016:regn-20260331.htm
872589|0000872589-25-000019|0000872589-25-000019:regn-20250630.htm
872589|0000872589-25-000028|0000872589-25-000028:regn-20250930.htm
872589|0001804220-25-000022|0001804220-25-000022:regn-20250331.htm
872589|0000872589-26-000008|0000872589-26-000008:regn-20251231.htm
1281761|0001281761-25-000028|0001281761-25-000028:rf-20250331xexhibit993.htm
1281761|0001281761-25-000039|0001281761-25-000039:a2q25investormeetingmate.htm
1281761|0001281761-26-000019|0001281761-26-000019:rf-20251231.htm
943819|0000943819-25-000008|0000943819-25-000008:rmd-20250331.htm
943819|0000943819-25-000035|0000943819-25-000035:rmd-20250630.htm
31791|0000031791-25-000015|0000031791-25-000015:revv-20250330.htm
1024478|0001024478-25-000033|0001024478-25-000033:q2fy25ex99.htm
1024478|0001024478-25-000081|0001024478-25-000081:q3fy25ex99.htm
1024478|0001024478-26-000022|0001024478-26-000022:rok-20260331.htm
1024478|0001024478-26-000005|0001024478-26-000005:rok-20251231.htm
1024478|0001024478-25-000035|0001024478-25-000035:rok-20250331.htm
1024478|0001024478-25-000083|0001024478-25-000083:rok-20250630.htm
1024478|0001024478-25-000116|0001024478-25-000116:rok-20250930.htm
745732|0000745732-25-000055|0000745732-25-000055:q325exhibit991.htm
745732|0000745732-25-000047|0000745732-25-000047:q225exhibit991.htm
745732|0000745732-25-000022|0000745732-25-000022:q125exhibit991.htm
745732|0000745732-25-000061|0000745732-25-000061:rost-20251101.htm
745732|0000745732-25-000052|0000745732-25-000052:rost-20250802.htm
745732|0000745732-26-000003|0000745732-26-000003:q4fy25exhibit991.htm
745732|0000745732-25-000031|0000745732-25-000031:rost-20250503.htm
745732|0000745732-25-000007|0000745732-25-000007:q4fy24exhibit991.htm
745732|0000745732-26-000032|0000745732-26-000032:rost-20260502.htm
745732|0000745732-26-000006|0000745732-26-000006:rost-20260131.htm
745732|0000745732-25-000010|0000745732-25-000010:rost-20250201.htm
64040|0001104659-26-058908|0001104659-26-058908:tm2613574d2_ex99-1.htm
64040|0001104659-26-080005|0001104659-26-080005:tm2619099d1_ex10-2.htm
1108524|0001108524-25-000030|0001108524-25-000030:crm-20250430.htm
1108524|0001108524-25-000088|0001108524-25-000088:crm-20250731.htm
1108524|0001108524-25-000238|0001108524-25-000238:crm-20251031.htm
1108524|0001108524-26-000127|0001108524-26-000127:crm-20260430.htm
1108524|0001108524-26-000060|0001108524-26-000060:crm-20260131.htm
2023554|0001628280-25-050180|0001628280-25-050180:sndkq1fy26ex991-pressrelea.htm
2023554|0001628280-26-004121|0001628280-26-004121:sndkq2fy26ex991-pressrelea.htm
2023554|0001628280-26-028879|0001628280-26-028879:sndkq3-26ex991xpressrelease.htm
2023554|0001193125-25-180782|0001193125-25-180782:d926236dex991.htm
2023554|0002023554-25-000021|0002023554-25-000021:sndkq3fy25ex991-pressrelea.htm
2023554|0001628280-26-029401|0001628280-26-029401:sndk-20260403.htm
2023554|0002023554-25-000027|0002023554-25-000027:sndk-20250328.htm
2023554|0001628280-25-050698|0001628280-25-050698:sndk-20251003.htm
2023554|0001628280-26-004407|0001628280-26-004407:sndk-20260102.htm
2023554|0002023554-25-000034|0002023554-25-000034:sndk-20250627.htm
87347|0001193125-25-145388|0001193125-25-145388:d81921d8k.htm
87347|0001193125-26-021017|0001193125-26-021017:slb-20251231.htm
1137789|0001137789-25-000150|0001137789-25-000150:fq425consolidatedscript-8x.htm
1137789|0001137789-25-000283|0001137789-25-000283:stxq12026pressreleasefinan.htm
1137789|0001137789-26-000084|0001137789-26-000084:stxq32026pressreleasefinan.htm
1137789|0001137789-26-000016|0001137789-26-000016:stxq22026pressreleasefinan.htm
1137789|0001137789-25-000148|0001137789-25-000148:stxq42025pressreleasefinan.htm
1137789|0001137789-25-000070|0001137789-25-000070:stxq32025pressreleasefinan.htm
1032208|0001032208-26-000040|0001032208-26-000040:sempra-20260706.htm
1032208|0001032208-26-000037|0001032208-26-000037:sempra-20260615.htm
1032208|0001032208-26-000027|0001032208-26-000027:ex99_1x20260331xearningsta.htm
1032208|0001032208-25-000065|0001032208-25-000065:sre-20250930.htm
1032208|0001032208-25-000012|0001032208-25-000012:sre-20241231.htm
1032208|0001032208-26-000030|0001032208-26-000030:sre-20260331.htm
89800|0000089800-26-000008|0000089800-26-000008:shw-20251231.htm
4127|0001104659-25-102806|0001104659-25-102806:tm2529220d2_ex2-1.htm
91419|0000091419-26-000050|0000091419-26-000050:sjm-20260430.htm
91419|0000091419-25-000056|0000091419-25-000056:sjm-20250430.htm
2005951|0001628280-26-012555|0001628280-26-012555:smur-20251231.htm
2005951|0002005951-25-000005|0002005951-25-000005:smur-20241231.htm
2005951|0002005951-25-000014|0002005951-25-000014:smur-20250630.htm
2005951|0001628280-25-050408|0001628280-25-050408:smur-20250930.htm
91440|0000091440-26-000109|0000091440-26-000109:sna-20260404.htm
91440|0000091440-25-000064|0000091440-25-000064:sna-20250628.htm
91440|0000091440-25-000081|0000091440-25-000081:sna-20250927.htm
91440|0000091440-26-000045|0000091440-26-000045:sna-20260103.htm
1964738|0001964738-26-000022|0001964738-26-000022:q12026-8kerexx991.htm
1964738|0001964738-26-000024|0001964738-26-000024:solv-20260331.htm
1964738|0001964738-25-000091|0001964738-25-000091:solv-20250930.htm
1964738|0001964738-26-000007|0001964738-26-000007:solv-20251231.htm
1964738|0001964738-25-000015|0001964738-25-000015:silver-transactionagreem.htm
1964738|0001964738-25-000056|0001964738-25-000056:silver-artransactionagre.htm
92122|0000092122-25-000048|0000092122-25-000048:so-20250519.htm
92122|0000092122-25-000076|0000092122-25-000076:so-20250630.htm
92122|0000092122-25-000084|0000092122-25-000084:so-20250930.htm
92122|0000092122-26-000006|0000092122-26-000006:so-20251231.htm
92122|0000092122-25-000042|0000092122-25-000042:so-20250331.htm
92122|0000092122-26-000034|0000092122-26-000034:so-20260331.htm
93556|0000093556-25-000141|0000093556-25-000141:ex991q22025.htm
93556|0001193125-26-162675|0001193125-26-162675:d76531dex991.htm
93556|0000093556-26-000013|0000093556-26-000013:ex991q12026.htm
93556|0000093556-25-000104|0000093556-25-000104:ex991q12025.htm
93556|0000093556-26-000004|0000093556-26-000004:ex991q42025.htm
93556|0000093556-25-000002|0000093556-25-000002:ex991q42024.htm
93556|0000093556-25-000152|0000093556-25-000152:ex991q32025.htm
93556|0001193125-25-151956|0001193125-25-151956:d933064dex991.htm
93556|0000093556-26-000015|0000093556-26-000015:swk-20260404.htm
93556|0000093556-25-000143|0000093556-25-000143:swk-20250628.htm
93556|0000093556-25-000107|0000093556-25-000107:swk-20250329.htm
93556|0000093556-25-000154|0000093556-25-000154:swk-20250927.htm
93556|0000093556-26-000009|0000093556-26-000009:swk-20260103.htm
93556|0000093556-25-000007|0000093556-25-000007:swk-20241228.htm
829224|0000829224-25-000114|0000829224-25-000114:sbux-20250928.htm
829224|0000829224-26-000080|0000829224-26-000080:sbux-20260329.htm
1757898|0001628280-26-005473|0001628280-26-005473:ste12312025ex991.htm
1757898|0001757898-25-000011|0001757898-25-000011:ste9302025ex991.htm
1757898|0001628280-25-050160|0001628280-25-050160:ste-20250930.htm
1757898|0001757898-25-000007|0001757898-25-000007:ste6302025ex991.htm
1757898|0001757898-25-000008|0001757898-25-000008:ste-20250630.htm
1757898|0001628280-26-039136|0001628280-26-039136:ste-20260331.htm
1757898|0001757898-25-000005|0001757898-25-000005:ste-20250331.htm
310764|0000310764-25-000072|0000310764-25-000072:sykex991earningsq12025.htm
310764|0000310764-25-000103|0000310764-25-000103:sykex991earningsq22025.htm
310764|0001193125-25-002537|0001193125-25-002537:d899660dex21.htm
1375365|0001375365-25-000013|0001375365-25-000013:exhibit991_20250506.htm
1375365|0001375365-26-000014|0001375365-26-000014:smci-20260331.htm
1375365|0001375365-26-000007|0001375365-26-000007:smci-20251231.htm
1375365|0001375365-25-000030|0001375365-25-000030:smci-20250930.htm
1375365|0001375365-25-000027|0001375365-25-000027:smci-20250630.htm
883241|0000883241-26-000014|0000883241-26-000014:snps-20260131.htm
883241|0000883241-26-000018|0000883241-26-000018:snps-20260430.htm
883241|0000883241-25-000017|0000883241-25-000017:snps-20250430.htm
883241|0000883241-25-000024|0000883241-25-000024:snps-20250731.htm
1113169|0001628280-25-047751|0001628280-25-047751:trow-20250930.htm
1113169|0001628280-26-008002|0001628280-26-008002:trow-20251231.htm
946581|0001628280-25-038963|0001628280-25-038963:ttwo-20250630.htm
946581|0001628280-25-050326|0001628280-25-050326:ttwo-20250930.htm
946581|0001628280-26-005119|0001628280-26-005119:ttwo-20251231.htm
946581|0001628280-26-037434|0001628280-26-037434:ttwo-20260331.htm
946581|0001628280-25-026694|0001628280-25-026694:ttwo-20250331.htm
1116132|0001140361-25-031018|0001140361-25-031018:ef20053800_ex99-1.htm
1116132|0001140361-25-017853|0001140361-25-017853:ef20048446_ex99-1.htm
1116132|0001140361-25-040658|0001140361-25-040658:ef20058309_ex99-1.htm
1116132|0001140361-26-003783|0001140361-26-003783:ef20064297_ex99-1.htm
1116132|0001140361-26-019428|0001140361-26-019428:ef20072115_ex99-1.htm
1116132|0001140361-25-003264|0001140361-25-003264:ef20042835_ex99-1.htm
1116132|0001116132-25-000019|0001116132-25-000019:tpr-20250628.htm
1116132|0001116132-26-000011|0001116132-26-000011:tpr-20260328.htm
1116132|0001116132-25-000025|0001116132-25-000025:tpr-20250927.htm
1116132|0001116132-26-000005|0001116132-26-000005:tpr-20251227.htm
1389170|0001193125-26-059296|0001193125-26-059296:trgp-20251231.htm
1389170|0000950170-25-023983|0000950170-25-023983:trgp-20241231.htm
27419|0000027419-26-000016|0000027419-26-000016:tgt-20260131.htm
27419|0000027419-25-000101|0000027419-25-000101:tgt-20250503.htm
27419|0000027419-26-000022|0000027419-26-000022:tgt-20260502.htm
27419|0000027419-25-000118|0000027419-25-000118:tgt-20250802.htm
27419|0000027419-25-000126|0000027419-25-000126:tgt-20251101.htm
1385157|0001558370-25-005183|0001558370-25-005183:tel-20250423xex99d2.htm
1385157|0001104659-25-109150|0001104659-25-109150:tel-20250926x10k.htm
1094285|0001094285-26-000043|0001094285-26-000043:tdy-20260628.htm
1094285|0001094285-26-000039|0001094285-26-000039:q2-2026earningsrelease.htm
1094285|0001094285-26-000030|0001094285-26-000030:tdy-20260329.htm
1094285|0001094285-26-000017|0001094285-26-000017:tdy-20251228.htm
1094285|0001094285-25-000053|0001094285-25-000053:tdy-20241229.htm
97210|0000950170-25-023784|0000950170-25-023784:ter-20241231.htm
97210|0001193125-26-059002|0001193125-26-059002:ter-20251231.htm
1318605|0001628280-25-018851|0001628280-25-018851:exhbit991.htm
1318605|0001628280-25-045861|0001628280-25-045861:exhibit991.htm
1318605|0001628280-25-035738|0001628280-25-035738:exhibit991.htm
1318605|0001628280-26-003837|0001628280-26-003837:exhibit991.htm
1318605|0001628280-25-018911|0001628280-25-018911:tsla-20250331.htm
1318605|0001628280-26-049213|0001628280-26-049213:exhibit991.htm
1318605|0001628280-26-026551|0001628280-26-026551:exhibit991.htm
1318605|0001628280-25-035806|0001628280-25-035806:tsla-20250630.htm
1318605|0001628280-26-003952|0001628280-26-003952:tsla-20251231.htm
1318605|0001628280-26-026673|0001628280-26-026673:tsla-20260331.htm
1318605|0001628280-25-045968|0001628280-25-045968:tsla-20250930.htm
1318605|0001628280-26-049270|0001628280-26-049270:tsla-20260630.htm
1318605|0001628280-25-003063|0001628280-25-003063:tsla-20241231.htm
97476|0000097476-25-000036|0000097476-25-000036:txn-20250630.htm
97476|0000097476-25-000007|0000097476-25-000007:txn-20241231.htm
97476|0000097476-26-000059|0000097476-26-000059:txn-20251231.htm
217346|0000217346-25-000077|0000217346-25-000077:txt-20250927.htm
217346|0000217346-25-000046|0000217346-25-000046:txt-20250329.htm
217346|0000217346-25-000068|0000217346-25-000068:txt-20250628.htm
217346|0000217346-26-000006|0000217346-26-000006:txt-20260103.htm
217346|0000217346-26-000012|0000217346-26-000012:txt-20260404.htm
97745|0000097745-25-000093|0000097745-25-000093:q22025earnings8kex99_1.htm
109198|0000109198-25-000051|0000109198-25-000051:tjxq2fy26earningspressrele.htm
109198|0000109198-25-000037|0000109198-25-000037:tjxq1fy26earningspressrele.htm
109198|0000109198-26-000008|0000109198-26-000008:tjx-20260131.htm
109198|0000109198-26-000034|0000109198-26-000034:tjx-20260502.htm
109198|0000109198-25-000054|0000109198-25-000054:tjx-20250802.htm
109198|0000109198-25-000061|0000109198-25-000061:tjx-20251101.htm
109198|0000109198-26-000023|0000109198-26-000023:tjxq1fy27earningspressrele.htm
109198|0000109198-25-000043|0000109198-25-000043:tjx-20250503.htm
109198|0000109198-25-000058|0000109198-25-000058:tjxq3fy26earningspressrele.htm
109198|0000109198-25-000006|0000109198-25-000006:tjxq4fy25earningspressrele.htm
109198|0000109198-26-000004|0000109198-26-000004:tjxq4fy26earningspressrele.htm
109198|0000109198-25-000010|0000109198-25-000010:tjx-20250201.htm
916365|0000916365-26-000020|0000916365-26-000020:ex991-q12026earningsrelease.htm
916365|0000916365-25-000085|0000916365-25-000085:ex991-q12025earningsrelease.htm
916365|0000916365-25-000157|0000916365-25-000157:ex991-q32025earningsrelease.htm
916365|0000916365-26-000005|0000916365-26-000005:ex991-q42025earningsrelease.htm
916365|0000916365-25-000163|0000916365-25-000163:tsco-20250927.htm
916365|0000916365-25-000089|0000916365-25-000089:tsco-20250329.htm
916365|0000916365-25-000150|0000916365-25-000150:tsco-20250628.htm
1260221|0001260221-25-000081|0001260221-25-000081:tdg-20250930.htm
1260221|0001260221-25-000026|0001260221-25-000026:tdg-20250329.htm
1260221|0001260221-25-000051|0001260221-25-000051:tdg-20250628.htm
86312|0000086312-25-000029|0000086312-25-000029:trv-20250331.htm
86312|0000086312-26-000111|0000086312-26-000111:trv-20260331.htm
86312|0000086312-25-000047|0000086312-25-000047:trv-20250630.htm
86312|0000086312-25-000069|0000086312-25-000069:trv-20250930.htm
86312|0000086312-26-000145|0000086312-26-000145:trv-20260630.htm
86312|0000086312-26-000065|0000086312-26-000065:trv-20251231.htm
864749|0000864749-26-000061|0000864749-26-000061:a2026q1-8kex991.htm
864749|0000864749-26-000063|0000864749-26-000063:trmb-20260403.htm
864749|0000864749-25-000113|0000864749-25-000113:trmb-20250404.htm
864749|0000864749-25-000286|0000864749-25-000286:trmb-20251003.htm
864749|0000864749-25-000245|0000864749-25-000245:trmb-20250704.htm
864749|0000864749-25-000090|0000864749-25-000090:trmb-20250103.htm
864749|0000864749-26-000015|0000864749-26-000015:trmb-20260102.htm
92230|0000092230-25-000123|0000092230-25-000123:tfc-20250630.htm
92230|0000092230-25-000157|0000092230-25-000157:tfc-20250930.htm
92230|0000092230-25-000050|0000092230-25-000050:tfc-20250331.htm
92230|0000092230-26-000062|0000092230-26-000062:tfc-20260331.htm
92230|0000092230-26-000030|0000092230-26-000030:tfc-20251231.htm
100493|0000100493-25-000056|0000100493-25-000056:tsn-20250329.htm
100493|0000100493-25-000076|0000100493-25-000076:tsn-20250628.htm
36104|0000036104-25-000025|0000036104-25-000025:a1q25earningsrelease.htm
36104|0000036104-25-000060|0000036104-25-000060:a3q25earningsrelease.htm
36104|0000036104-25-000044|0000036104-25-000044:a2q25earningsrelease.htm
36104|0000036104-25-000028|0000036104-25-000028:usb-20250331.htm
36104|0000036104-25-000064|0000036104-25-000064:usb-20250930.htm
36104|0000036104-25-000055|0000036104-25-000055:usb-20250630.htm
36104|0000036104-26-000011|0000036104-26-000011:usb-20251231_d2.htm
1403568|0001104659-26-035243|0001104659-26-035243:ulta-20260131x10k.htm
100885|0000100885-26-000037|0000100885-26-000037:unp-20251231.htm
100885|0000100885-25-000321|0000100885-25-000321:unp-20250930.htm
100885|0000100885-25-000042|0000100885-25-000042:unp-20241231.htm
1090727|0001628280-26-031154|0001628280-26-031154:ups-20260331.htm
1090727|0001090727-25-000049|0001090727-25-000049:ups-20250331.htm
1090727|0001090727-25-000064|0001090727-25-000064:ups-20250630.htm
1090727|0001628280-25-049661|0001628280-25-049661:ups-20250930.htm
1090727|0001628280-26-008432|0001628280-26-008432:ups-20251231.htm
1090727|0001090727-25-000019|0001090727-25-000019:ups-20241231.htm
1067701|0001104659-25-003275|0001104659-25-003275:tm253246d1_ex2-1.htm
1967680|0001967680-25-000067|0001967680-25-000067:vlto-20250404.htm
1967680|0001967680-26-000011|0001967680-26-000011:vlto-20251231.htm
1967680|0001967680-25-000136|0001967680-25-000136:vlto-20251003.htm
1967680|0001967680-25-000125|0001967680-25-000125:vlto-20250704.htm
1967680|0001967680-26-000024|0001967680-26-000024:vlto-20260403.htm
1967680|0001967680-25-000008|0001967680-25-000008:vlto-20241231.htm
732712|0000732712-25-000024|0000732712-25-000024:vz-20250331.htm
732712|0000732712-25-000116|0000732712-25-000116:vz-20250930.htm
732712|0000732712-25-000086|0000732712-25-000086:vz-20250630.htm
732712|0000732712-26-000007|0000732712-26-000007:vz-20251231.htm
875320|0000875320-26-000034|0000875320-26-000034:ex-991_q42025.htm
1674101|0001628280-25-018915|0001628280-25-018915:q12025exhibit991vrt042325.htm
1674101|0001674101-25-000006|0001674101-25-000006:q22025exhibit991vrt7302025.htm
1674101|0001674101-25-000020|0001674101-25-000020:q32025exhibit991vrt10222025.htm
1674101|0001628280-25-028038|0001628280-25-028038:exhibit991vrt-pressrelease.htm
1674101|0001628280-26-026379|0001628280-26-026379:q12026exhibit991vrt04222026.htm
1674101|0001628280-25-005006|0001628280-25-005006:exhibit991vrt02122025.htm
1674101|0001674101-26-000006|0001674101-26-000006:exhibit991vrt02112026.htm
1674101|0001628280-25-019372|0001628280-25-019372:vrt-20250331.htm
1674101|0001674101-25-000024|0001674101-25-000024:vrt-20250930.htm
1674101|0001674101-25-000008|0001674101-25-000008:vrt-20250630.htm
1674101|0001674101-26-000008|0001674101-26-000008:vrt-20251231.htm
1674101|0001628280-25-005905|0001628280-25-005905:vrt-20241231.htm
1403161|0001403161-25-000089|0001403161-25-000089:v-20250930.htm
1692819|0001692819-25-000013|0001692819-25-000013:vistra-20241231.htm
1396009|0001628280-26-028318|0001628280-26-028318:vmc-20260331.htm
1396009|0001396009-25-000008|0001396009-25-000008:vmc-20250331.htm
1396009|0001396009-25-000031|0001396009-25-000031:vmc-20250930.htm
1396009|0001396009-25-000021|0001396009-25-000021:vmc-20250630.htm
1396009|0001628280-26-009546|0001628280-26-009546:vmc-20251231.htm
277135|0000277135-25-000126|0000277135-25-000126:gww8kex991q22025.htm
277135|0000277135-25-000145|0000277135-25-000145:gww8kex991q32025.htm
277135|0000277135-26-000053|0000277135-26-000053:gww-20260331.htm
277135|0000277135-26-000056|0000277135-26-000056:gww8kex991q12026.htm
277135|0000277135-26-000004|0000277135-26-000004:gww8kex991q42025.htm
277135|0000277135-26-000011|0000277135-26-000011:gww-20251231.htm
277135|0000277135-25-000067|0000277135-25-000067:gww-20250331.htm
277135|0000277135-25-000129|0000277135-25-000129:gww-20250630.htm
277135|0000277135-25-000148|0000277135-25-000148:gww-20250930.htm
277135|0000277135-25-000010|0000277135-25-000010:gww-20241231.htm
943452|0001628280-26-026384|0001628280-26-026384:a1q2026earningspresentat.htm
943452|0001628280-26-049105|0001628280-26-049105:a2q26earningspresentatio.htm
943452|0001628280-26-007113|0001628280-26-007113:wab4q25earningspresentat.htm
943452|0001140361-25-004967|0001140361-25-004967:ef20043781_form8-k.htm
943452|0001628280-26-049105|0001628280-26-049105:wab-20260722.htm
943452|0001628280-25-005014|0001628280-25-005014:wab-20250212.htm
943452|0001628280-25-045773|0001628280-25-045773:wab-20251022.htm
943452|0001628280-25-018921|0001628280-25-018921:wab-20250423.htm
943452|0001628280-25-035831|0001628280-25-035831:wab-20250724.htm
943452|0001628280-26-026384|0001628280-26-026384:wab-20260422.htm
943452|0001628280-26-007113|0001628280-26-007113:wab-20260211.htm
943452|0001140361-25-001006|0001140361-25-001006:ef20041523_ex99-2.htm
943452|0001628280-25-018921|0001628280-25-018921:a1q25pressreleaseword.htm
943452|0001628280-26-026384|0001628280-26-026384:a1q26pressreleaseword.htm
943452|0001628280-25-035831|0001628280-25-035831:a2q25pressreleaseword.htm
943452|0001628280-26-007113|0001628280-26-007113:a4q2025pressrelease.htm
943452|0001628280-25-005014|0001628280-25-005014:a4q2024pressrelease.htm
943452|0001628280-25-045773|0001628280-25-045773:a3q25pressreleaseword.htm
943452|0001628280-26-049105|0001628280-26-049105:a2q26pressreleaseword.htm
943452|0001628280-25-018921|0001628280-25-018921:a1q25presentationfinal.htm
943452|0001628280-26-026422|0001628280-26-026422:wab-20260331.htm
943452|0001140361-25-004967|0001140361-25-004967:ef20043781_ex99-1.htm
943452|0001628280-25-045773|0001628280-25-045773:a3qpresentation2025.htm
943452|0001628280-26-049139|0001628280-26-049139:wab-20260630.htm
943452|0001628280-25-045790|0001628280-25-045790:wab-20250930.htm
943452|0001628280-25-019005|0001628280-25-019005:wab-20250331.htm
943452|0001628280-25-035852|0001628280-25-035852:wab-20250630.htm
943452|0001628280-26-008067|0001628280-26-008067:wab-20251231.htm
943452|0001628280-25-005100|0001628280-25-005100:wab-20241231.htm
104169|0000104169-25-000036|0000104169-25-000036:pressrelease4925.htm
104169|0000104169-25-000069|0000104169-25-000069:earningsreleasefy26q1.htm
104169|0000104169-26-000095|0000104169-26-000095:earningsreleasefy27q1.htm
104169|0000104169-25-000120|0000104169-25-000120:earningsreleasefy26q2.htm
104169|0000104169-25-000177|0000104169-25-000177:earningsreleasefy26q3.htm
104169|0000104169-26-000032|0000104169-26-000032:earningsreleasefy26q4.htm
104169|0000104169-25-000177|0000104169-25-000177:earningspresentationfy26.htm
104169|0000104169-26-000032|0000104169-26-000032:earningspresentationfy26.htm
104169|0000104169-25-000120|0000104169-25-000120:earningspresentationfy26.htm
104169|0000104169-25-000069|0000104169-25-000069:earningspresentationfy26.htm
104169|0000104169-26-000095|0000104169-26-000095:earningspresentationfy27.htm
104169|0000104169-25-000010|0000104169-25-000010:earningsreleasefy25q4.htm
104169|0000104169-26-000102|0000104169-26-000102:wmt-20260430.htm
104169|0000104169-25-000010|0000104169-25-000010:earningspresentationfy25.htm
104169|0000104169-25-000137|0000104169-25-000137:wmt-20250731.htm
104169|0000104169-25-000191|0000104169-25-000191:wmt-20251031.htm
104169|0000104169-26-000055|0000104169-26-000055:wmt-20260131.htm
104169|0000104169-25-000090|0000104169-25-000090:wmt-20250430.htm
1000697|0001193125-25-113232|0001193125-25-113232:d784067dex991.htm
1000697|0001193125-25-263533|0001193125-25-263533:d35664d10q.htm
1000697|0001193125-26-219487|0001193125-26-219487:d435723d10q.htm
1000697|0001193125-26-107339|0001193125-26-107339:d122710dex992.htm
1000697|0001193125-25-172087|0001193125-25-172087:d885407d10q.htm
1000697|0001193125-25-113274|0001193125-25-113274:d63343d10q.htm
1000697|0001193125-26-062604|0001193125-26-062604:d778470d10k.htm
1000697|0001193125-25-034579|0001193125-25-034579:d791800d10k.htm
783325|0000107815-25-000164|0000107815-25-000164:a042025aprilfinal.htm
783325|0000783325-26-000052|0000783325-26-000052:wec-20260331.htm
783325|0000783325-25-000060|0000783325-25-000060:wec-20250930.htm
783325|0000107815-25-000182|0000107815-25-000182:wec-20250331.htm
783325|0000783325-26-000018|0000783325-26-000018:wec-20251231.htm
783325|0000783325-25-000030|0000783325-25-000030:wec-20250630.htm
783325|0000107815-25-000103|0000107815-25-000103:wec-20241231.htm
105770|0000105770-25-000029|0000105770-25-000029:exh991q12025earningsreleas.htm
106040|0000106040-25-000026|0000106040-25-000026:wdc-20250328.htm
106040|0000106040-25-000020|0000106040-25-000020:a4ex991-pressreleaseq325.htm
106040|0001628280-25-047613|0001628280-25-047613:wdc-20251003.htm
106040|0001628280-26-004207|0001628280-26-004207:wdc-20260102.htm
106040|0000106040-25-000038|0000106040-25-000038:wdc-20250627.htm
106535|0001193125-26-051422|0001193125-26-051422:wy-20251231.htm
106535|0001193125-25-260808|0001193125-25-260808:wy-20250930.htm
106535|0000950170-25-058770|0000950170-25-058770:wy-20250331.htm
106535|0001193125-26-201473|0001193125-26-201473:wy-20260331.htm
106535|0000950170-25-098794|0000950170-25-098794:wy-20250630.htm
719955|0000719955-25-000006|0000719955-25-000006:exhibit991fy2025q2earnings.htm
719955|0001628280-25-027155|0001628280-25-027155:exhibit991fy2025q1earnings.htm
719955|0000719955-26-000126|0000719955-26-000126:exhibit991fy2026q1earnings.htm
719955|0000719955-25-000043|0000719955-25-000043:exhibit991fy2025q3earnings.htm
719955|0000719955-26-000030|0000719955-26-000030:exhibit991fy2025q4earnings.htm
719955|0000719955-26-000131|0000719955-26-000131:wsm-20260503.htm
719955|0000719955-25-000049|0000719955-25-000049:wsm-20251102.htm
719955|0000719955-26-000059|0000719955-26-000059:wsm-20260201.htm
719955|0000719955-25-000010|0000719955-25-000010:wsm-20250803.htm
719955|0001628280-25-028196|0001628280-25-028196:wsm-20250504.htm
719955|0001628280-25-015037|0001628280-25-015037:wsm-20250202.htm
1140536|0001193125-26-195310|0001193125-26-195310:wtw-20260331.htm
1140536|0000950170-25-057769|0000950170-25-057769:wtw-20250331.htm
1140536|0000950170-25-101355|0000950170-25-101355:wtw-20250630.htm
1140536|0001193125-25-257944|0001193125-25-257944:wtw-20250930.htm
1140536|0001193125-26-069307|0001193125-26-069307:wtw-20251231.htm
72903|0000072903-26-000073|0000072903-26-000073:xel-20260331.htm
72903|0000072903-25-000088|0000072903-25-000088:xel-20250331.htm
72903|0000072903-25-000225|0000072903-25-000225:xel-20250630.htm
72903|0000072903-25-000257|0000072903-25-000257:xel-20250930.htm
72903|0000072903-25-000029|0000072903-25-000029:xel-20241231.htm
72903|0000072903-26-000009|0000072903-26-000009:xel-20251231.htm
1524472|0001524472-25-000019|0001524472-25-000019:xyl04292025ex991.htm
1524472|0001524472-26-000068|0001524472-26-000068:xyl-20260331.htm
1524472|0001524472-26-000012|0001524472-26-000012:xyl-20251231.htm
1524472|0001524472-25-000013|0001524472-25-000013:xyl-20241231.htm
877212|0000877212-25-000129|0000877212-25-000129:zbraex99120250628.htm
877212|0000877212-25-000063|0000877212-25-000063:zbraex99120250329.htm
877212|0001628280-25-046567|0001628280-25-046567:zbraex99120250927.htm
1136869|0000950170-25-063124|0000950170-25-063124:zbh-ex99_1.htm
1136869|0001193125-26-201710|0001193125-26-201710:zbh-20260331.htm
1136869|0001193125-26-043620|0001193125-26-043620:zbh-ex99_1.htm
1136869|0001193125-26-059853|0001193125-26-059853:zbh-20251231.htm
1136869|0001193125-25-266884|0001193125-25-266884:zbh-20250930.htm
1136869|0000950170-25-104989|0000950170-25-104989:zbh-20250630.htm
1136869|0000950170-25-026604|0000950170-25-026604:zbh-20241231.htm
1555280|0001555280-25-000203|0001555280-25-000203:zts-20250331.htm
1555280|0001555280-25-000261|0001555280-25-000261:zts-20250630.htm
1555280|0001555280-25-000274|0001555280-25-000274:zts-20250930.htm
1555280|0001555280-26-000011|0001555280-26-000011:zts-20251231.htm
1035002|0001628280-26-028690|0001628280-26-028690:vlo-20260331.htm
1559720|0001193125-26-211816|0001193125-26-211816:d23351dex991.htm
1035443|0001035443-26-000042|0001035443-26-000042:are-20260331.htm
1579241|0001579241-25-000019|0001579241-25-000019:exhibit991-pressreleasedat.htm
1579241|0001579241-25-000028|0001579241-25-000028:exhibit991-pressreleasedat.htm
1579241|0001579241-25-000041|0001579241-25-000041:exhibit991-pressreleasedat.htm
764180|0000764180-25-000049|0000764180-25-000049:mo-20250331.htm
1410636|0001410636-26-000063|0001410636-26-000063:awk-20260331.htm
1393818|0001193125-25-176984|0001193125-25-176984:d83467d10q.htm
14272|0000014272-26-000010|0000014272-26-000010:bmy-20260331.htm
1996862|0001996862-25-000084|0001996862-25-000084:epr03312025.htm
1996862|0001104659-26-032113|0001104659-26-032113:tm268104d3_ex99-1.htm
1996862|0001628280-25-045046|0001628280-25-045046:newoutlooksegmentvolumerel.htm
1996862|0001628280-26-028079|0001628280-26-028079:epr03312026.htm
1996862|0001996862-25-000201|0001996862-25-000201:epr06302025.htm
1996862|0001628280-25-049208|0001628280-25-049208:epr093020251.htm
1996862|0001628280-26-005261|0001628280-26-005261:epr123120254.htm
1996862|0001628280-26-028235|0001628280-26-028235:bg-20260331.htm
18230|0001104659-25-084800|0001104659-25-084800:tm2524597d1_8k.htm
18230|0000018230-25-000016|0000018230-25-000016:cat-20250331.htm
1138118|0001138118-25-000008|0001138118-25-000008:cbre-20250424x8kexx991.htm
20286|0000020286-26-000030|0000020286-26-000030:exhibit99205-04x26.htm
20286|0000020286-25-000050|0000020286-25-000050:exhibit99108-22x25.htm
20286|0000020286-26-000003|0000020286-26-000003:exhibit99101-30x26.htm
20286|0000020286-25-000066|0000020286-25-000066:exhibit99111-14x25.htm
20286|0000020286-26-000038|0000020286-26-000038:exhibit99106-19x26.htm
20286|0000020286-26-000034|0000020286-26-000034:exhibit99106-16x26.htm
20286|0000020286-26-000030|0000020286-26-000030:exhibit99105-04x26.htm
20286|0000020286-26-000030|0000020286-26-000030:cinf-20260502.htm
20286|0000020286-26-000025|0000020286-26-000025:exhibit9911q26.htm
20286|0000020286-25-000061|0000020286-25-000061:exhibit9913q25.htm
20286|0000020286-25-000044|0000020286-25-000044:exhibit9912q25.htm
20286|0000020286-26-000005|0000020286-26-000005:exhibit991q425.htm
20286|0000020286-26-000026|0000020286-26-000026:cinf-20260331.htm
1679788|0001679788-25-000088|0001679788-25-000088:q125shareholderletter.htm
16918|0000016918-25-000132|0000016918-25-000132:stzex991_922025guidanceupd.htm
16918|0000016918-26-000028|0000016918-26-000028:stzex991_53120268kearnings.htm
16918|0000016918-25-000074|0000016918-25-000074:stzex991_53120258kearnings.htm
16918|0000016918-26-000002|0000016918-26-000002:stzex991_113020258kearnings.htm
16918|0000016918-25-000140|0000016918-25-000140:stzex991_83120258kearnings.htm
16918|0000016918-26-000008|0000016918-26-000008:stzex991_22820268kearnings.htm
16918|0000016918-25-000017|0000016918-25-000017:stzex991_2282025earnings.htm
1755672|0001755672-25-000015|0001755672-25-000015:final_q2x2025xearningsxn.htm
1755672|0001755672-25-000020|0001755672-25-000020:a3q_2025xearningsxnewsxr.htm
1755672|0001755672-26-000002|0001755672-26-000002:a4q_2025xearningsxnewsxr.htm
849395|0001628280-25-022191|0001628280-25-022191:q1resultsannouncement2025.htm
849395|0001628280-25-022195|0001628280-25-022195:crh-20250331.htm
313616|0000313616-26-000163|0000313616-26-000163:dhr-20260721xex991.htm
1043277|0001043277-26-000016|0001043277-26-000016:chrw-20260331.htm
935703|0000935703-25-000084|0000935703-25-000084:ex99110-15x25dayofinvestor.htm
935703|0000935703-25-000060|0000935703-25-000060:ex991q2-25earningspressrel.htm
715957|0001193125-26-030493|0001193125-26-030493:d-ex99_1.htm
715957|0000950170-25-101177|0000950170-25-101177:d-20250630.htm
715957|0000950170-25-061558|0000950170-25-061558:d-20250331.htm
715957|0001193125-25-260246|0001193125-25-260246:d-20250930.htm
936340|0000936340-25-000140|0000936340-25-000140:a2025agapresentationfina.htm
1099800|0001099800-25-000020|0001099800-25-000020:ex-991q12025.htm
1099800|0001099800-25-000023|0001099800-25-000023:ew-20250331.htm
32604|0000032604-25-000075|0000032604-25-000075:a2025q3release_ex991.htm
32604|0000032604-25-000061|0000032604-25-000061:a2025q2release_ex991.htm
922621|0001628280-25-056532|0001628280-25-056532:ex-99112112025.htm
922621|0001628280-26-026857|0001628280-26-026857:ex-99103312026.htm
922621|0000922621-25-000015|0000922621-25-000015:ex-99103312025.htm
922621|0001628280-25-038916|0001628280-25-038916:ex-99106302025.htm
922621|0001628280-25-047550|0001628280-25-047550:ex-99109302025.htm
922621|0001628280-26-010640|0001628280-26-010640:ex-99112312025.htm
72741|0001104659-25-098981|0001104659-25-098981:tm2528570d1_ex99-1.htm
895126|0000895126-25-000021|0000895126-25-000021:exe-20241231.htm
1136893|0001136893-26-000038|0001136893-26-000038:q12026ex991.htm
1136893|0001136893-25-000053|0001136893-25-000053:q12025ex991.htm
1136893|0001136893-25-000125|0001136893-25-000125:q32025ex991.htm
1136893|0001136893-25-000115|0001136893-25-000115:q22025ex991.htm
1136893|0001136893-26-000009|0001136893-26-000009:q42025ex991.htm
1136893|0001136893-26-000040|0001136893-26-000040:fis-20260331.htm
1136893|0001136893-25-000056|0001136893-25-000056:fis-20250331.htm
1136893|0001136893-25-000128|0001136893-25-000128:fis-20250930.htm
1136893|0001136893-25-000117|0001136893-25-000117:fis-20250630.htm
37996|0000037996-25-000146|0000037996-25-000146:exhibit99tojuly302025for.htm
1932393|0001932393-25-000014|0001932393-25-000014:gehc1q202510qexhibit106.htm
1932393|0001932393-26-000031|0001932393-26-000031:gehc1q202610qexhibit106.htm
1996810|0001996810-25-000132|0001996810-25-000132:gevpressrelease2q25.htm
1467858|0001467858-26-000033|0001467858-26-000033:gmq12026pressreleaseandfin.htm
1123360|0001123360-25-000080|0001123360-25-000080:gpn-20251104_d3.htm
1123360|0001123360-25-000030|0001123360-25-000030:gpn-20250331.htm
1123360|0001123360-26-000072|0001123360-26-000072:gpn-20260331.htm
1123360|0001123360-25-000077|0001123360-25-000077:gpn-20250930.htm
1123360|0001123360-25-000040|0001123360-25-000040:gpn-20250630.htm
765880|0001628280-26-031287|0001628280-26-031287:peak-20260331.htm
765880|0001628280-25-046273|0001628280-25-046273:peak-20250930.htm
765880|0001628280-25-036063|0001628280-25-036063:peak-20250630.htm
765880|0001628280-25-019948|0001628280-25-019948:peak-20250331.htm
49826|0000049826-25-000034|0000049826-25-000034:a20250630-2q25ex991pressre.htm
1699150|0001628280-25-037035|0001628280-25-037035:ir2025q2ex991.htm
1381197|0001381197-25-000052|0001381197-25-000052:ibkr-20250331x10q.htm
1381197|0001381197-26-000093|0001381197-26-000093:ibkr-20260331.htm
1381197|0001381197-25-000158|0001381197-25-000158:ibkr-20250930x10q.htm
1381197|0001381197-25-000103|0001381197-25-000103:ibkr-20250630x10q.htm
200406|0000200406-25-000110|0000200406-25-000110:a2025q1exhibit991.htm
1944048|0000950157-25-000375|0000950157-25-000375:ex99-1.htm
1489393|0001489393-25-000004|0001489393-25-000004:a2024q4exhibit991.htm
1613103|0001613103-25-000141|0001613103-25-000141:exhibit991-fy26q1earningsr.htm
1099219|0001193125-25-107504|0001193125-25-107504:d948412dex991.htm
1099219|0001099219-25-000133|0001099219-25-000133:ex991earningsreleasetables.htm
1099219|0001099219-25-000191|0001099219-25-000191:ex991earningsreleasetables.htm
1099219|0001099219-26-000032|0001099219-26-000032:ex991earningsreleasetables.htm
1099219|0001099219-25-000227|0001099219-25-000227:ex991earningsreleasetables.htm
1099219|0001099219-26-000008|0001099219-26-000008:ex991earningsreleasetables.htm
1037646|0001037646-25-000037|0001037646-25-000037:ex-991mtd8xkq22025.htm
1037646|0001037646-25-000019|0001037646-25-000019:ex-991mtd8xkq12025.htm
24545|0000024545-25-000019|0000024545-25-000019:tapex99120250630earningsre.htm
24545|0000024545-25-000021|0000024545-25-000021:tap-20250630.htm
24545|0000024545-25-000039|0000024545-25-000039:tap-20250930.htm
320187|0000320187-26-000070|0000320187-26-000070:pressrelease062326.htm
75677|0000950170-25-056867|0000950170-25-056867:pkg-ex99_1.htm
723531|0001193125-26-307785|0001193125-26-307785:payx-20260531.htm
723531|0000950170-25-095300|0000950170-25-095300:payx-20250531.htm
1413329|0001628280-26-027019|0001628280-26-027019:pm-20260331.htm
1413329|0001628280-26-049493|0001628280-26-049493:pm-20260630.htm
79879|0000079879-25-000223|0000079879-25-000223:ppg-20250630.htm
79879|0000079879-25-000133|0000079879-25-000133:ppg-20250331.htm
79879|0000079879-26-000170|0000079879-26-000170:ppg-20260331.htm
79879|0000079879-25-000311|0000079879-25-000311:ppg-20250930.htm
1045609|0001193125-25-253512|0001193125-25-253512:pld-20250930.htm
720005|0000720005-25-000049|0000720005-25-000049:rjf20250331q225earnings.htm
1281761|0001281761-26-000006|0001281761-26-000006:rf-20251231xexhibit993.htm
1281761|0001281761-25-000080|0001281761-25-000080:rf-20250930.htm
1281761|0001281761-25-000058|0001281761-25-000058:rf-2025630xexhibit993.htm
1281761|0001281761-26-000012|0001281761-26-000012:a1q26investormeetingmate.htm
1281761|0001281761-25-000069|0001281761-25-000069:a3q25investormeetingmate.htm
1281761|0001281761-25-000063|0001281761-25-000063:rf-20250630.htm
31791|0000031791-25-000012|0000031791-25-000012:q12025pressrelease.htm
31791|0000031791-25-000022|0000031791-25-000022:q22025pressrelease.htm
31791|0000031791-25-000032|0000031791-25-000032:q32025pressrelease.htm
31791|0000031791-26-000007|0000031791-26-000007:q42025pressrelease.htm
31791|0000031791-26-000016|0000031791-26-000016:q12026pressrelease.htm
745732|0000745732-26-000025|0000745732-26-000025:q126exhibit991.htm
745732|0000745732-25-000052|0000745732-25-000052:formofperfsharesgrantagree.htm
1034054|0001193125-25-100556|0001193125-25-100556:d788453dex991.htm
1032208|0001032208-26-000016|0001032208-26-000016:sresdge-20260323.htm
1032208|0001032208-26-000020|0001032208-26-000020:sempra-20260417.htm
1032208|0001032208-26-000008|0001032208-26-000008:ex99_1x20251231xearningsta.htm
1032208|0001032208-25-000027|0001032208-25-000027:sre-20250331.htm
1032208|0001032208-25-000048|0001032208-25-000048:sre-20250630.htm
4127|0001104659-26-008644|0001104659-26-008644:tm264402d1_8k.htm
91419|0000091419-26-000047|0000091419-26-000047:sjm06092026exhibit991.htm
91440|0000091440-26-000008|0000091440-26-000008:q42025pressreleaseforpress.htm
1964738|0001964738-25-000094|0001964738-25-000094:solvdecember2025shareholde.htm
1964738|0001964738-26-000005|0001964738-26-000005:q42025-8kerexx991.htm
93556|0001193125-26-162675|0001193125-26-162675:d76531d8k.htm
1757898|0001628280-26-006055|0001628280-26-006055:ste-20251231.htm
27419|0000027419-26-000020|0000027419-26-000020:a2026q1ex-99.htm
27419|0000027419-25-000115|0000027419-25-000115:a2025q2ex-99.htm
27419|0000027419-25-000008|0000027419-25-000008:a2024q4ex-99.htm
1385157|0001558370-25-005183|0001558370-25-005183:tel-20250423xex99d1.htm
97476|0000097476-25-000048|0000097476-25-000048:txn8-k2025x09x18exhibit99.htm
97476|0000097476-25-000033|0000097476-25-000033:q22025txnex99-er1.htm
97476|0000097476-25-000056|0000097476-25-000056:q32025txnex99-eredgarversi.htm
97476|0000097476-26-000148|0000097476-26-000148:q22026txnex99-eredgar.htm
97476|0000097476-25-000003|0000097476-25-000003:q42024txnex99-eredgar.htm
97476|0000097476-25-000025|0000097476-25-000025:q12025txnex99-er1.htm
97476|0000097476-26-000003|0000097476-26-000003:q42025txnex99-eredgar.htm
97476|0000097476-26-000097|0000097476-26-000097:q12026txnex99-eredgar.htm
97476|0000097476-25-000027|0000097476-25-000027:txn-20250331.htm
97476|0000097476-26-000101|0000097476-26-000101:txn-20260331.htm
97476|0000097476-26-000152|0000097476-26-000152:txn-20260630.htm
97476|0000097476-25-000060|0000097476-25-000060:txn-20250930.htm
916365|0000916365-26-000052|0000916365-26-000052:ex991-q22026earningsrelease.htm
916365|0000916365-25-000135|0000916365-25-000135:ex991-q22025earningsrelease.htm
100885|0000100885-25-000151|0000100885-25-000151:unp-20250331.htm
100885|0000100885-25-000253|0000100885-25-000253:unp-20250630.htm
732712|0000732712-25-000021|0000732712-25-000021:a2025q1exhibit99.htm
732712|0001193125-25-231018|0001193125-25-231018:d78591dex991.htm
732712|0001193125-26-030578|0001193125-26-030578:d50964d8k.htm
732712|0000732712-26-000019|0000732712-26-000019:a2026q1exhibit99.htm
732712|0000732712-26-000040|0000732712-26-000040:a2026q2exhibit99.htm
732712|0000732712-26-000003|0000732712-26-000003:a2025q4exhibit99.htm
732712|0000732712-25-000114|0000732712-25-000114:a2025q3exhibit99.htm
732712|0000732712-25-000083|0000732712-25-000083:a2025q2exhibit99.htm
732712|0000732712-26-000023|0000732712-26-000023:vz-20260331.htm
875320|0000875320-26-000171|0000875320-26-000171:ex-991_q12026.htm
875320|0000875320-25-000171|0000875320-25-000171:ex-991_q12025.htm
875320|0000875320-25-000230|0000875320-25-000230:ex-991_q32025.htm
875320|0000875320-25-000213|0000875320-25-000213:ex-991_q22025.htm
1000697|0001193125-25-024730|0001193125-25-024730:d904971dex991.htm
105770|0000105770-25-000062|0000105770-25-000062:westq22025presentation-f.htm
105770|0000105770-25-000090|0000105770-25-000090:a3q25earningspresentatio.htm
105770|0000105770-26-000005|0000105770-26-000005:a4q25earningsdeck-final.htm
