company,ticker,cik,gics_sector,form,file_date,period_ending,accession_number,file_id,file_type,filing_index_url,doc_url
3M,MMM,66740,Industrials,8-K,2025-04-22,2025-04-22,0000066740-25-000036,0000066740-25-000036:q12025-8kerexx991.htm,EX-99.1,https://www.sec.gov/Archives/edgar/data/66740/000006674025000036/0000066740-25-000036-index.htm,https://www.sec.gov/Archives/edgar/data/66740/000006674025000036/q12025-8kerexx991.htm
3M,MMM,66740,Industrials,8-K,2025-10-21,2025-10-21,0000066740-25-000086,0000066740-25-000086:q32025-8kerexx991.htm,EX-99.1,https://www.sec.gov/Archives/edgar/data/66740/000006674025000086/0000066740-25-000086-index.htm,https://www.sec.gov/Archives/edgar/data/66740/000006674025000086/q32025-8kerexx991.htm
3M,MMM,66740,Industrials,8-K,2025-07-18,2025-07-18,0000066740-25-000061,0000066740-25-000061:q22025-8kerexx991.htm,EX-99.1,https://www.sec.gov/Archives/edgar/data/66740/000006674025000061/0000066740-25-000061-index.htm,https://www.sec.gov/Archives/edgar/data/66740/000006674025000061/q22025-8kerexx991.htm
3M,MMM,66740,Industrials,8-K,2026-01-20,2026-01-20,0000066740-26-000003,0000066740-26-000003:q42025-8kerexx991.htm,EX-99.1,https://www.sec.gov/Archives/edgar/data/66740/000006674026000003/0000066740-26-000003-index.htm,https://www.sec.gov/Archives/edgar/data/66740/000006674026000003/q42025-8kerexx991.htm
3M,MMM,66740,Industrials,10-Q,2025-07-18,2025-06-30,0000066740-25-000063,0000066740-25-000063:mmm-20250630.htm,10-Q,https://www.sec.gov/Archives/edgar/data/66740/000006674025000063/0000066740-25-000063-index.htm,https://www.sec.gov/Archives/edgar/data/66740/000006674025000063/mmm-20250630.htm
3M,MMM,66740,Industrials,10-Q,2026-04-21,2026-03-31,0000066740-26-000175,0000066740-26-000175:mmm-20260331.htm,10-Q,https://www.sec.gov/Archives/edgar/data/66740/000006674026000175/0000066740-26-000175-index.htm,https://www.sec.gov/Archives/edgar/data/66740/000006674026000175/mmm-20260331.htm
3M,MMM,66740,Industrials,10-Q,2025-10-21,2025-09-30,0000066740-25-000089,0000066740-25-000089:mmm-20250930.htm,10-Q,https://www.sec.gov/Archives/edgar/data/66740/000006674025000089/0000066740-25-000089-index.htm,https://www.sec.gov/Archives/edgar/data/66740/000006674025000089/mmm-20250930.htm
3M,MMM,66740,Industrials,10-Q,2026-07-21,2026-06-30,0000066740-26-000246,0000066740-26-000246:mmm-20260630.htm,10-Q,https://www.sec.gov/Archives/edgar/data/66740/000006674026000246/0000066740-26-000246-index.htm,https://www.sec.gov/Archives/edgar/data/66740/000006674026000246/mmm-20260630.htm
3M,MMM,66740,Industrials,10-K,2026-02-03,2025-12-31,0000066740-26-000014,0000066740-26-000014:mmm-20251231.htm,10-K,https://www.sec.gov/Archives/edgar/data/66740/000006674026000014/0000066740-26-000014-index.htm,https://www.sec.gov/Archives/edgar/data/66740/000006674026000014/mmm-20251231.htm
3M,MMM,66740,Industrials,10-Q,2025-04-22,2025-03-31,0000066740-25-000039,0000066740-25-000039:mmm-20250331.htm,10-Q,https://www.sec.gov/Archives/edgar/data/66740/000006674025000039/0000066740-25-000039-index.htm,https://www.sec.gov/Archives/edgar/data/66740/000006674025000039/mmm-20250331.htm
A. O. Smith,AOS,91142,Industrials,8-K,2025-07-24,2025-07-24,0000091142-25-000098,0000091142-25-000098:a6302025exhibit991.htm,EX-99.1,https://www.sec.gov/Archives/edgar/data/91142/000009114225000098/0000091142-25-000098-index.htm,https://www.sec.gov/Archives/edgar/data/91142/000009114225000098/a6302025exhibit991.htm
A. O. Smith,AOS,91142,Industrials,8-K,2026-04-30,2026-04-30,0000091142-26-000082,0000091142-26-000082:a3312026exhibit991.htm,EX-99.1,https://www.sec.gov/Archives/edgar/data/91142/000009114226000082/0000091142-26-000082-index.htm,https://www.sec.gov/Archives/edgar/data/91142/000009114226000082/a3312026exhibit991.htm
A. O. Smith,AOS,91142,Industrials,8-K,2025-04-29,2025-04-29,0000091142-25-000073,0000091142-25-000073:a3312025exhibit991.htm,EX-99.1,https://www.sec.gov/Archives/edgar/data/91142/000009114225000073/0000091142-25-000073-index.htm,https://www.sec.gov/Archives/edgar/data/91142/000009114225000073/a3312025exhibit991.htm
A. O. Smith,AOS,91142,Industrials,8-K,2025-10-28,2025-10-28,0000091142-25-000148,0000091142-25-000148:a9302025exhibit991.htm,EX-99.1,https://www.sec.gov/Archives/edgar/data/91142/000009114225000148/0000091142-25-000148-index.htm,https://www.sec.gov/Archives/edgar/data/91142/000009114225000148/a9302025exhibit991.htm
A. O. Smith,AOS,91142,Industrials,10-Q,2026-04-30,2026-03-31,0000091142-26-000084,0000091142-26-000084:aos-20260331.htm,10-Q,https://www.sec.gov/Archives/edgar/data/91142/000009114226000084/0000091142-26-000084-index.htm,https://www.sec.gov/Archives/edgar/data/91142/000009114226000084/aos-20260331.htm
A. O. Smith,AOS,91142,Industrials,10-Q,2025-04-29,2025-03-31,0000091142-25-000075,0000091142-25-000075:aos-20250331.htm,10-Q,https://www.sec.gov/Archives/edgar/data/91142/000009114225000075/0000091142-25-000075-index.htm,https://www.sec.gov/Archives/edgar/data/91142/000009114225000075/aos-20250331.htm
A. O. Smith,AOS,91142,Industrials,10-Q,2025-07-24,2025-06-30,0000091142-25-000100,0000091142-25-000100:aos-20250630.htm,10-Q,https://www.sec.gov/Archives/edgar/data/91142/000009114225000100/0000091142-25-000100-index.htm,https://www.sec.gov/Archives/edgar/data/91142/000009114225000100/aos-20250630.htm
A. O. Smith,AOS,91142,Industrials,10-K,2026-02-10,2025-12-31,0000091142-26-000008,0000091142-26-000008:aos-20251231.htm,10-K,https://www.sec.gov/Archives/edgar/data/91142/000009114226000008/0000091142-26-000008-index.htm,https://www.sec.gov/Archives/edgar/data/91142/000009114226000008/aos-20251231.htm
Accenture,ACN,1467373,Information Technology,10-K,2025-10-10,2025-08-31,0001467373-25-000217,0001467373-25-000217:acn-20250831.htm,10-K,https://www.sec.gov/Archives/edgar/data/1467373/000146737325000217/0001467373-25-000217-index.htm,https://www.sec.gov/Archives/edgar/data/1467373/000146737325000217/acn-20250831.htm
Advanced Micro Devices,AMD,2488,Information Technology,10-Q,2026-05-06,2026-03-28,0000002488-26-000076,0000002488-26-000076:amd-20260328.htm,10-Q,https://www.sec.gov/Archives/edgar/data/2488/000000248826000076/0000002488-26-000076-index.htm,https://www.sec.gov/Archives/edgar/data/2488/000000248826000076/amd-20260328.htm
Advanced Micro Devices,AMD,2488,Information Technology,8-K,2025-05-19,2025-05-18,0001193125-25-122121,0001193125-25-122121:d831221dex21.htm,EX-2.1,https://www.sec.gov/Archives/edgar/data/2488/000119312525122121/0001193125-25-122121-index.htm,https://www.sec.gov/Archives/edgar/data/2488/000119312525122121/d831221dex21.htm
AES Corporation,AES,874761,Utilities,10-K,2026-03-02,2025-12-31,0000874761-26-000063,0000874761-26-000063:aes-20251231.htm,10-K,https://www.sec.gov/Archives/edgar/data/874761/000087476126000063/0000874761-26-000063-index.htm,https://www.sec.gov/Archives/edgar/data/874761/000087476126000063/aes-20251231.htm
AES Corporation,AES,874761,Utilities,10-Q,2025-05-01,2025-03-31,0000874761-25-000035,0000874761-25-000035:aes-20250331.htm,10-Q,https://www.sec.gov/Archives/edgar/data/874761/000087476125000035/0000874761-25-000035-index.htm,https://www.sec.gov/Archives/edgar/data/874761/000087476125000035/aes-20250331.htm
AES Corporation,AES,874761,Utilities,10-K,2025-03-11,2024-12-31,0000874761-25-000013,0000874761-25-000013:aes-20241231.htm,10-K,https://www.sec.gov/Archives/edgar/data/874761/000087476125000013/0000874761-25-000013-index.htm,https://www.sec.gov/Archives/edgar/data/874761/000087476125000013/aes-20241231.htm
AES Corporation,AES,874761,Utilities,10-Q,2025-11-04,2025-09-30,0000874761-25-000084,0000874761-25-000084:aes-20250930.htm,10-Q,https://www.sec.gov/Archives/edgar/data/874761/000087476125000084/0000874761-25-000084-index.htm,https://www.sec.gov/Archives/edgar/data/874761/000087476125000084/aes-20250930.htm
AES Corporation,AES,874761,Utilities,10-Q,2025-08-01,2025-06-30,0000874761-25-000075,0000874761-25-000075:aes-20250630.htm,10-Q,https://www.sec.gov/Archives/edgar/data/874761/000087476125000075/0000874761-25-000075-index.htm,https://www.sec.gov/Archives/edgar/data/874761/000087476125000075/aes-20250630.htm
AES Corporation,AES,874761,Utilities,10-Q,2026-05-05,2026-03-31,0000874761-26-000120,0000874761-26-000120:aes-20260331.htm,10-Q,https://www.sec.gov/Archives/edgar/data/874761/000087476126000120/0000874761-26-000120-index.htm,https://www.sec.gov/Archives/edgar/data/874761/000087476126000120/aes-20260331.htm
AES Corporation,AES,874761,Utilities,8-K,2026-03-02,2026-03-01,0001193125-26-084157,0001193125-26-084157:d100078dex21.htm,EX-2.1,https://www.sec.gov/Archives/edgar/data/874761/000119312526084157/0001193125-26-084157-index.htm,https://www.sec.gov/Archives/edgar/data/874761/000119312526084157/d100078dex21.htm
Agilent Technologies,A,1090872,Health Care,8-K,2025-08-27,2025-08-27,0001090872-25-000034,0001090872-25-000034:exhibit991-q325pressrelease.htm,EX-99.1,https://www.sec.gov/Archives/edgar/data/1090872/000109087225000034/0001090872-25-000034-index.htm,https://www.sec.gov/Archives/edgar/data/1090872/000109087225000034/exhibit991-q325pressrelease.htm
Agilent Technologies,A,1090872,Health Care,10-Q,2026-03-03,2026-01-31,0001090872-26-000023,0001090872-26-000023:a-20260131.htm,10-Q,https://www.sec.gov/Archives/edgar/data/1090872/000109087226000023/0001090872-26-000023-index.htm,https://www.sec.gov/Archives/edgar/data/1090872/000109087226000023/a-20260131.htm
Agilent Technologies,A,1090872,Health Care,8-K,2025-11-24,2025-11-24,0001090872-25-000070,0001090872-25-000070:exhibit991-q425pressrelease.htm,EX-99.1,https://www.sec.gov/Archives/edgar/data/1090872/000109087225000070/0001090872-25-000070-index.htm,https://www.sec.gov/Archives/edgar/data/1090872/000109087225000070/exhibit991-q425pressrelease.htm
Agilent Technologies,A,1090872,Health Care,10-Q,2026-06-01,2026-04-30,0001090872-26-000055,0001090872-26-000055:a-20260430.htm,10-Q,https://www.sec.gov/Archives/edgar/data/1090872/000109087226000055/0001090872-26-000055-index.htm,https://www.sec.gov/Archives/edgar/data/1090872/000109087226000055/a-20260430.htm
Agilent Technologies,A,1090872,Health Care,10-K,2025-12-22,2025-10-31,0001090872-25-000087,0001090872-25-000087:a-20251031.htm,10-K,https://www.sec.gov/Archives/edgar/data/1090872/000109087225000087/0001090872-25-000087-index.htm,https://www.sec.gov/Archives/edgar/data/1090872/000109087225000087/a-20251031.htm
Agilent Technologies,A,1090872,Health Care,10-Q,2025-06-02,2025-04-30,0001090872-25-000021,0001090872-25-000021:a-20250430.htm,10-Q,https://www.sec.gov/Archives/edgar/data/1090872/000109087225000021/0001090872-25-000021-index.htm,https://www.sec.gov/Archives/edgar/data/1090872/000109087225000021/a-20250430.htm
Agilent Technologies,A,1090872,Health Care,10-Q,2025-08-29,2025-07-31,0001090872-25-000036,0001090872-25-000036:a-20250731.htm,10-Q,https://www.sec.gov/Archives/edgar/data/1090872/000109087225000036/0001090872-25-000036-index.htm,https://www.sec.gov/Archives/edgar/data/1090872/000109087225000036/a-20250731.htm
Airbnb,ABNB,1559720,Consumer Discretionary,8-K,2026-05-07,2026-05-07,0001193125-26-211816,0001193125-26-211816:d23351dex991.htm,EX-99.1,https://www.sec.gov/Archives/edgar/data/1559720/000119312526211816/0001193125-26-211816-index.htm,https://www.sec.gov/Archives/edgar/data/1559720/000119312526211816/d23351dex991.htm
Akamai Technologies,AKAM,1086222,Information Technology,10-Q,2026-05-08,2026-03-31,0001086222-26-000058,0001086222-26-000058:akam-20260331.htm,10-Q,https://www.sec.gov/Archives/edgar/data/1086222/000108622226000058/0001086222-26-000058-index.htm,https://www.sec.gov/Archives/edgar/data/1086222/000108622226000058/akam-20260331.htm
Albemarle Corporation,ALB,915913,Materials,10-K,2026-02-11,2025-12-31,0000915913-26-000018,0000915913-26-000018:ex965jbc2025trs.htm,EX-96.5,https://www.sec.gov/Archives/edgar/data/915913/000091591326000018/0000915913-26-000018-index.htm,https://www.sec.gov/Archives/edgar/data/915913/000091591326000018/ex965jbc2025trs.htm
Albemarle Corporation,ALB,915913,Materials,8-K,2025-02-12,2025-02-12,0000915913-25-000024,0000915913-25-000024:exhibit965jbc2024trs.htm,EX-96.5,https://www.sec.gov/Archives/edgar/data/915913/000091591325000024/0000915913-25-000024-index.htm,https://www.sec.gov/Archives/edgar/data/915913/000091591325000024/exhibit965jbc2024trs.htm
Alexandria Real Estate Equities,ARE,1035443,Real Estate,8-K,2025-12-03,2025-12-03,0001035443-25-000211,0001035443-25-000211:ex991-2025areinvestorday.htm,EX-99.1,https://www.sec.gov/Archives/edgar/data/1035443/000103544325000211/0001035443-25-000211-index.htm,https://www.sec.gov/Archives/edgar/data/1035443/000103544325000211/ex991-2025areinvestorday.htm
Alexandria Real Estate Equities,ARE,1035443,Real Estate,10-Q,2025-10-27,2025-09-30,0001035443-25-000198,0001035443-25-000198:are-20250930.htm,10-Q,https://www.sec.gov/Archives/edgar/data/1035443/000103544325000198/0001035443-25-000198-index.htm,https://www.sec.gov/Archives/edgar/data/1035443/000103544325000198/are-20250930.htm
Alexandria Real Estate Equities,ARE,1035443,Real Estate,10-Q,2025-07-21,2025-06-30,0001035443-25-000179,0001035443-25-000179:are-20250630.htm,10-Q,https://www.sec.gov/Archives/edgar/data/1035443/000103544325000179/0001035443-25-000179-index.htm,https://www.sec.gov/Archives/edgar/data/1035443/000103544325000179/are-20250630.htm
Alexandria Real Estate Equities,ARE,1035443,Real Estate,10-Q,2025-04-28,2025-03-31,0001035443-25-000136,0001035443-25-000136:are-20250331.htm,10-Q,https://www.sec.gov/Archives/edgar/data/1035443/000103544325000136/0001035443-25-000136-index.htm,https://www.sec.gov/Archives/edgar/data/1035443/000103544325000136/are-20250331.htm
Alexandria Real Estate Equities,ARE,1035443,Real Estate,10-K,2026-01-26,2025-12-31,0001035443-26-000013,0001035443-26-000013:are-20251231.htm,10-K,https://www.sec.gov/Archives/edgar/data/1035443/000103544326000013/0001035443-26-000013-index.htm,https://www.sec.gov/Archives/edgar/data/1035443/000103544326000013/are-20251231.htm
Alexandria Real Estate Equities,ARE,1035443,Real Estate,10-K,2025-01-27,2024-12-31,0001035443-25-000067,0001035443-25-000067:are-20241231.htm,10-K,https://www.sec.gov/Archives/edgar/data/1035443/000103544325000067/0001035443-25-000067-index.htm,https://www.sec.gov/Archives/edgar/data/1035443/000103544325000067/are-20241231.htm
Alexandria Real Estate Equities,ARE,1035443,Real Estate,10-Q,2026-04-27,2026-03-31,0001035443-26-000042,0001035443-26-000042:are-20260331.htm,10-Q,https://www.sec.gov/Archives/edgar/data/1035443/000103544326000042/0001035443-26-000042-index.htm,https://www.sec.gov/Archives/edgar/data/1035443/000103544326000042/are-20260331.htm
Align Technology,ALGN,1097149,Health Care,8-K,2025-04-30,2025-04-30,0001097149-25-000028,0001097149-25-000028:algn-q125earningspressrele.htm,EX-99.1,https://www.sec.gov/Archives/edgar/data/1097149/000109714925000028/0001097149-25-000028-index.htm,https://www.sec.gov/Archives/edgar/data/1097149/000109714925000028/algn-q125earningspressrele.htm
Align Technology,ALGN,1097149,Health Care,8-K,2025-10-29,2025-10-29,0001097149-25-000075,0001097149-25-000075:algn-q325earningspressrele.htm,EX-99.1,https://www.sec.gov/Archives/edgar/data/1097149/000109714925000075/0001097149-25-000075-index.htm,https://www.sec.gov/Archives/edgar/data/1097149/000109714925000075/algn-q325earningspressrele.htm
Align Technology,ALGN,1097149,Health Care,8-K,2025-02-05,2025-02-05,0001097149-25-000005,0001097149-25-000005:algn-q424earningspressrele.htm,EX-99.1,https://www.sec.gov/Archives/edgar/data/1097149/000109714925000005/0001097149-25-000005-index.htm,https://www.sec.gov/Archives/edgar/data/1097149/000109714925000005/algn-q424earningspressrele.htm
Align Technology,ALGN,1097149,Health Care,8-K,2025-07-30,2025-07-30,0001097149-25-000055,0001097149-25-000055:algn-q225earningspressrele.htm,EX-99.1,https://www.sec.gov/Archives/edgar/data/1097149/000109714925000055/0001097149-25-000055-index.htm,https://www.sec.gov/Archives/edgar/data/1097149/000109714925000055/algn-q225earningspressrele.htm
Align Technology,ALGN,1097149,Health Care,8-K,2026-02-04,2026-02-04,0001097149-26-000006,0001097149-26-000006:algn-q425earningspressrele.htm,EX-99.1,https://www.sec.gov/Archives/edgar/data/1097149/000109714926000006/0001097149-26-000006-index.htm,https://www.sec.gov/Archives/edgar/data/1097149/000109714926000006/algn-q425earningspressrele.htm
Align Technology,ALGN,1097149,Health Care,8-K,2026-04-29,2026-04-29,0001097149-26-000033,0001097149-26-000033:algn-q126earningspressrele.htm,EX-99.1,https://www.sec.gov/Archives/edgar/data/1097149/000109714926000033/0001097149-26-000033-index.htm,https://www.sec.gov/Archives/edgar/data/1097149/000109714926000033/algn-q126earningspressrele.htm
Align Technology,ALGN,1097149,Health Care,10-Q,2026-05-06,2026-03-31,0001097149-26-000040,0001097149-26-000040:algn-20260331.htm,10-Q,https://www.sec.gov/Archives/edgar/data/1097149/000109714926000040/0001097149-26-000040-index.htm,https://www.sec.gov/Archives/edgar/data/1097149/000109714926000040/algn-20260331.htm
Align Technology,ALGN,1097149,Health Care,10-Q,2025-11-05,2025-09-30,0001097149-25-000079,0001097149-25-000079:algn-20250930.htm,10-Q,https://www.sec.gov/Archives/edgar/data/1097149/000109714925000079/0001097149-25-000079-index.htm,https://www.sec.gov/Archives/edgar/data/1097149/000109714925000079/algn-20250930.htm
Align Technology,ALGN,1097149,Health Care,10-Q,2025-08-06,2025-06-30,0001097149-25-000064,0001097149-25-000064:algn-20250630.htm,10-Q,https://www.sec.gov/Archives/edgar/data/1097149/000109714925000064/0001097149-25-000064-index.htm,https://www.sec.gov/Archives/edgar/data/1097149/000109714925000064/algn-20250630.htm
Align Technology,ALGN,1097149,Health Care,10-K,2026-02-27,2025-12-31,0001097149-26-000014,0001097149-26-000014:algn-20251231.htm,10-K,https://www.sec.gov/Archives/edgar/data/1097149/000109714926000014/0001097149-26-000014-index.htm,https://www.sec.gov/Archives/edgar/data/1097149/000109714926000014/algn-20251231.htm
Align Technology,ALGN,1097149,Health Care,10-Q,2025-05-08,2025-03-31,0001097149-25-000034,0001097149-25-000034:algn-20250331.htm,10-Q,https://www.sec.gov/Archives/edgar/data/1097149/000109714925000034/0001097149-25-000034-index.htm,https://www.sec.gov/Archives/edgar/data/1097149/000109714925000034/algn-20250331.htm
Align Technology,ALGN,1097149,Health Care,10-K,2025-02-28,2024-12-31,0001097149-25-000012,0001097149-25-000012:algn-20241231.htm,10-K,https://www.sec.gov/Archives/edgar/data/1097149/000109714925000012/0001097149-25-000012-index.htm,https://www.sec.gov/Archives/edgar/data/1097149/000109714925000012/algn-20241231.htm
Allegion,ALLE,1579241,Industrials,8-K,2025-04-24,2025-04-24,0001579241-25-000019,0001579241-25-000019:exhibit991-pressreleasedat.htm,EX-99.1,https://www.sec.gov/Archives/edgar/data/1579241/000157924125000019/0001579241-25-000019-index.htm,https://www.sec.gov/Archives/edgar/data/1579241/000157924125000019/exhibit991-pressreleasedat.htm
Allegion,ALLE,1579241,Industrials,8-K,2025-07-24,2025-07-24,0001579241-25-000028,0001579241-25-000028:exhibit991-pressreleasedat.htm,EX-99.1,https://www.sec.gov/Archives/edgar/data/1579241/000157924125000028/0001579241-25-000028-index.htm,https://www.sec.gov/Archives/edgar/data/1579241/000157924125000028/exhibit991-pressreleasedat.htm
Allegion,ALLE,1579241,Industrials,8-K,2026-07-23,2026-07-23,0001579241-26-000026,0001579241-26-000026:exhibit991-pressreleasedat.htm,EX-99.1,https://www.sec.gov/Archives/edgar/data/1579241/000157924126000026/0001579241-26-000026-index.htm,https://www.sec.gov/Archives/edgar/data/1579241/000157924126000026/exhibit991-pressreleasedat.htm
Allegion,ALLE,1579241,Industrials,10-Q,2026-07-23,2026-06-30,0001579241-26-000028,0001579241-26-000028:alle-20260630.htm,10-Q,https://www.sec.gov/Archives/edgar/data/1579241/000157924126000028/0001579241-26-000028-index.htm,https://www.sec.gov/Archives/edgar/data/1579241/000157924126000028/alle-20260630.htm
Allegion,ALLE,1579241,Industrials,8-K,2025-10-23,2025-10-23,0001579241-25-000041,0001579241-25-000041:exhibit991-pressreleasedat.htm,EX-99.1,https://www.sec.gov/Archives/edgar/data/1579241/000157924125000041/0001579241-25-000041-index.htm,https://www.sec.gov/Archives/edgar/data/1579241/000157924125000041/exhibit991-pressreleasedat.htm
Alliant Energy,LNT,352541,Utilities,10-Q,2026-05-01,2026-03-31,0000352541-26-000033,0000352541-26-000033:lnt-20260331.htm,10-Q,https://www.sec.gov/Archives/edgar/data/352541/000035254126000033/0000352541-26-000033-index.htm,https://www.sec.gov/Archives/edgar/data/352541/000035254126000033/lnt-20260331.htm
Alliant Energy,LNT,352541,Utilities,10-K,2025-02-21,2024-12-31,0000352541-25-000014,0000352541-25-000014:lnt-20241231.htm,10-K,https://www.sec.gov/Archives/edgar/data/352541/000035254125000014/0000352541-25-000014-index.htm,https://www.sec.gov/Archives/edgar/data/352541/000035254125000014/lnt-20241231.htm
Alliant Energy,LNT,352541,Utilities,10-K,2026-02-20,2025-12-31,0000352541-26-000007,0000352541-26-000007:lnt-20251231.htm,10-K,https://www.sec.gov/Archives/edgar/data/352541/000035254126000007/0000352541-26-000007-index.htm,https://www.sec.gov/Archives/edgar/data/352541/000035254126000007/lnt-20251231.htm
Alliant Energy,LNT,352541,Utilities,8-K,2026-03-04,2026-03-02,0000352541-26-000009,0000352541-26-000009:lnt030220268-kex101.htm,EX-10.1,https://www.sec.gov/Archives/edgar/data/352541/000035254126000009/0000352541-26-000009-index.htm,https://www.sec.gov/Archives/edgar/data/352541/000035254126000009/lnt030220268-kex101.htm
Alliant Energy,LNT,352541,Utilities,8-K,2025-03-03,2025-03-03,0000352541-25-000025,0000352541-25-000025:lnt030320258-kex101.htm,EX-10.1,https://www.sec.gov/Archives/edgar/data/352541/000035254125000025/0000352541-25-000025-index.htm,https://www.sec.gov/Archives/edgar/data/352541/000035254125000025/lnt030320258-kex101.htm
Allstate,ALL,899051,Financials,10-Q,2026-04-29,2026-03-31,0000899051-26-000075,0000899051-26-000075:all-20260331.htm,10-Q,https://www.sec.gov/Archives/edgar/data/899051/000089905126000075/0000899051-26-000075-index.htm,https://www.sec.gov/Archives/edgar/data/899051/000089905126000075/all-20260331.htm
Allstate,ALL,899051,Financials,10-Q,2025-04-30,2025-03-31,0000899051-25-000042,0000899051-25-000042:all-20250331.htm,10-Q,https://www.sec.gov/Archives/edgar/data/899051/000089905125000042/0000899051-25-000042-index.htm,https://www.sec.gov/Archives/edgar/data/899051/000089905125000042/all-20250331.htm
Allstate,ALL,899051,Financials,10-Q,2025-07-30,2025-06-30,0000899051-25-000070,0000899051-25-000070:all-20250630.htm,10-Q,https://www.sec.gov/Archives/edgar/data/899051/000089905125000070/0000899051-25-000070-index.htm,https://www.sec.gov/Archives/edgar/data/899051/000089905125000070/all-20250630.htm
Allstate,ALL,899051,Financials,10-Q,2025-11-05,2025-09-30,0000899051-25-000102,0000899051-25-000102:all-20250930.htm,10-Q,https://www.sec.gov/Archives/edgar/data/899051/000089905125000102/0000899051-25-000102-index.htm,https://www.sec.gov/Archives/edgar/data/899051/000089905125000102/all-20250930.htm
Alphabet Inc. (Class A),GOOGL,1652044,Communication Services,10-K,2026-02-05,2025-12-31,0001652044-26-000018,0001652044-26-000018:goog-20251231.htm,10-K,https://www.sec.gov/Archives/edgar/data/1652044/000165204426000018/0001652044-26-000018-index.htm,https://www.sec.gov/Archives/edgar/data/1652044/000165204426000018/goog-20251231.htm
Altria,MO,764180,Consumer Staples,10-Q,2025-04-29,2025-03-31,0000764180-25-000049,0000764180-25-000049:mo-20250331.htm,10-Q,https://www.sec.gov/Archives/edgar/data/764180/000076418025000049/0000764180-25-000049-index.htm,https://www.sec.gov/Archives/edgar/data/764180/000076418025000049/mo-20250331.htm
Altria,MO,764180,Consumer Staples,10-Q,2025-07-30,2025-06-30,0000764180-25-000111,0000764180-25-000111:mo-20250630.htm,10-Q,https://www.sec.gov/Archives/edgar/data/764180/000076418025000111/0000764180-25-000111-index.htm,https://www.sec.gov/Archives/edgar/data/764180/000076418025000111/mo-20250630.htm
Altria,MO,764180,Consumer Staples,10-Q,2025-10-30,2025-09-30,0000764180-25-000130,0000764180-25-000130:mo-20250930.htm,10-Q,https://www.sec.gov/Archives/edgar/data/764180/000076418025000130/0000764180-25-000130-index.htm,https://www.sec.gov/Archives/edgar/data/764180/000076418025000130/mo-20250930.htm
Altria,MO,764180,Consumer Staples,10-K,2026-02-25,2025-12-31,0000764180-26-000017,0000764180-26-000017:mo-20251231.htm,10-K,https://www.sec.gov/Archives/edgar/data/764180/000076418026000017/0000764180-26-000017-index.htm,https://www.sec.gov/Archives/edgar/data/764180/000076418026000017/mo-20251231.htm
Amazon,AMZN,1018724,Consumer Discretionary,10-Q,2025-05-02,2025-03-31,0001018724-25-000036,0001018724-25-000036:amzn-20250331.htm,10-Q,https://www.sec.gov/Archives/edgar/data/1018724/000101872425000036/0001018724-25-000036-index.htm,https://www.sec.gov/Archives/edgar/data/1018724/000101872425000036/amzn-20250331.htm
Amazon,AMZN,1018724,Consumer Discretionary,10-Q,2026-04-30,2026-03-31,0001018724-26-000014,0001018724-26-000014:amzn-20260331.htm,10-Q,https://www.sec.gov/Archives/edgar/data/1018724/000101872426000014/0001018724-26-000014-index.htm,https://www.sec.gov/Archives/edgar/data/1018724/000101872426000014/amzn-20260331.htm
Amazon,AMZN,1018724,Consumer Discretionary,10-Q,2025-08-01,2025-06-30,0001018724-25-000086,0001018724-25-000086:amzn-20250630.htm,10-Q,https://www.sec.gov/Archives/edgar/data/1018724/000101872425000086/0001018724-25-000086-index.htm,https://www.sec.gov/Archives/edgar/data/1018724/000101872425000086/amzn-20250630.htm
Amazon,AMZN,1018724,Consumer Discretionary,10-Q,2025-10-31,2025-09-30,0001018724-25-000123,0001018724-25-000123:amzn-20250930.htm,10-Q,https://www.sec.gov/Archives/edgar/data/1018724/000101872425000123/0001018724-25-000123-index.htm,https://www.sec.gov/Archives/edgar/data/1018724/000101872425000123/amzn-20250930.htm
Amazon,AMZN,1018724,Consumer Discretionary,8-K,2026-02-27,2026-02-27,0001104659-26-021050,0001104659-26-021050:tm267374d1_ex99-1.htm,EX-99.1,https://www.sec.gov/Archives/edgar/data/1018724/000110465926021050/0001104659-26-021050-index.htm,https://www.sec.gov/Archives/edgar/data/1018724/000110465926021050/tm267374d1_ex99-1.htm
Amazon,AMZN,1018724,Consumer Discretionary,10-K,2026-02-06,2025-12-31,0001018724-26-000004,0001018724-26-000004:amzn-20251231.htm,10-K,https://www.sec.gov/Archives/edgar/data/1018724/000101872426000004/0001018724-26-000004-index.htm,https://www.sec.gov/Archives/edgar/data/1018724/000101872426000004/amzn-20251231.htm
Amazon,AMZN,1018724,Consumer Discretionary,8-K,2025-05-01,2025-05-01,0001018724-25-000034,0001018724-25-000034:amzn-20250331xex991.htm,EX-99.1,https://www.sec.gov/Archives/edgar/data/1018724/000101872425000034/0001018724-25-000034-index.htm,https://www.sec.gov/Archives/edgar/data/1018724/000101872425000034/amzn-20250331xex991.htm
Amazon,AMZN,1018724,Consumer Discretionary,8-K,2025-07-31,2025-07-31,0001018724-25-000084,0001018724-25-000084:amzn-20250630xex991.htm,EX-99.1,https://www.sec.gov/Archives/edgar/data/1018724/000101872425000084/0001018724-25-000084-index.htm,https://www.sec.gov/Archives/edgar/data/1018724/000101872425000084/amzn-20250630xex991.htm
Amazon,AMZN,1018724,Consumer Discretionary,8-K,2025-10-30,2025-10-30,0001018724-25-000121,0001018724-25-000121:amzn-20250930xex991.htm,EX-99.1,https://www.sec.gov/Archives/edgar/data/1018724/000101872425000121/0001018724-25-000121-index.htm,https://www.sec.gov/Archives/edgar/data/1018724/000101872425000121/amzn-20250930xex991.htm
Amazon,AMZN,1018724,Consumer Discretionary,8-K,2026-02-05,2026-02-05,0001018724-26-000002,0001018724-26-000002:amzn-20251231xex991.htm,EX-99.1,https://www.sec.gov/Archives/edgar/data/1018724/000101872426000002/0001018724-26-000002-index.htm,https://www.sec.gov/Archives/edgar/data/1018724/000101872426000002/amzn-20251231xex991.htm
Amazon,AMZN,1018724,Consumer Discretionary,8-K,2026-04-29,2026-04-29,0001018724-26-000012,0001018724-26-000012:amzn-20260331xex991.htm,EX-99.1,https://www.sec.gov/Archives/edgar/data/1018724/000101872426000012/0001018724-26-000012-index.htm,https://www.sec.gov/Archives/edgar/data/1018724/000101872426000012/amzn-20260331xex991.htm
Amazon,AMZN,1018724,Consumer Discretionary,10-K,2025-02-07,2024-12-31,0001018724-25-000004,0001018724-25-000004:amzn-20241231.htm,10-K,https://www.sec.gov/Archives/edgar/data/1018724/000101872425000004/0001018724-25-000004-index.htm,https://www.sec.gov/Archives/edgar/data/1018724/000101872425000004/amzn-20241231.htm
Amcor,AMCR,1748790,Materials,8-K,2025-10-09,2025-10-08,0001104659-25-098378,0001104659-25-098378:tm2528183d1_ex99-1.htm,EX-99.1,https://www.sec.gov/Archives/edgar/data/1748790/000110465925098378/0001104659-25-098378-index.htm,https://www.sec.gov/Archives/edgar/data/1748790/000110465925098378/tm2528183d1_ex99-1.htm
Amcor,AMCR,1748790,Materials,8-K,2025-10-09,2025-10-08,0001104659-25-098378,0001104659-25-098378:tm2528183d1_8k.htm,8-K,https://www.sec.gov/Archives/edgar/data/1748790/000110465925098378/0001104659-25-098378-index.htm,https://www.sec.gov/Archives/edgar/data/1748790/000110465925098378/tm2528183d1_8k.htm
Amcor,AMCR,1748790,Materials,8-K,2025-08-14,2025-08-14,0001748790-25-000021,0001748790-25-000021:exhibit992.htm,EX-99.2,https://www.sec.gov/Archives/edgar/data/1748790/000174879025000021/0001748790-25-000021-index.htm,https://www.sec.gov/Archives/edgar/data/1748790/000174879025000021/exhibit992.htm
Amcor,AMCR,1748790,Materials,10-Q,2025-11-06,2025-09-30,0001748790-25-000036,0001748790-25-000036:amcr-20250930.htm,10-Q,https://www.sec.gov/Archives/edgar/data/1748790/000174879025000036/0001748790-25-000036-index.htm,https://www.sec.gov/Archives/edgar/data/1748790/000174879025000036/amcr-20250930.htm
Amcor,AMCR,1748790,Materials,8-K,2025-11-05,2025-11-05,0001748790-25-000034,0001748790-25-000034:exhibit991q12026.htm,EX-99.1,https://www.sec.gov/Archives/edgar/data/1748790/000174879025000034/0001748790-25-000034-index.htm,https://www.sec.gov/Archives/edgar/data/1748790/000174879025000034/exhibit991q12026.htm
Amcor,AMCR,1748790,Materials,8-K,2026-02-03,2026-02-03,0001748790-26-000004,0001748790-26-000004:exhibit991q22026.htm,EX-99.1,https://www.sec.gov/Archives/edgar/data/1748790/000174879026000004/0001748790-26-000004-index.htm,https://www.sec.gov/Archives/edgar/data/1748790/000174879026000004/exhibit991q22026.htm
Amcor,AMCR,1748790,Materials,8-K,2026-05-06,2026-05-06,0001748790-26-000014,0001748790-26-000014:exhibit991q32026.htm,EX-99.1,https://www.sec.gov/Archives/edgar/data/1748790/000174879026000014/0001748790-26-000014-index.htm,https://www.sec.gov/Archives/edgar/data/1748790/000174879026000014/exhibit991q32026.htm
Amcor,AMCR,1748790,Materials,10-Q,2026-05-07,2026-03-31,0001748790-26-000016,0001748790-26-000016:amcr-20260331.htm,10-Q,https://www.sec.gov/Archives/edgar/data/1748790/000174879026000016/0001748790-26-000016-index.htm,https://www.sec.gov/Archives/edgar/data/1748790/000174879026000016/amcr-20260331.htm
Amcor,AMCR,1748790,Materials,10-Q,2026-02-04,2025-12-31,0001748790-26-000006,0001748790-26-000006:amcr-20251231.htm,10-Q,https://www.sec.gov/Archives/edgar/data/1748790/000174879026000006/0001748790-26-000006-index.htm,https://www.sec.gov/Archives/edgar/data/1748790/000174879026000006/amcr-20251231.htm
Amcor,AMCR,1748790,Materials,8-K,2025-08-14,2025-08-14,0001748790-25-000021,0001748790-25-000021:amcor4q2025ex991-june302025.htm,EX-99.1,https://www.sec.gov/Archives/edgar/data/1748790/000174879025000021/0001748790-25-000021-index.htm,https://www.sec.gov/Archives/edgar/data/1748790/000174879025000021/amcor4q2025ex991-june302025.htm
Amcor,AMCR,1748790,Materials,10-K,2025-08-15,2025-06-30,0001748790-25-000023,0001748790-25-000023:amcr-20250630.htm,10-K,https://www.sec.gov/Archives/edgar/data/1748790/000174879025000023/0001748790-25-000023-index.htm,https://www.sec.gov/Archives/edgar/data/1748790/000174879025000023/amcr-20250630.htm
Amcor,AMCR,1748790,Materials,10-Q,2025-05-01,2025-03-31,0001748790-25-000016,0001748790-25-000016:amcr-20250331.htm,10-Q,https://www.sec.gov/Archives/edgar/data/1748790/000174879025000016/0001748790-25-000016-index.htm,https://www.sec.gov/Archives/edgar/data/1748790/000174879025000016/amcr-20250331.htm
Ameren,AEE,1002910,Utilities,10-Q,2025-11-06,2025-09-30,0001002910-25-000129,0001002910-25-000129:aee-20250930.htm,10-Q,https://www.sec.gov/Archives/edgar/data/1002910/000100291025000129/0001002910-25-000129-index.htm,https://www.sec.gov/Archives/edgar/data/1002910/000100291025000129/aee-20250930.htm
Ameren,AEE,1002910,Utilities,10-Q,2025-08-04,2025-06-30,0001002910-25-000112,0001002910-25-000112:aee-20250630.htm,10-Q,https://www.sec.gov/Archives/edgar/data/1002910/000100291025000112/0001002910-25-000112-index.htm,https://www.sec.gov/Archives/edgar/data/1002910/000100291025000112/aee-20250630.htm
Ameren,AEE,1002910,Utilities,10-K,2026-02-18,2025-12-31,0001002910-26-000009,0001002910-26-000009:aee-20251231.htm,10-K,https://www.sec.gov/Archives/edgar/data/1002910/000100291026000009/0001002910-26-000009-index.htm,https://www.sec.gov/Archives/edgar/data/1002910/000100291026000009/aee-20251231.htm
Ameren,AEE,1002910,Utilities,10-K,2025-02-18,2024-12-31,0001002910-25-000055,0001002910-25-000055:aee-20241231.htm,10-K,https://www.sec.gov/Archives/edgar/data/1002910/000100291025000055/0001002910-25-000055-index.htm,https://www.sec.gov/Archives/edgar/data/1002910/000100291025000055/aee-20241231.htm
Ameren,AEE,1002910,Utilities,8-K,2025-11-24,2025-11-24,0001104659-25-115502,0001104659-25-115502:tm2532033d1_8k.htm,8-K,https://www.sec.gov/Archives/edgar/data/1002910/000110465925115502/0001104659-25-115502-index.htm,https://www.sec.gov/Archives/edgar/data/1002910/000110465925115502/tm2532033d1_8k.htm
Ameren,AEE,1002910,Utilities,10-Q,2025-05-05,2025-03-31,0001002910-25-000098,0001002910-25-000098:aee-20250331.htm,10-Q,https://www.sec.gov/Archives/edgar/data/1002910/000100291025000098/0001002910-25-000098-index.htm,https://www.sec.gov/Archives/edgar/data/1002910/000100291025000098/aee-20250331.htm
Ameren,AEE,1002910,Utilities,10-Q,2026-05-08,2026-03-31,0001002910-26-000015,0001002910-26-000015:aee-20260331.htm,10-Q,https://www.sec.gov/Archives/edgar/data/1002910/000100291026000015/0001002910-26-000015-index.htm,https://www.sec.gov/Archives/edgar/data/1002910/000100291026000015/aee-20260331.htm
Ameren,AEE,1002910,Utilities,8-K,2025-07-31,2025-07-31,0001002910-25-000109,0001002910-25-000109:q22025ex991earningsrelease.htm,EX-99.1,https://www.sec.gov/Archives/edgar/data/1002910/000100291025000109/0001002910-25-000109-index.htm,https://www.sec.gov/Archives/edgar/data/1002910/000100291025000109/q22025ex991earningsrelease.htm
Ameren,AEE,1002910,Utilities,8-K,2025-02-13,2025-02-13,0001002910-25-000052,0001002910-25-000052:q42024ex991earningsrelease.htm,EX-99.1,https://www.sec.gov/Archives/edgar/data/1002910/000100291025000052/0001002910-25-000052-index.htm,https://www.sec.gov/Archives/edgar/data/1002910/000100291025000052/q42024ex991earningsrelease.htm
Ameren,AEE,1002910,Utilities,8-K,2025-11-05,2025-11-05,0001002910-25-000127,0001002910-25-000127:q32025ex991earningsrelease.htm,EX-99.1,https://www.sec.gov/Archives/edgar/data/1002910/000100291025000127/0001002910-25-000127-index.htm,https://www.sec.gov/Archives/edgar/data/1002910/000100291025000127/q32025ex991earningsrelease.htm
American Electric Power,AEP,4904,Utilities,8-K,2025-05-06,2025-05-06,0000004904-25-000059,0000004904-25-000059:a1q20258kpressreleaseex991.htm,EX-99,https://www.sec.gov/Archives/edgar/data/4904/000000490425000059/0000004904-25-000059-index.htm,https://www.sec.gov/Archives/edgar/data/4904/000000490425000059/a1q20258kpressreleaseex991.htm
American Electric Power,AEP,4904,Utilities,8-K,2025-10-29,2025-10-29,0000004904-25-000169,0000004904-25-000169:a3q20258kpressreleaseex991.htm,EX-99,https://www.sec.gov/Archives/edgar/data/4904/000000490425000169/0000004904-25-000169-index.htm,https://www.sec.gov/Archives/edgar/data/4904/000000490425000169/a3q20258kpressreleaseex991.htm
American Electric Power,AEP,4904,Utilities,10-Q,2026-05-05,2026-03-31,0000004904-26-000034,0000004904-26-000034:aep-20260331.htm,10-Q,https://www.sec.gov/Archives/edgar/data/4904/000000490426000034/0000004904-26-000034-index.htm,https://www.sec.gov/Archives/edgar/data/4904/000000490426000034/aep-20260331.htm
American Electric Power,AEP,4904,Utilities,10-Q,2025-05-06,2025-03-31,0000004904-25-000061,0000004904-25-000061:aep-20250331.htm,10-Q,https://www.sec.gov/Archives/edgar/data/4904/000000490425000061/0000004904-25-000061-index.htm,https://www.sec.gov/Archives/edgar/data/4904/000000490425000061/aep-20250331.htm
American Electric Power,AEP,4904,Utilities,10-K,2026-02-12,2025-12-31,0000004904-26-000013,0000004904-26-000013:aep-20251231.htm,10-K,https://www.sec.gov/Archives/edgar/data/4904/000000490426000013/0000004904-26-000013-index.htm,https://www.sec.gov/Archives/edgar/data/4904/000000490426000013/aep-20251231.htm
American Electric Power,AEP,4904,Utilities,10-K,2025-02-13,2024-12-31,0000004904-25-000027,0000004904-25-000027:aep-20241231.htm,10-K,https://www.sec.gov/Archives/edgar/data/4904/000000490425000027/0000004904-25-000027-index.htm,https://www.sec.gov/Archives/edgar/data/4904/000000490425000027/aep-20241231.htm
American Electric Power,AEP,4904,Utilities,10-Q,2025-10-29,2025-09-30,0000004904-25-000171,0000004904-25-000171:aep-20250930.htm,10-Q,https://www.sec.gov/Archives/edgar/data/4904/000000490425000171/0000004904-25-000171-index.htm,https://www.sec.gov/Archives/edgar/data/4904/000000490425000171/aep-20250930.htm
American Electric Power,AEP,4904,Utilities,10-Q,2025-07-30,2025-06-30,0000004904-25-000141,0000004904-25-000141:aep-20250630.htm,10-Q,https://www.sec.gov/Archives/edgar/data/4904/000000490425000141/0000004904-25-000141-index.htm,https://www.sec.gov/Archives/edgar/data/4904/000000490425000141/aep-20250630.htm
American Express,AXP,4962,Financials,8-K,2025-04-17,2025-04-17,0000004962-25-000034,0000004962-25-000034:q125exhibit991.htm,EX-99.1,https://www.sec.gov/Archives/edgar/data/4962/000000496225000034/0000004962-25-000034-index.htm,https://www.sec.gov/Archives/edgar/data/4962/000000496225000034/q125exhibit991.htm
American Express,AXP,4962,Financials,8-K,2025-07-18,2025-07-18,0000004962-25-000082,0000004962-25-000082:q225exhibit991.htm,EX-99.1,https://www.sec.gov/Archives/edgar/data/4962/000000496225000082/0000004962-25-000082-index.htm,https://www.sec.gov/Archives/edgar/data/4962/000000496225000082/q225exhibit991.htm
American Express,AXP,4962,Financials,8-K,2025-04-17,2025-04-17,0000004962-25-000034,0000004962-25-000034:axp-20250417.htm,8-K,https://www.sec.gov/Archives/edgar/data/4962/000000496225000034/0000004962-25-000034-index.htm,https://www.sec.gov/Archives/edgar/data/4962/000000496225000034/axp-20250417.htm
American Express,AXP,4962,Financials,8-K,2025-07-18,2025-07-18,0000004962-25-000082,0000004962-25-000082:axp-20250718.htm,8-K,https://www.sec.gov/Archives/edgar/data/4962/000000496225000082/0000004962-25-000082-index.htm,https://www.sec.gov/Archives/edgar/data/4962/000000496225000082/axp-20250718.htm
American Express,AXP,4962,Financials,10-Q,2025-04-18,2025-03-31,0000004962-25-000045,0000004962-25-000045:axp-20250331.htm,10-Q,https://www.sec.gov/Archives/edgar/data/4962/000000496225000045/0000004962-25-000045-index.htm,https://www.sec.gov/Archives/edgar/data/4962/000000496225000045/axp-20250331.htm
American Express,AXP,4962,Financials,10-Q,2025-07-18,2025-06-30,0000004962-25-000083,0000004962-25-000083:axp-20250630.htm,10-Q,https://www.sec.gov/Archives/edgar/data/4962/000000496225000083/0000004962-25-000083-index.htm,https://www.sec.gov/Archives/edgar/data/4962/000000496225000083/axp-20250630.htm
American International Group,AIG,5272,Financials,10-K,2026-02-12,2025-12-31,0000005272-26-000023,0000005272-26-000023:aig-20251231.htm,10-K,https://www.sec.gov/Archives/edgar/data/5272/000000527226000023/0000005272-26-000023-index.htm,https://www.sec.gov/Archives/edgar/data/5272/000000527226000023/aig-20251231.htm
American International Group,AIG,5272,Financials,10-Q,2025-08-07,2025-06-30,0000005272-25-000081,0000005272-25-000081:aig-20250630.htm,10-Q,https://www.sec.gov/Archives/edgar/data/5272/000000527225000081/0000005272-25-000081-index.htm,https://www.sec.gov/Archives/edgar/data/5272/000000527225000081/aig-20250630.htm
American International Group,AIG,5272,Financials,10-Q,2025-11-05,2025-09-30,0000005272-25-000160,0000005272-25-000160:aig-20250930.htm,10-Q,https://www.sec.gov/Archives/edgar/data/5272/000000527225000160/0000005272-25-000160-index.htm,https://www.sec.gov/Archives/edgar/data/5272/000000527225000160/aig-20250930.htm
American International Group,AIG,5272,Financials,10-K,2025-02-13,2024-12-31,0000005272-25-000012,0000005272-25-000012:aig-20241231.htm,10-K,https://www.sec.gov/Archives/edgar/data/5272/000000527225000012/0000005272-25-000012-index.htm,https://www.sec.gov/Archives/edgar/data/5272/000000527225000012/aig-20241231.htm
American Tower,AMT,1053507,Real Estate,10-K,2026-02-24,2025-12-31,0001053507-26-000035,0001053507-26-000035:amt-20251231.htm,10-K,https://www.sec.gov/Archives/edgar/data/1053507/000105350726000035/0001053507-26-000035-index.htm,https://www.sec.gov/Archives/edgar/data/1053507/000105350726000035/amt-20251231.htm
American Tower,AMT,1053507,Real Estate,10-K,2025-02-25,2024-12-31,0001053507-25-000025,0001053507-25-000025:amt-20241231.htm,10-K,https://www.sec.gov/Archives/edgar/data/1053507/000105350725000025/0001053507-25-000025-index.htm,https://www.sec.gov/Archives/edgar/data/1053507/000105350725000025/amt-20241231.htm
American Water Works,AWK,1410636,Utilities,8-K,2026-03-10,2026-03-05,0001410636-26-000056,0001410636-26-000056:exhibit991-westvirginiapre.htm,EX-99.1,https://www.sec.gov/Archives/edgar/data/1410636/000141063626000056/0001410636-26-000056-index.htm,https://www.sec.gov/Archives/edgar/data/1410636/000141063626000056/exhibit991-westvirginiapre.htm
American Water Works,AWK,1410636,Utilities,8-K,2025-05-05,2025-05-05,0001410636-25-000090,0001410636-25-000090:exhibit991-pressreleaseofw.htm,EX-99.1,https://www.sec.gov/Archives/edgar/data/1410636/000141063625000090/0001410636-25-000090-index.htm,https://www.sec.gov/Archives/edgar/data/1410636/000141063625000090/exhibit991-pressreleaseofw.htm
American Water Works,AWK,1410636,Utilities,10-Q,2025-07-30,2025-06-30,0001410636-25-000150,0001410636-25-000150:awk-20250630.htm,10-Q,https://www.sec.gov/Archives/edgar/data/1410636/000141063625000150/0001410636-25-000150-index.htm,https://www.sec.gov/Archives/edgar/data/1410636/000141063625000150/awk-20250630.htm
American Water Works,AWK,1410636,Utilities,8-K,2025-10-29,2025-10-29,0001193125-25-256430,0001193125-25-256430:d938104dex992.htm,EX-99.2,https://www.sec.gov/Archives/edgar/data/1410636/000119312525256430/0001193125-25-256430-index.htm,https://www.sec.gov/Archives/edgar/data/1410636/000119312525256430/d938104dex992.htm
American Water Works,AWK,1410636,Utilities,10-K,2025-02-19,2024-12-31,0001410636-25-000022,0001410636-25-000022:awk-20241231.htm,10-K,https://www.sec.gov/Archives/edgar/data/1410636/000141063625000022/0001410636-25-000022-index.htm,https://www.sec.gov/Archives/edgar/data/1410636/000141063625000022/awk-20241231.htm
American Water Works,AWK,1410636,Utilities,10-Q,2026-04-29,2026-03-31,0001410636-26-000063,0001410636-26-000063:awk-20260331.htm,10-Q,https://www.sec.gov/Archives/edgar/data/1410636/000141063626000063/0001410636-26-000063-index.htm,https://www.sec.gov/Archives/edgar/data/1410636/000141063626000063/awk-20260331.htm
American Water Works,AWK,1410636,Utilities,10-K,2026-02-18,2025-12-31,0001410636-26-000034,0001410636-26-000034:awk-20251231.htm,10-K,https://www.sec.gov/Archives/edgar/data/1410636/000141063626000034/0001410636-26-000034-index.htm,https://www.sec.gov/Archives/edgar/data/1410636/000141063626000034/awk-20251231.htm
American Water Works,AWK,1410636,Utilities,8-K,2025-05-19,2025-05-19,0001193125-25-122469,0001193125-25-122469:d11172dex21.htm,EX-2.1,https://www.sec.gov/Archives/edgar/data/1410636/000119312525122469/0001193125-25-122469-index.htm,https://www.sec.gov/Archives/edgar/data/1410636/000119312525122469/d11172dex21.htm
Ametek,AME,1037868,Industrials,8-K,2025-05-01,2025-05-01,0001037868-25-000037,0001037868-25-000037:ametek8kexhibit9915125.htm,EX-99.1,https://www.sec.gov/Archives/edgar/data/1037868/000103786825000037/0001037868-25-000037-index.htm,https://www.sec.gov/Archives/edgar/data/1037868/000103786825000037/ametek8kexhibit9915125.htm
Ametek,AME,1037868,Industrials,10-Q,2026-04-30,2026-03-31,0001037868-26-000144,0001037868-26-000144:ame-20260331.htm,10-Q,https://www.sec.gov/Archives/edgar/data/1037868/000103786826000144/0001037868-26-000144-index.htm,https://www.sec.gov/Archives/edgar/data/1037868/000103786826000144/ame-20260331.htm
Ametek,AME,1037868,Industrials,10-Q,2025-10-30,2025-09-30,0001037868-25-000077,0001037868-25-000077:ame-20250930.htm,10-Q,https://www.sec.gov/Archives/edgar/data/1037868/000103786825000077/0001037868-25-000077-index.htm,https://www.sec.gov/Archives/edgar/data/1037868/000103786825000077/ame-20250930.htm
Ametek,AME,1037868,Industrials,10-K,2026-02-17,2025-12-31,0001037868-26-000016,0001037868-26-000016:ame-20251231.htm,10-K,https://www.sec.gov/Archives/edgar/data/1037868/000103786826000016/0001037868-26-000016-index.htm,https://www.sec.gov/Archives/edgar/data/1037868/000103786826000016/ame-20251231.htm
Amgen,AMGN,318154,Health Care,10-Q,2025-08-06,2025-06-30,0000318154-25-000056,0000318154-25-000056:amgn-20250630.htm,10-Q,https://www.sec.gov/Archives/edgar/data/318154/000031815425000056/0000318154-25-000056-index.htm,https://www.sec.gov/Archives/edgar/data/318154/000031815425000056/amgn-20250630.htm
Amgen,AMGN,318154,Health Care,10-Q,2025-11-05,2025-09-30,0000318154-25-000072,0000318154-25-000072:amgn-20250930.htm,10-Q,https://www.sec.gov/Archives/edgar/data/318154/000031815425000072/0000318154-25-000072-index.htm,https://www.sec.gov/Archives/edgar/data/318154/000031815425000072/amgn-20250930.htm
Amgen,AMGN,318154,Health Care,10-Q,2025-05-02,2025-03-31,0000318154-25-000020,0000318154-25-000020:amgn-20250331.htm,10-Q,https://www.sec.gov/Archives/edgar/data/318154/000031815425000020/0000318154-25-000020-index.htm,https://www.sec.gov/Archives/edgar/data/318154/000031815425000020/amgn-20250331.htm
Amgen,AMGN,318154,Health Care,10-K,2026-02-13,2025-12-31,0000318154-26-000010,0000318154-26-000010:amgn-20251231.htm,10-K,https://www.sec.gov/Archives/edgar/data/318154/000031815426000010/0000318154-26-000010-index.htm,https://www.sec.gov/Archives/edgar/data/318154/000031815426000010/amgn-20251231.htm
Amgen,AMGN,318154,Health Care,10-Q,2026-05-01,2026-03-31,0000318154-26-000057,0000318154-26-000057:amgn-20260331.htm,10-Q,https://www.sec.gov/Archives/edgar/data/318154/000031815426000057/0000318154-26-000057-index.htm,https://www.sec.gov/Archives/edgar/data/318154/000031815426000057/amgn-20260331.htm
Amphenol,APH,820313,Information Technology,10-K,2025-02-07,2024-12-31,0001558370-25-000714,0001558370-25-000714:aph-20241231x10k.htm,10-K,https://www.sec.gov/Archives/edgar/data/820313/000155837025000714/0001558370-25-000714-index.htm,https://www.sec.gov/Archives/edgar/data/820313/000155837025000714/aph-20241231x10k.htm
Amphenol,APH,820313,Information Technology,10-K,2026-02-11,2025-12-31,0001104659-26-013549,0001104659-26-013549:aph-20251231x10k.htm,10-K,https://www.sec.gov/Archives/edgar/data/820313/000110465926013549/0001104659-26-013549-index.htm,https://www.sec.gov/Archives/edgar/data/820313/000110465926013549/aph-20251231x10k.htm
Apollo Global Management,APO,1858681,Financials,10-Q,2026-05-07,2026-03-31,0001858681-26-000026,0001858681-26-000026:apo-20260331.htm,10-Q,https://www.sec.gov/Archives/edgar/data/1858681/000185868126000026/0001858681-26-000026-index.htm,https://www.sec.gov/Archives/edgar/data/1858681/000185868126000026/apo-20260331.htm
Apollo Global Management,APO,1858681,Financials,10-Q,2025-05-07,2025-03-31,0001858681-25-000049,0001858681-25-000049:apo-20250331.htm,10-Q,https://www.sec.gov/Archives/edgar/data/1858681/000185868125000049/0001858681-25-000049-index.htm,https://www.sec.gov/Archives/edgar/data/1858681/000185868125000049/apo-20250331.htm
Apollo Global Management,APO,1858681,Financials,10-K,2026-02-25,2025-12-31,0001858681-26-000013,0001858681-26-000013:apo-20251231.htm,10-K,https://www.sec.gov/Archives/edgar/data/1858681/000185868126000013/0001858681-26-000013-index.htm,https://www.sec.gov/Archives/edgar/data/1858681/000185868126000013/apo-20251231.htm
Apollo Global Management,APO,1858681,Financials,10-Q,2025-08-07,2025-06-30,0001858681-25-000117,0001858681-25-000117:apo-20250630.htm,10-Q,https://www.sec.gov/Archives/edgar/data/1858681/000185868125000117/0001858681-25-000117-index.htm,https://www.sec.gov/Archives/edgar/data/1858681/000185868125000117/apo-20250630.htm
Apollo Global Management,APO,1858681,Financials,10-Q,2025-11-10,2025-09-30,0001858681-25-000139,0001858681-25-000139:apo-20250930.htm,10-Q,https://www.sec.gov/Archives/edgar/data/1858681/000185868125000139/0001858681-25-000139-index.htm,https://www.sec.gov/Archives/edgar/data/1858681/000185868125000139/apo-20250930.htm
Apollo Global Management,APO,1858681,Financials,10-K,2025-02-24,2024-12-31,0001858681-25-000034,0001858681-25-000034:apo-20241231.htm,10-K,https://www.sec.gov/Archives/edgar/data/1858681/000185868125000034/0001858681-25-000034-index.htm,https://www.sec.gov/Archives/edgar/data/1858681/000185868125000034/apo-20241231.htm
Apple Inc.,AAPL,320193,Information Technology,10-Q,2026-01-30,2025-12-27,0000320193-26-000006,0000320193-26-000006:aapl-20251227.htm,10-Q,https://www.sec.gov/Archives/edgar/data/320193/000032019326000006/0000320193-26-000006-index.htm,https://www.sec.gov/Archives/edgar/data/320193/000032019326000006/aapl-20251227.htm
Apple Inc.,AAPL,320193,Information Technology,10-K,2025-10-31,2025-09-27,0000320193-25-000079,0000320193-25-000079:aapl-20250927.htm,10-K,https://www.sec.gov/Archives/edgar/data/320193/000032019325000079/0000320193-25-000079-index.htm,https://www.sec.gov/Archives/edgar/data/320193/000032019325000079/aapl-20250927.htm
AppLovin,APP,1751008,Information Technology,10-Q,2025-08-06,2025-06-30,0001751008-25-000072,0001751008-25-000072:app-20250630.htm,10-Q,https://www.sec.gov/Archives/edgar/data/1751008/000175100825000072/0001751008-25-000072-index.htm,https://www.sec.gov/Archives/edgar/data/1751008/000175100825000072/app-20250630.htm
AppLovin,APP,1751008,Information Technology,10-Q,2025-11-05,2025-09-30,0001751008-25-000081,0001751008-25-000081:app-20250930.htm,10-Q,https://www.sec.gov/Archives/edgar/data/1751008/000175100825000081/0001751008-25-000081-index.htm,https://www.sec.gov/Archives/edgar/data/1751008/000175100825000081/app-20250930.htm
AppLovin,APP,1751008,Information Technology,10-Q,2025-05-07,2025-03-31,0001751008-25-000053,0001751008-25-000053:app-20250331.htm,10-Q,https://www.sec.gov/Archives/edgar/data/1751008/000175100825000053/0001751008-25-000053-index.htm,https://www.sec.gov/Archives/edgar/data/1751008/000175100825000053/app-20250331.htm
AppLovin,APP,1751008,Information Technology,10-Q,2026-05-06,2026-03-31,0001751008-26-000044,0001751008-26-000044:app-20260331.htm,10-Q,https://www.sec.gov/Archives/edgar/data/1751008/000175100826000044/0001751008-26-000044-index.htm,https://www.sec.gov/Archives/edgar/data/1751008/000175100826000044/app-20260331.htm
AppLovin,APP,1751008,Information Technology,10-K,2026-02-19,2025-12-31,0001751008-26-000010,0001751008-26-000010:app-20251231.htm,10-K,https://www.sec.gov/Archives/edgar/data/1751008/000175100826000010/0001751008-26-000010-index.htm,https://www.sec.gov/Archives/edgar/data/1751008/000175100826000010/app-20251231.htm
AppLovin,APP,1751008,Information Technology,10-K,2025-02-27,2024-12-31,0001751008-25-000018,0001751008-25-000018:app-20241231.htm,10-K,https://www.sec.gov/Archives/edgar/data/1751008/000175100825000018/0001751008-25-000018-index.htm,https://www.sec.gov/Archives/edgar/data/1751008/000175100825000018/app-20241231.htm
Aptiv,APTV,1521332,Consumer Discretionary,10-Q,2025-05-01,2025-03-31,0001521332-25-000027,0001521332-25-000027:aptv-20250331.htm,10-Q,https://www.sec.gov/Archives/edgar/data/1521332/000152133225000027/0001521332-25-000027-index.htm,https://www.sec.gov/Archives/edgar/data/1521332/000152133225000027/aptv-20250331.htm
Aptiv,APTV,1521332,Consumer Discretionary,10-Q,2026-05-05,2026-03-31,0001521332-26-000048,0001521332-26-000048:aptv-20260331.htm,10-Q,https://www.sec.gov/Archives/edgar/data/1521332/000152133226000048/0001521332-26-000048-index.htm,https://www.sec.gov/Archives/edgar/data/1521332/000152133226000048/aptv-20260331.htm
Aptiv,APTV,1521332,Consumer Discretionary,10-Q,2025-07-31,2025-06-30,0001521332-25-000040,0001521332-25-000040:aptv-20250630.htm,10-Q,https://www.sec.gov/Archives/edgar/data/1521332/000152133225000040/0001521332-25-000040-index.htm,https://www.sec.gov/Archives/edgar/data/1521332/000152133225000040/aptv-20250630.htm
Aptiv,APTV,1521332,Consumer Discretionary,10-Q,2025-10-30,2025-09-30,0001521332-25-000051,0001521332-25-000051:aptv-20250930.htm,10-Q,https://www.sec.gov/Archives/edgar/data/1521332/000152133225000051/0001521332-25-000051-index.htm,https://www.sec.gov/Archives/edgar/data/1521332/000152133225000051/aptv-20250930.htm
Aptiv,APTV,1521332,Consumer Discretionary,10-K,2026-02-06,2025-12-31,0001521332-26-000009,0001521332-26-000009:aptv-20251231.htm,10-K,https://www.sec.gov/Archives/edgar/data/1521332/000152133226000009/0001521332-26-000009-index.htm,https://www.sec.gov/Archives/edgar/data/1521332/000152133226000009/aptv-20251231.htm
Aptiv,APTV,1521332,Consumer Discretionary,8-K,2025-11-18,2025-11-18,0000950103-25-014869,0000950103-25-014869:dp237511_ex9901.htm,EX-99.1,https://www.sec.gov/Archives/edgar/data/1521332/000095010325014869/0000950103-25-014869-index.htm,https://www.sec.gov/Archives/edgar/data/1521332/000095010325014869/dp237511_ex9901.htm
Arch Capital Group,ACGL,947484,Financials,10-K,2026-02-26,2025-12-31,0000947484-26-000017,0000947484-26-000017:acgl-20251231.htm,10-K,https://www.sec.gov/Archives/edgar/data/947484/000094748426000017/0000947484-26-000017-index.htm,https://www.sec.gov/Archives/edgar/data/947484/000094748426000017/acgl-20251231.htm
Arch Capital Group,ACGL,947484,Financials,10-K,2025-02-27,2024-12-31,0000947484-25-000017,0000947484-25-000017:acgl-20241231.htm,10-K,https://www.sec.gov/Archives/edgar/data/947484/000094748425000017/0000947484-25-000017-index.htm,https://www.sec.gov/Archives/edgar/data/947484/000094748425000017/acgl-20241231.htm
Archer Daniels Midland,ADM,7084,Consumer Staples,8-K,2026-05-05,2026-05-05,0000007084-26-000021,0000007084-26-000021:adm-ex991_20260331xq1.htm,EX-99.1,https://www.sec.gov/Archives/edgar/data/7084/000000708426000021/0000007084-26-000021-index.htm,https://www.sec.gov/Archives/edgar/data/7084/000000708426000021/adm-ex991_20260331xq1.htm
Archer Daniels Midland,ADM,7084,Consumer Staples,10-Q,2025-05-06,2025-03-31,0000007084-25-000022,0000007084-25-000022:adm-20250331.htm,10-Q,https://www.sec.gov/Archives/edgar/data/7084/000000708425000022/0000007084-25-000022-index.htm,https://www.sec.gov/Archives/edgar/data/7084/000000708425000022/adm-20250331.htm
Archer Daniels Midland,ADM,7084,Consumer Staples,10-Q,2026-05-05,2026-03-31,0000007084-26-000023,0000007084-26-000023:adm-20260331.htm,10-Q,https://www.sec.gov/Archives/edgar/data/7084/000000708426000023/0000007084-26-000023-index.htm,https://www.sec.gov/Archives/edgar/data/7084/000000708426000023/adm-20260331.htm
Archer Daniels Midland,ADM,7084,Consumer Staples,10-K,2026-02-17,2025-12-31,0000007084-26-000011,0000007084-26-000011:adm-20251231.htm,10-K,https://www.sec.gov/Archives/edgar/data/7084/000000708426000011/0000007084-26-000011-index.htm,https://www.sec.gov/Archives/edgar/data/7084/000000708426000011/adm-20251231.htm
Archer Daniels Midland,ADM,7084,Consumer Staples,10-K,2025-02-20,2024-12-31,0000007084-25-000011,0000007084-25-000011:adm-20241231.htm,10-K,https://www.sec.gov/Archives/edgar/data/7084/000000708425000011/0000007084-25-000011-index.htm,https://www.sec.gov/Archives/edgar/data/7084/000000708425000011/adm-20241231.htm
Ares Management,ARES,1176948,Financials,10-K,2026-02-25,2025-12-31,0001628280-26-011413,0001628280-26-011413:ares-20251231.htm,10-K,https://www.sec.gov/Archives/edgar/data/1176948/000162828026011413/0001628280-26-011413-index.htm,https://www.sec.gov/Archives/edgar/data/1176948/000162828026011413/ares-20251231.htm
Arista Networks,ANET,1596532,Information Technology,10-Q,2025-05-07,2025-03-31,0001596532-25-000106,0001596532-25-000106:anet-20250331.htm,10-Q,https://www.sec.gov/Archives/edgar/data/1596532/000159653225000106/0001596532-25-000106-index.htm,https://www.sec.gov/Archives/edgar/data/1596532/000159653225000106/anet-20250331.htm
Arista Networks,ANET,1596532,Information Technology,10-Q,2025-08-06,2025-06-30,0001596532-25-000216,0001596532-25-000216:anet-20250630.htm,10-Q,https://www.sec.gov/Archives/edgar/data/1596532/000159653225000216/0001596532-25-000216-index.htm,https://www.sec.gov/Archives/edgar/data/1596532/000159653225000216/anet-20250630.htm
Arista Networks,ANET,1596532,Information Technology,10-Q,2025-11-05,2025-09-30,0001596532-25-000286,0001596532-25-000286:anet-20250930.htm,10-Q,https://www.sec.gov/Archives/edgar/data/1596532/000159653225000286/0001596532-25-000286-index.htm,https://www.sec.gov/Archives/edgar/data/1596532/000159653225000286/anet-20250930.htm
Arista Networks,ANET,1596532,Information Technology,10-Q,2026-05-06,2026-03-31,0001596532-26-000078,0001596532-26-000078:anet-20260331.htm,10-Q,https://www.sec.gov/Archives/edgar/data/1596532/000159653226000078/0001596532-26-000078-index.htm,https://www.sec.gov/Archives/edgar/data/1596532/000159653226000078/anet-20260331.htm
Arista Networks,ANET,1596532,Information Technology,10-K,2025-02-19,2024-12-31,0001596532-25-000028,0001596532-25-000028:anet-20241231.htm,10-K,https://www.sec.gov/Archives/edgar/data/1596532/000159653225000028/0001596532-25-000028-index.htm,https://www.sec.gov/Archives/edgar/data/1596532/000159653225000028/anet-20241231.htm
Arista Networks,ANET,1596532,Information Technology,10-K,2026-02-17,2025-12-31,0001596532-26-000013,0001596532-26-000013:anet-20251231.htm,10-K,https://www.sec.gov/Archives/edgar/data/1596532/000159653226000013/0001596532-26-000013-index.htm,https://www.sec.gov/Archives/edgar/data/1596532/000159653226000013/anet-20251231.htm
Arista Networks,ANET,1596532,Information Technology,8-K,2025-02-18,2025-02-18,0001596532-25-000018,0001596532-25-000018:ex991q424-earningsrelease.htm,EX-99.1,https://www.sec.gov/Archives/edgar/data/1596532/000159653225000018/0001596532-25-000018-index.htm,https://www.sec.gov/Archives/edgar/data/1596532/000159653225000018/ex991q424-earningsrelease.htm
Assurant,AIZ,1267238,Financials,8-K,2026-05-05,2026-05-05,0001267238-26-000024,0001267238-26-000024:aiz-20260331exx991pressrel.htm,EX-99.1,https://www.sec.gov/Archives/edgar/data/1267238/000126723826000024/0001267238-26-000024-index.htm,https://www.sec.gov/Archives/edgar/data/1267238/000126723826000024/aiz-20260331exx991pressrel.htm
Assurant,AIZ,1267238,Financials,8-K,2025-08-05,2025-08-05,0001267238-25-000042,0001267238-25-000042:aiz-20250630exx991pressrel.htm,EX-99.1,https://www.sec.gov/Archives/edgar/data/1267238/000126723825000042/0001267238-25-000042-index.htm,https://www.sec.gov/Archives/edgar/data/1267238/000126723825000042/aiz-20250630exx991pressrel.htm
Assurant,AIZ,1267238,Financials,8-K,2025-11-04,2025-11-04,0001267238-25-000049,0001267238-25-000049:aiz-20250930exx991pressrel.htm,EX-99.1,https://www.sec.gov/Archives/edgar/data/1267238/000126723825000049/0001267238-25-000049-index.htm,https://www.sec.gov/Archives/edgar/data/1267238/000126723825000049/aiz-20250930exx991pressrel.htm
Assurant,AIZ,1267238,Financials,8-K,2025-05-06,2025-05-06,0001267238-25-000024,0001267238-25-000024:aiz-20250331exx991pressrel.htm,EX-99.1,https://www.sec.gov/Archives/edgar/data/1267238/000126723825000024/0001267238-25-000024-index.htm,https://www.sec.gov/Archives/edgar/data/1267238/000126723825000024/aiz-20250331exx991pressrel.htm
Assurant,AIZ,1267238,Financials,8-K,2026-02-10,2026-02-10,0001267238-26-000006,0001267238-26-000006:aiz-20251231exx991pressrel.htm,EX-99.1,https://www.sec.gov/Archives/edgar/data/1267238/000126723826000006/0001267238-26-000006-index.htm,https://www.sec.gov/Archives/edgar/data/1267238/000126723826000006/aiz-20251231exx991pressrel.htm
Assurant,AIZ,1267238,Financials,10-Q,2025-05-08,2025-03-31,0001267238-25-000026,0001267238-25-000026:aiz-20250331.htm,10-Q,https://www.sec.gov/Archives/edgar/data/1267238/000126723825000026/0001267238-25-000026-index.htm,https://www.sec.gov/Archives/edgar/data/1267238/000126723825000026/aiz-20250331.htm
Assurant,AIZ,1267238,Financials,10-Q,2025-11-06,2025-09-30,0001267238-25-000051,0001267238-25-000051:aiz-20250930.htm,10-Q,https://www.sec.gov/Archives/edgar/data/1267238/000126723825000051/0001267238-25-000051-index.htm,https://www.sec.gov/Archives/edgar/data/1267238/000126723825000051/aiz-20250930.htm
Assurant,AIZ,1267238,Financials,10-Q,2025-08-07,2025-06-30,0001267238-25-000045,0001267238-25-000045:aiz-20250630.htm,10-Q,https://www.sec.gov/Archives/edgar/data/1267238/000126723825000045/0001267238-25-000045-index.htm,https://www.sec.gov/Archives/edgar/data/1267238/000126723825000045/aiz-20250630.htm
Assurant,AIZ,1267238,Financials,10-Q,2026-05-07,2026-03-31,0001267238-26-000027,0001267238-26-000027:aiz-20260331.htm,10-Q,https://www.sec.gov/Archives/edgar/data/1267238/000126723826000027/0001267238-26-000027-index.htm,https://www.sec.gov/Archives/edgar/data/1267238/000126723826000027/aiz-20260331.htm
Assurant,AIZ,1267238,Financials,10-K,2026-02-19,2025-12-31,0001267238-26-000010,0001267238-26-000010:aiz-20251231.htm,10-K,https://www.sec.gov/Archives/edgar/data/1267238/000126723826000010/0001267238-26-000010-index.htm,https://www.sec.gov/Archives/edgar/data/1267238/000126723826000010/aiz-20251231.htm
Assurant,AIZ,1267238,Financials,10-K,2025-02-20,2024-12-31,0001267238-25-000008,0001267238-25-000008:aiz-20241231.htm,10-K,https://www.sec.gov/Archives/edgar/data/1267238/000126723825000008/0001267238-25-000008-index.htm,https://www.sec.gov/Archives/edgar/data/1267238/000126723825000008/aiz-20241231.htm
Atmos Energy,ATO,731802,Utilities,10-Q,2026-02-03,2025-12-31,0000731802-26-000013,0000731802-26-000013:ato-20251231.htm,10-Q,https://www.sec.gov/Archives/edgar/data/731802/000073180226000013/0000731802-26-000013-index.htm,https://www.sec.gov/Archives/edgar/data/731802/000073180226000013/ato-20251231.htm
Atmos Energy,ATO,731802,Utilities,10-Q,2026-05-06,2026-03-31,0000731802-26-000089,0000731802-26-000089:ato-20260331.htm,10-Q,https://www.sec.gov/Archives/edgar/data/731802/000073180226000089/0000731802-26-000089-index.htm,https://www.sec.gov/Archives/edgar/data/731802/000073180226000089/ato-20260331.htm
Atmos Energy,ATO,731802,Utilities,10-Q,2025-05-07,2025-03-31,0000731802-25-000017,0000731802-25-000017:ato-20250331.htm,10-Q,https://www.sec.gov/Archives/edgar/data/731802/000073180225000017/0000731802-25-000017-index.htm,https://www.sec.gov/Archives/edgar/data/731802/000073180225000017/ato-20250331.htm
Atmos Energy,ATO,731802,Utilities,10-Q,2025-08-06,2025-06-30,0000731802-25-000026,0000731802-25-000026:ato-20250630.htm,10-Q,https://www.sec.gov/Archives/edgar/data/731802/000073180225000026/0000731802-25-000026-index.htm,https://www.sec.gov/Archives/edgar/data/731802/000073180225000026/ato-20250630.htm
Atmos Energy,ATO,731802,Utilities,10-Q,2025-02-04,2024-12-31,0000731802-25-000006,0000731802-25-000006:ato-20241231.htm,10-Q,https://www.sec.gov/Archives/edgar/data/731802/000073180225000006/0000731802-25-000006-index.htm,https://www.sec.gov/Archives/edgar/data/731802/000073180225000006/ato-20241231.htm
Atmos Energy,ATO,731802,Utilities,10-K,2025-11-14,2025-09-30,0000731802-25-000056,0000731802-25-000056:ato-20250930.htm,10-K,https://www.sec.gov/Archives/edgar/data/731802/000073180225000056/0000731802-25-000056-index.htm,https://www.sec.gov/Archives/edgar/data/731802/000073180225000056/ato-20250930.htm
Autodesk,ADSK,769397,Information Technology,10-Q,2025-05-29,2025-04-30,0000769397-25-000071,0000769397-25-000071:adsk-20250430.htm,10-Q,https://www.sec.gov/Archives/edgar/data/769397/000076939725000071/0000769397-25-000071-index.htm,https://www.sec.gov/Archives/edgar/data/769397/000076939725000071/adsk-20250430.htm
Autodesk,ADSK,769397,Information Technology,10-Q,2025-09-02,2025-07-31,0000769397-25-000117,0000769397-25-000117:adsk-20250731.htm,10-Q,https://www.sec.gov/Archives/edgar/data/769397/000076939725000117/0000769397-25-000117-index.htm,https://www.sec.gov/Archives/edgar/data/769397/000076939725000117/adsk-20250731.htm
Autodesk,ADSK,769397,Information Technology,10-Q,2025-11-26,2025-10-31,0000769397-25-000129,0000769397-25-000129:adsk-20251031.htm,10-Q,https://www.sec.gov/Archives/edgar/data/769397/000076939725000129/0000769397-25-000129-index.htm,https://www.sec.gov/Archives/edgar/data/769397/000076939725000129/adsk-20251031.htm
Autodesk,ADSK,769397,Information Technology,10-Q,2026-05-29,2026-04-30,0000769397-26-000044,0000769397-26-000044:adsk-20260430.htm,10-Q,https://www.sec.gov/Archives/edgar/data/769397/000076939726000044/0000769397-26-000044-index.htm,https://www.sec.gov/Archives/edgar/data/769397/000076939726000044/adsk-20260430.htm
Autodesk,ADSK,769397,Information Technology,10-K,2026-03-03,2026-01-31,0000769397-26-000015,0000769397-26-000015:adsk-20260131.htm,10-K,https://www.sec.gov/Archives/edgar/data/769397/000076939726000015/0000769397-26-000015-index.htm,https://www.sec.gov/Archives/edgar/data/769397/000076939726000015/adsk-20260131.htm
Autodesk,ADSK,769397,Information Technology,10-K,2025-03-06,2025-01-31,0000769397-25-000019,0000769397-25-000019:adsk-20250131.htm,10-K,https://www.sec.gov/Archives/edgar/data/769397/000076939725000019/0000769397-25-000019-index.htm,https://www.sec.gov/Archives/edgar/data/769397/000076939725000019/adsk-20250131.htm
Autodesk,ADSK,769397,Information Technology,8-K,2026-05-28,2026-05-28,0001213900-26-062125,0001213900-26-062125:ea029248301ex2-1.htm,EX-2.1,https://www.sec.gov/Archives/edgar/data/769397/000121390026062125/0001213900-26-062125-index.htm,https://www.sec.gov/Archives/edgar/data/769397/000121390026062125/ea029248301ex2-1.htm
AutoZone,AZO,866787,Consumer Discretionary,10-Q,2026-06-12,2026-05-09,0001104659-26-073525,0001104659-26-073525:azo-20260509x10q.htm,10-Q,https://www.sec.gov/Archives/edgar/data/866787/000110465926073525/0001104659-26-073525-index.htm,https://www.sec.gov/Archives/edgar/data/866787/000110465926073525/azo-20260509x10q.htm
AutoZone,AZO,866787,Consumer Discretionary,10-Q,2026-03-20,2026-02-14,0001104659-26-032757,0001104659-26-032757:azo-20260214x10q.htm,10-Q,https://www.sec.gov/Archives/edgar/data/866787/000110465926032757/0001104659-26-032757-index.htm,https://www.sec.gov/Archives/edgar/data/866787/000110465926032757/azo-20260214x10q.htm
Avery Dennison,AVY,8818,Materials,8-K,2025-07-22,2025-07-22,0001193125-25-162209,0001193125-25-162209:d83231dex992.htm,EX-99.2,https://www.sec.gov/Archives/edgar/data/8818/000119312525162209/0001193125-25-162209-index.htm,https://www.sec.gov/Archives/edgar/data/8818/000119312525162209/d83231dex992.htm
Avery Dennison,AVY,8818,Materials,8-K,2025-10-22,2025-10-22,0001193125-25-245839,0001193125-25-245839:d79220dex992.htm,EX-99.2,https://www.sec.gov/Archives/edgar/data/8818/000119312525245839/0001193125-25-245839-index.htm,https://www.sec.gov/Archives/edgar/data/8818/000119312525245839/d79220dex992.htm
Avery Dennison,AVY,8818,Materials,8-K,2026-02-04,2026-02-04,0000008818-26-000004,0000008818-26-000004:ex9928k2-4x26.htm,EX-99.2,https://www.sec.gov/Archives/edgar/data/8818/000000881826000004/0000008818-26-000004-index.htm,https://www.sec.gov/Archives/edgar/data/8818/000000881826000004/ex9928k2-4x26.htm
Avery Dennison,AVY,8818,Materials,8-K,2025-04-23,2025-04-23,0001193125-25-089998,0001193125-25-089998:d917859dex992.htm,EX-99.2,https://www.sec.gov/Archives/edgar/data/8818/000119312525089998/0001193125-25-089998-index.htm,https://www.sec.gov/Archives/edgar/data/8818/000119312525089998/d917859dex992.htm
Avery Dennison,AVY,8818,Materials,8-K,2026-02-04,2026-02-04,0000008818-26-000004,0000008818-26-000004:ex9918k2-4x26.htm,EX-99.1,https://www.sec.gov/Archives/edgar/data/8818/000000881826000004/0000008818-26-000004-index.htm,https://www.sec.gov/Archives/edgar/data/8818/000000881826000004/ex9918k2-4x26.htm
Avery Dennison,AVY,8818,Materials,10-Q,2026-05-05,2026-03-31,0000008818-26-000109,0000008818-26-000109:avy-20260331.htm,10-Q,https://www.sec.gov/Archives/edgar/data/8818/000000881826000109/0000008818-26-000109-index.htm,https://www.sec.gov/Archives/edgar/data/8818/000000881826000109/avy-20260331.htm
Avery Dennison,AVY,8818,Materials,10-Q,2025-07-29,2025-06-28,0000008818-25-000040,0000008818-25-000040:avy-20250628.htm,10-Q,https://www.sec.gov/Archives/edgar/data/8818/000000881825000040/0000008818-25-000040-index.htm,https://www.sec.gov/Archives/edgar/data/8818/000000881825000040/avy-20250628.htm
Avery Dennison,AVY,8818,Materials,10-Q,2025-10-28,2025-09-27,0000008818-25-000049,0000008818-25-000049:avy-20250927.htm,10-Q,https://www.sec.gov/Archives/edgar/data/8818/000000881825000049/0000008818-25-000049-index.htm,https://www.sec.gov/Archives/edgar/data/8818/000000881825000049/avy-20250927.htm
Avery Dennison,AVY,8818,Materials,10-K,2026-02-25,2025-12-31,0000008818-26-000015,0000008818-26-000015:avy-20251231.htm,10-K,https://www.sec.gov/Archives/edgar/data/8818/000000881826000015/0000008818-26-000015-index.htm,https://www.sec.gov/Archives/edgar/data/8818/000000881826000015/avy-20251231.htm
Avery Dennison,AVY,8818,Materials,10-Q,2025-04-29,2025-03-29,0000008818-25-000012,0000008818-25-000012:avy-20250329.htm,10-Q,https://www.sec.gov/Archives/edgar/data/8818/000000881825000012/0000008818-25-000012-index.htm,https://www.sec.gov/Archives/edgar/data/8818/000000881825000012/avy-20250329.htm
Avery Dennison,AVY,8818,Materials,10-K,2025-02-26,2024-12-28,0000008818-25-000003,0000008818-25-000003:avy-20241228.htm,10-K,https://www.sec.gov/Archives/edgar/data/8818/000000881825000003/0000008818-25-000003-index.htm,https://www.sec.gov/Archives/edgar/data/8818/000000881825000003/avy-20241228.htm
Axon Enterprise,AXON,1069183,Industrials,10-Q,2025-05-07,2025-03-31,0001069183-25-000077,0001069183-25-000077:axon-20250331.htm,10-Q,https://www.sec.gov/Archives/edgar/data/1069183/000106918325000077/0001069183-25-000077-index.htm,https://www.sec.gov/Archives/edgar/data/1069183/000106918325000077/axon-20250331.htm
Axon Enterprise,AXON,1069183,Industrials,10-Q,2025-11-05,2025-09-30,0001628280-25-049143,0001628280-25-049143:axon-20250930.htm,10-Q,https://www.sec.gov/Archives/edgar/data/1069183/000162828025049143/0001628280-25-049143-index.htm,https://www.sec.gov/Archives/edgar/data/1069183/000162828025049143/axon-20250930.htm
Axon Enterprise,AXON,1069183,Industrials,10-Q,2025-08-05,2025-06-30,0001069183-25-000181,0001069183-25-000181:axon-20250630.htm,10-Q,https://www.sec.gov/Archives/edgar/data/1069183/000106918325000181/0001069183-25-000181-index.htm,https://www.sec.gov/Archives/edgar/data/1069183/000106918325000181/axon-20250630.htm
Axon Enterprise,AXON,1069183,Industrials,10-K,2026-02-25,2025-12-31,0001628280-26-011360,0001628280-26-011360:axon-20251231.htm,10-K,https://www.sec.gov/Archives/edgar/data/1069183/000162828026011360/0001628280-26-011360-index.htm,https://www.sec.gov/Archives/edgar/data/1069183/000162828026011360/axon-20251231.htm
Baker Hughes,BKR,1701605,Energy,10-K,2026-02-05,2025-12-31,0001701605-26-000007,0001701605-26-000007:bkr-20251231.htm,10-K,https://www.sec.gov/Archives/edgar/data/1701605/000170160526000007/0001701605-26-000007-index.htm,https://www.sec.gov/Archives/edgar/data/1701605/000170160526000007/bkr-20251231.htm
Ball Corporation,BALL,9389,Materials,10-Q,2025-11-04,2025-09-30,0001104659-25-106108,0001104659-25-106108:ball-20250930x10q.htm,10-Q,https://www.sec.gov/Archives/edgar/data/9389/000110465925106108/0001104659-25-106108-index.htm,https://www.sec.gov/Archives/edgar/data/9389/000110465925106108/ball-20250930x10q.htm
Ball Corporation,BALL,9389,Materials,10-Q,2026-05-05,2026-03-31,0001104659-26-055460,0001104659-26-055460:ball-20260331x10q.htm,10-Q,https://www.sec.gov/Archives/edgar/data/9389/000110465926055460/0001104659-26-055460-index.htm,https://www.sec.gov/Archives/edgar/data/9389/000110465926055460/ball-20260331x10q.htm
Ball Corporation,BALL,9389,Materials,10-K,2026-02-19,2025-12-31,0001104659-26-017410,0001104659-26-017410:ball-20251231x10k.htm,10-K,https://www.sec.gov/Archives/edgar/data/9389/000110465926017410/0001104659-26-017410-index.htm,https://www.sec.gov/Archives/edgar/data/9389/000110465926017410/ball-20251231x10k.htm
Bank of America,BAC,70858,Financials,10-K,2025-02-25,2024-12-31,0000070858-25-000139,0000070858-25-000139:bac-20241231.htm,10-K,https://www.sec.gov/Archives/edgar/data/70858/000007085825000139/0000070858-25-000139-index.htm,https://www.sec.gov/Archives/edgar/data/70858/000007085825000139/bac-20241231.htm
Bank of America,BAC,70858,Financials,10-K,2026-02-25,2025-12-31,0000070858-26-000157,0000070858-26-000157:bac-20251231.htm,10-K,https://www.sec.gov/Archives/edgar/data/70858/000007085826000157/0000070858-26-000157-index.htm,https://www.sec.gov/Archives/edgar/data/70858/000007085826000157/bac-20251231.htm
Baxter International,BAX,10456,Health Care,10-Q,2026-04-30,2026-03-31,0001628280-26-028962,0001628280-26-028962:bax-20260331.htm,10-Q,https://www.sec.gov/Archives/edgar/data/10456/000162828026028962/0001628280-26-028962-index.htm,https://www.sec.gov/Archives/edgar/data/10456/000162828026028962/bax-20260331.htm
Baxter International,BAX,10456,Health Care,10-K,2025-02-21,2024-12-31,0001628280-25-007201,0001628280-25-007201:bax-20241231.htm,10-K,https://www.sec.gov/Archives/edgar/data/10456/000162828025007201/0001628280-25-007201-index.htm,https://www.sec.gov/Archives/edgar/data/10456/000162828025007201/bax-20241231.htm
Baxter International,BAX,10456,Health Care,10-Q,2025-08-05,2025-06-30,0001628280-25-037877,0001628280-25-037877:bax-20250630.htm,10-Q,https://www.sec.gov/Archives/edgar/data/10456/000162828025037877/0001628280-25-037877-index.htm,https://www.sec.gov/Archives/edgar/data/10456/000162828025037877/bax-20250630.htm
Baxter International,BAX,10456,Health Care,10-Q,2025-11-04,2025-09-30,0001628280-25-048897,0001628280-25-048897:bax-20250930.htm,10-Q,https://www.sec.gov/Archives/edgar/data/10456/000162828025048897/0001628280-25-048897-index.htm,https://www.sec.gov/Archives/edgar/data/10456/000162828025048897/bax-20250930.htm
Baxter International,BAX,10456,Health Care,10-K,2026-02-12,2025-12-31,0001628280-26-007733,0001628280-26-007733:bax-20251231.htm,10-K,https://www.sec.gov/Archives/edgar/data/10456/000162828026007733/0001628280-26-007733-index.htm,https://www.sec.gov/Archives/edgar/data/10456/000162828026007733/bax-20251231.htm
Becton Dickinson,BDX,10795,Health Care,8-K,2025-05-01,2025-05-01,0000010795-25-000036,0000010795-25-000036:ex99103312025.htm,EX-99.1,https://www.sec.gov/Archives/edgar/data/10795/000001079525000036/0000010795-25-000036-index.htm,https://www.sec.gov/Archives/edgar/data/10795/000001079525000036/ex99103312025.htm
Becton Dickinson,BDX,10795,Health Care,8-K,2026-02-09,2026-02-09,0001628280-26-006182,0001628280-26-006182:ex99112312025.htm,EX-99.1,https://www.sec.gov/Archives/edgar/data/10795/000162828026006182/0001628280-26-006182-index.htm,https://www.sec.gov/Archives/edgar/data/10795/000162828026006182/ex99112312025.htm
Becton Dickinson,BDX,10795,Health Care,8-K,2026-05-07,2026-05-07,0001628280-26-031638,0001628280-26-031638:ex9913312026.htm,EX-99.01,https://www.sec.gov/Archives/edgar/data/10795/000162828026031638/0001628280-26-031638-index.htm,https://www.sec.gov/Archives/edgar/data/10795/000162828026031638/ex9913312026.htm
Becton Dickinson,BDX,10795,Health Care,10-Q,2026-02-09,2025-12-31,0000010795-26-000005,0000010795-26-000005:bdx-20251231.htm,10-Q,https://www.sec.gov/Archives/edgar/data/10795/000001079526000005/0000010795-26-000005-index.htm,https://www.sec.gov/Archives/edgar/data/10795/000001079526000005/bdx-20251231.htm
Becton Dickinson,BDX,10795,Health Care,8-K,2025-11-06,2025-11-06,0001628280-25-049835,0001628280-25-049835:ex99109302025.htm,EX-99.01,https://www.sec.gov/Archives/edgar/data/10795/000162828025049835/0001628280-25-049835-index.htm,https://www.sec.gov/Archives/edgar/data/10795/000162828025049835/ex99109302025.htm
Becton Dickinson,BDX,10795,Health Care,8-K,2025-08-07,2025-08-07,0000010795-25-000069,0000010795-25-000069:ex99106302025.htm,EX-99.1,https://www.sec.gov/Archives/edgar/data/10795/000001079525000069/0000010795-25-000069-index.htm,https://www.sec.gov/Archives/edgar/data/10795/000001079525000069/ex99106302025.htm
Becton Dickinson,BDX,10795,Health Care,10-Q,2026-05-07,2026-03-31,0000010795-26-000026,0000010795-26-000026:bdx-20260331.htm,10-Q,https://www.sec.gov/Archives/edgar/data/10795/000001079526000026/0000010795-26-000026-index.htm,https://www.sec.gov/Archives/edgar/data/10795/000001079526000026/bdx-20260331.htm
Becton Dickinson,BDX,10795,Health Care,10-Q,2025-05-01,2025-03-31,0000010795-25-000039,0000010795-25-000039:bdx-20250331.htm,10-Q,https://www.sec.gov/Archives/edgar/data/10795/000001079525000039/0000010795-25-000039-index.htm,https://www.sec.gov/Archives/edgar/data/10795/000001079525000039/bdx-20250331.htm
Becton Dickinson,BDX,10795,Health Care,10-K,2025-11-25,2025-09-30,0000010795-25-000099,0000010795-25-000099:bdx-20250930.htm,10-K,https://www.sec.gov/Archives/edgar/data/10795/000001079525000099/0000010795-25-000099-index.htm,https://www.sec.gov/Archives/edgar/data/10795/000001079525000099/bdx-20250930.htm
Becton Dickinson,BDX,10795,Health Care,10-Q,2025-08-07,2025-06-30,0000010795-25-000072,0000010795-25-000072:bdx-20250630.htm,10-Q,https://www.sec.gov/Archives/edgar/data/10795/000001079525000072/0000010795-25-000072-index.htm,https://www.sec.gov/Archives/edgar/data/10795/000001079525000072/bdx-20250630.htm
Berkshire Hathaway,BRK.B,1067983,Financials,10-K,2026-03-02,2025-12-31,0001193125-26-083899,0001193125-26-083899:brka-20251231.htm,10-K,https://www.sec.gov/Archives/edgar/data/1067983/000119312526083899/0001193125-26-083899-index.htm,https://www.sec.gov/Archives/edgar/data/1067983/000119312526083899/brka-20251231.htm
Berkshire Hathaway,BRK.B,1067983,Financials,10-Q,2025-08-04,2025-06-30,0000950170-25-101578,0000950170-25-101578:brka-20250630.htm,10-Q,https://www.sec.gov/Archives/edgar/data/1067983/000095017025101578/0000950170-25-101578-index.htm,https://www.sec.gov/Archives/edgar/data/1067983/000095017025101578/brka-20250630.htm
Berkshire Hathaway,BRK.B,1067983,Financials,10-Q,2025-11-03,2025-09-30,0001193125-25-261548,0001193125-25-261548:brka-20250930.htm,10-Q,https://www.sec.gov/Archives/edgar/data/1067983/000119312525261548/0001193125-25-261548-index.htm,https://www.sec.gov/Archives/edgar/data/1067983/000119312525261548/brka-20250930.htm
Berkshire Hathaway,BRK.B,1067983,Financials,10-K,2025-02-24,2024-12-31,0000950170-25-025210,0000950170-25-025210:brka-20241231.htm,10-K,https://www.sec.gov/Archives/edgar/data/1067983/000095017025025210/0000950170-25-025210-index.htm,https://www.sec.gov/Archives/edgar/data/1067983/000095017025025210/brka-20241231.htm
Best Buy,BBY,764478,Consumer Discretionary,8-K,2026-06-22,2026-06-19,0000764478-26-000027,0000764478-26-000027:exhibit991newsrelease622.htm,EX-99.1,https://www.sec.gov/Archives/edgar/data/764478/000076447826000027/0000764478-26-000027-index.htm,https://www.sec.gov/Archives/edgar/data/764478/000076447826000027/exhibit991newsrelease622.htm
Best Buy,BBY,764478,Consumer Discretionary,8-K,2026-04-22,2026-04-19,0000764478-26-000012,0000764478-26-000012:exhibit991newsrelease422.htm,EX-99.1,https://www.sec.gov/Archives/edgar/data/764478/000076447826000012/0000764478-26-000012-index.htm,https://www.sec.gov/Archives/edgar/data/764478/000076447826000012/exhibit991newsrelease422.htm
Best Buy,BBY,764478,Consumer Discretionary,8-K,2025-08-28,2025-08-28,0000764478-25-000035,0000764478-25-000035:bby-fy26q2xexx99.htm,EX-99,https://www.sec.gov/Archives/edgar/data/764478/000076447825000035/0000764478-25-000035-index.htm,https://www.sec.gov/Archives/edgar/data/764478/000076447825000035/bby-fy26q2xexx99.htm
Best Buy,BBY,764478,Consumer Discretionary,8-K,2026-03-03,2026-03-03,0000764478-26-000005,0000764478-26-000005:bby-fy26q4xexx99.htm,EX-99,https://www.sec.gov/Archives/edgar/data/764478/000076447826000005/0000764478-26-000005-index.htm,https://www.sec.gov/Archives/edgar/data/764478/000076447826000005/bby-fy26q4xexx99.htm
Best Buy,BBY,764478,Consumer Discretionary,8-K,2026-05-28,2026-05-28,0000764478-26-000018,0000764478-26-000018:bby-fy27q1xexx991.htm,EX-99.1,https://www.sec.gov/Archives/edgar/data/764478/000076447826000018/0000764478-26-000018-index.htm,https://www.sec.gov/Archives/edgar/data/764478/000076447826000018/bby-fy27q1xexx991.htm
Best Buy,BBY,764478,Consumer Discretionary,10-Q,2026-06-05,2026-05-02,0000764478-26-000022,0000764478-26-000022:bby-20260502.htm,10-Q,https://www.sec.gov/Archives/edgar/data/764478/000076447826000022/0000764478-26-000022-index.htm,https://www.sec.gov/Archives/edgar/data/764478/000076447826000022/bby-20260502.htm
Best Buy,BBY,764478,Consumer Discretionary,10-K,2026-03-18,2026-01-31,0000764478-26-000009,0000764478-26-000009:bby-20260131.htm,10-K,https://www.sec.gov/Archives/edgar/data/764478/000076447826000009/0000764478-26-000009-index.htm,https://www.sec.gov/Archives/edgar/data/764478/000076447826000009/bby-20260131.htm
Bio-Techne,TECH,842023,Health Care,10-K,2025-08-22,2025-06-30,0001558370-25-011716,0001558370-25-011716:tech-20250630x10k.htm,10-K,https://www.sec.gov/Archives/edgar/data/842023/000155837025011716/0001558370-25-011716-index.htm,https://www.sec.gov/Archives/edgar/data/842023/000155837025011716/tech-20250630x10k.htm
Biogen,BIIB,875045,Health Care,8-K,2025-05-01,2025-05-01,0000875045-25-000014,0000875045-25-000014:exhibit991-q12025pressrele.htm,EX-99.1,https://www.sec.gov/Archives/edgar/data/875045/000087504525000014/0000875045-25-000014-index.htm,https://www.sec.gov/Archives/edgar/data/875045/000087504525000014/exhibit991-q12025pressrele.htm
Biogen,BIIB,875045,Health Care,8-K,2025-07-31,2025-07-31,0000875045-25-000035,0000875045-25-000035:exhibit991-q22025pressrele.htm,EX-99.1,https://www.sec.gov/Archives/edgar/data/875045/000087504525000035/0000875045-25-000035-index.htm,https://www.sec.gov/Archives/edgar/data/875045/000087504525000035/exhibit991-q22025pressrele.htm
Biogen,BIIB,875045,Health Care,8-K,2025-10-30,2025-10-30,0000875045-25-000047,0000875045-25-000047:exhibit991-q32025pressrele.htm,EX-99.1,https://www.sec.gov/Archives/edgar/data/875045/000087504525000047/0000875045-25-000047-index.htm,https://www.sec.gov/Archives/edgar/data/875045/000087504525000047/exhibit991-q32025pressrele.htm
Biogen,BIIB,875045,Health Care,10-Q,2026-04-29,2026-03-31,0000875045-26-000045,0000875045-26-000045:biib-20260331.htm,10-Q,https://www.sec.gov/Archives/edgar/data/875045/000087504526000045/0000875045-26-000045-index.htm,https://www.sec.gov/Archives/edgar/data/875045/000087504526000045/biib-20260331.htm
Biogen,BIIB,875045,Health Care,8-K,2026-04-29,2026-04-29,0000875045-26-000042,0000875045-26-000042:exhibit991-q12026pressrele.htm,EX-99.1,https://www.sec.gov/Archives/edgar/data/875045/000087504526000042/0000875045-26-000042-index.htm,https://www.sec.gov/Archives/edgar/data/875045/000087504526000042/exhibit991-q12026pressrele.htm
Biogen,BIIB,875045,Health Care,8-K,2025-02-12,2025-02-12,0000875045-25-000004,0000875045-25-000004:exhibit991-q42024pressrele.htm,EX-99.1,https://www.sec.gov/Archives/edgar/data/875045/000087504525000004/0000875045-25-000004-index.htm,https://www.sec.gov/Archives/edgar/data/875045/000087504525000004/exhibit991-q42024pressrele.htm
Biogen,BIIB,875045,Health Care,8-K,2026-02-06,2026-02-06,0000875045-26-000011,0000875045-26-000011:exhibit991-q42025pressrele.htm,EX-99.1,https://www.sec.gov/Archives/edgar/data/875045/000087504526000011/0000875045-26-000011-index.htm,https://www.sec.gov/Archives/edgar/data/875045/000087504526000011/exhibit991-q42025pressrele.htm
Biogen,BIIB,875045,Health Care,10-Q,2025-05-01,2025-03-31,0000875045-25-000018,0000875045-25-000018:biib-20250331.htm,10-Q,https://www.sec.gov/Archives/edgar/data/875045/000087504525000018/0000875045-25-000018-index.htm,https://www.sec.gov/Archives/edgar/data/875045/000087504525000018/biib-20250331.htm
Biogen,BIIB,875045,Health Care,10-Q,2025-07-31,2025-06-30,0000875045-25-000033,0000875045-25-000033:biib-20250630.htm,10-Q,https://www.sec.gov/Archives/edgar/data/875045/000087504525000033/0000875045-25-000033-index.htm,https://www.sec.gov/Archives/edgar/data/875045/000087504525000033/biib-20250630.htm
Biogen,BIIB,875045,Health Care,10-Q,2025-10-30,2025-09-30,0000875045-25-000049,0000875045-25-000049:biib-20250930.htm,10-Q,https://www.sec.gov/Archives/edgar/data/875045/000087504525000049/0000875045-25-000049-index.htm,https://www.sec.gov/Archives/edgar/data/875045/000087504525000049/biib-20250930.htm
Biogen,BIIB,875045,Health Care,10-K,2026-02-06,2025-12-31,0000875045-26-000013,0000875045-26-000013:biib-20251231.htm,10-K,https://www.sec.gov/Archives/edgar/data/875045/000087504526000013/0000875045-26-000013-index.htm,https://www.sec.gov/Archives/edgar/data/875045/000087504526000013/biib-20251231.htm
Blackstone Inc.,BX,1393818,Financials,10-Q,2025-08-08,2025-06-30,0001193125-25-176984,0001193125-25-176984:d83467d10q.htm,10-Q,https://www.sec.gov/Archives/edgar/data/1393818/000119312525176984/0001193125-25-176984-index.htm,https://www.sec.gov/Archives/edgar/data/1393818/000119312525176984/d83467d10q.htm
Blackstone Inc.,BX,1393818,Financials,10-Q,2025-08-08,2025-06-30,0001193125-25-176984,0001193125-25-176984:d83467d10q1.pdf,10-Q,https://www.sec.gov/Archives/edgar/data/1393818/000119312525176984/0001193125-25-176984-index.htm,https://www.sec.gov/Archives/edgar/data/1393818/000119312525176984/d83467d10q1.pdf
Blackstone Inc.,BX,1393818,Financials,10-K,2026-02-27,2025-12-31,0001193125-26-082531,0001193125-26-082531:d48618d10k.htm,10-K,https://www.sec.gov/Archives/edgar/data/1393818/000119312526082531/0001193125-26-082531-index.htm,https://www.sec.gov/Archives/edgar/data/1393818/000119312526082531/d48618d10k.htm
BNY Mellon,BNY,1390777,Financials,8-K,2025-10-16,2025-10-16,0001390777-25-000144,0001390777-25-000144:ex993_quarterlyupdatepre.htm,EX-99.3,https://www.sec.gov/Archives/edgar/data/1390777/000139077725000144/0001390777-25-000144-index.htm,https://www.sec.gov/Archives/edgar/data/1390777/000139077725000144/ex993_quarterlyupdatepre.htm
BNY Mellon,BNY,1390777,Financials,8-K,2025-04-11,2025-04-11,0001390777-25-000056,0001390777-25-000056:ex993_quarterlyupdatepre.htm,EX-99.3,https://www.sec.gov/Archives/edgar/data/1390777/000139077725000056/0001390777-25-000056-index.htm,https://www.sec.gov/Archives/edgar/data/1390777/000139077725000056/ex993_quarterlyupdatepre.htm
BNY Mellon,BNY,1390777,Financials,8-K,2025-07-15,2025-07-15,0001390777-25-000100,0001390777-25-000100:ex993_quarterlyupdatepre.htm,EX-99.3,https://www.sec.gov/Archives/edgar/data/1390777/000139077725000100/0001390777-25-000100-index.htm,https://www.sec.gov/Archives/edgar/data/1390777/000139077725000100/ex993_quarterlyupdatepre.htm
BNY Mellon,BNY,1390777,Financials,8-K,2026-01-13,2026-01-13,0001390777-26-000004,0001390777-26-000004:ex993_quarterlyupdatepre.htm,EX-99.3,https://www.sec.gov/Archives/edgar/data/1390777/000139077726000004/0001390777-26-000004-index.htm,https://www.sec.gov/Archives/edgar/data/1390777/000139077726000004/ex993_quarterlyupdatepre.htm
Boeing,BA,12927,Industrials,10-Q,2025-07-29,2025-06-30,0000012927-25-000062,0000012927-25-000062:ba-20250630.htm,10-Q,https://www.sec.gov/Archives/edgar/data/12927/000001292725000062/0000012927-25-000062-index.htm,https://www.sec.gov/Archives/edgar/data/12927/000001292725000062/ba-20250630.htm
Boeing,BA,12927,Industrials,10-Q,2025-04-23,2025-03-31,0000012927-25-000031,0000012927-25-000031:ba-20250331.htm,10-Q,https://www.sec.gov/Archives/edgar/data/12927/000001292725000031/0000012927-25-000031-index.htm,https://www.sec.gov/Archives/edgar/data/12927/000001292725000031/ba-20250331.htm
Boeing,BA,12927,Industrials,10-Q,2025-10-29,2025-09-30,0001628280-25-047023,0001628280-25-047023:ba-20250930.htm,10-Q,https://www.sec.gov/Archives/edgar/data/12927/000162828025047023/0001628280-25-047023-index.htm,https://www.sec.gov/Archives/edgar/data/12927/000162828025047023/ba-20250930.htm
Boeing,BA,12927,Industrials,10-K,2026-01-30,2025-12-31,0001628280-26-004357,0001628280-26-004357:ba-20251231.htm,10-K,https://www.sec.gov/Archives/edgar/data/12927/000162828026004357/0001628280-26-004357-index.htm,https://www.sec.gov/Archives/edgar/data/12927/000162828026004357/ba-20251231.htm
Boeing,BA,12927,Industrials,10-Q,2026-04-22,2026-03-31,0001628280-26-026458,0001628280-26-026458:ba-20260331.htm,10-Q,https://www.sec.gov/Archives/edgar/data/12927/000162828026026458/0001628280-26-026458-index.htm,https://www.sec.gov/Archives/edgar/data/12927/000162828026026458/ba-20260331.htm
Boston Scientific,BSX,885725,Health Care,8-K,2026-05-18,2026-05-18,0000885725-26-000042,0000885725-26-000042:exhibit991-pressrelease_fi.htm,EX-99.1,https://www.sec.gov/Archives/edgar/data/885725/000088572526000042/0000885725-26-000042-index.htm,https://www.sec.gov/Archives/edgar/data/885725/000088572526000042/exhibit991-pressrelease_fi.htm
Boston Scientific,BSX,885725,Health Care,8-K,2025-04-23,2025-04-18,0000885725-25-000024,0000885725-25-000024:exhibit991pressreleaseissu.htm,EX-99.1,https://www.sec.gov/Archives/edgar/data/885725/000088572525000024/0000885725-25-000024-index.htm,https://www.sec.gov/Archives/edgar/data/885725/000088572525000024/exhibit991pressreleaseissu.htm
Boston Scientific,BSX,885725,Health Care,8-K,2025-05-28,2025-05-28,0000885725-25-000033,0000885725-25-000033:bsx-20250528.htm,8-K,https://www.sec.gov/Archives/edgar/data/885725/000088572525000033/0000885725-25-000033-index.htm,https://www.sec.gov/Archives/edgar/data/885725/000088572525000033/bsx-20250528.htm
Boston Scientific,BSX,885725,Health Care,8-K,2026-03-30,2026-03-28,0000885725-26-000029,0000885725-26-000029:ex991-pressrelease.htm,EX-99.1,https://www.sec.gov/Archives/edgar/data/885725/000088572526000029/0000885725-26-000029-index.htm,https://www.sec.gov/Archives/edgar/data/885725/000088572526000029/ex991-pressrelease.htm
Boston Scientific,BSX,885725,Health Care,8-K,2026-05-18,2026-05-18,0000885725-26-000041,0000885725-26-000041:exhibit991-pressrelease_fi.htm,EX-99.1,https://www.sec.gov/Archives/edgar/data/885725/000088572526000041/0000885725-26-000041-index.htm,https://www.sec.gov/Archives/edgar/data/885725/000088572526000041/exhibit991-pressrelease_fi.htm
Boston Scientific,BSX,885725,Health Care,8-K,2026-05-18,2026-05-18,0000885725-26-000042,0000885725-26-000042:bsx-20260518.htm,8-K,https://www.sec.gov/Archives/edgar/data/885725/000088572526000042/0000885725-26-000042-index.htm,https://www.sec.gov/Archives/edgar/data/885725/000088572526000042/bsx-20260518.htm
Boston Scientific,BSX,885725,Health Care,8-K,2026-05-18,2026-05-18,0000885725-26-000041,0000885725-26-000041:bsx-20260518.htm,8-K,https://www.sec.gov/Archives/edgar/data/885725/000088572526000041/0000885725-26-000041-index.htm,https://www.sec.gov/Archives/edgar/data/885725/000088572526000041/bsx-20260518.htm
Boston Scientific,BSX,885725,Health Care,8-K,2026-03-30,2026-03-28,0000885725-26-000029,0000885725-26-000029:ex992-pressrelease.htm,EX-99.2,https://www.sec.gov/Archives/edgar/data/885725/000088572526000029/0000885725-26-000029-index.htm,https://www.sec.gov/Archives/edgar/data/885725/000088572526000029/ex992-pressrelease.htm
Boston Scientific,BSX,885725,Health Care,8-K,2026-01-15,2026-01-15,0000947871-26-000034,0000947871-26-000034:ss5822817_8k.htm,8-K,https://www.sec.gov/Archives/edgar/data/885725/000094787126000034/0000947871-26-000034-index.htm,https://www.sec.gov/Archives/edgar/data/885725/000094787126000034/ss5822817_8k.htm
Boston Scientific,BSX,885725,Health Care,8-K,2026-01-15,2026-01-15,0000947871-26-000034,0000947871-26-000034:ss5822817_ex9902.htm,EX-99.2,https://www.sec.gov/Archives/edgar/data/885725/000094787126000034/0000947871-26-000034-index.htm,https://www.sec.gov/Archives/edgar/data/885725/000094787126000034/ss5822817_ex9902.htm
Boston Scientific,BSX,885725,Health Care,8-K,2026-01-15,2026-01-15,0000947871-26-000034,0000947871-26-000034:ss5822817_ex9901.htm,EX-99.1,https://www.sec.gov/Archives/edgar/data/885725/000094787126000034/0000947871-26-000034-index.htm,https://www.sec.gov/Archives/edgar/data/885725/000094787126000034/ss5822817_ex9901.htm
Boston Scientific,BSX,885725,Health Care,8-K,2025-04-23,2025-04-23,0000885725-25-000023,0000885725-25-000023:q12025earningsrelease.htm,EX-99.1,https://www.sec.gov/Archives/edgar/data/885725/000088572525000023/0000885725-25-000023-index.htm,https://www.sec.gov/Archives/edgar/data/885725/000088572525000023/q12025earningsrelease.htm
Boston Scientific,BSX,885725,Health Care,8-K,2026-04-22,2026-04-22,0000885725-26-000031,0000885725-26-000031:q12026earningsrelease.htm,EX-99.1,https://www.sec.gov/Archives/edgar/data/885725/000088572526000031/0000885725-26-000031-index.htm,https://www.sec.gov/Archives/edgar/data/885725/000088572526000031/q12026earningsrelease.htm
Boston Scientific,BSX,885725,Health Care,10-Q,2025-05-01,2025-03-31,0000885725-25-000026,0000885725-25-000026:bsx-20250331.htm,10-Q,https://www.sec.gov/Archives/edgar/data/885725/000088572525000026/0000885725-25-000026-index.htm,https://www.sec.gov/Archives/edgar/data/885725/000088572525000026/bsx-20250331.htm
Boston Scientific,BSX,885725,Health Care,8-K,2025-07-23,2025-07-23,0000885725-25-000039,0000885725-25-000039:q22025earningsrelease.htm,EX-99.1,https://www.sec.gov/Archives/edgar/data/885725/000088572525000039/0000885725-25-000039-index.htm,https://www.sec.gov/Archives/edgar/data/885725/000088572525000039/q22025earningsrelease.htm
Boston Scientific,BSX,885725,Health Care,8-K,2026-01-15,2026-01-14,0000947871-26-000037,0000947871-26-000037:ss5822815_8k.htm,8-K,https://www.sec.gov/Archives/edgar/data/885725/000094787126000037/0000947871-26-000037-index.htm,https://www.sec.gov/Archives/edgar/data/885725/000094787126000037/ss5822815_8k.htm
Boston Scientific,BSX,885725,Health Care,8-K,2025-10-22,2025-10-22,0000885725-25-000046,0000885725-25-000046:q32025earningsrelease.htm,EX-99.1,https://www.sec.gov/Archives/edgar/data/885725/000088572525000046/0000885725-25-000046-index.htm,https://www.sec.gov/Archives/edgar/data/885725/000088572525000046/q32025earningsrelease.htm
Boston Scientific,BSX,885725,Health Care,10-Q,2025-08-01,2025-06-30,0000885725-25-000041,0000885725-25-000041:bsx-20250630.htm,10-Q,https://www.sec.gov/Archives/edgar/data/885725/000088572525000041/0000885725-25-000041-index.htm,https://www.sec.gov/Archives/edgar/data/885725/000088572525000041/bsx-20250630.htm
Boston Scientific,BSX,885725,Health Care,8-K,2026-02-04,2026-02-04,0000885725-26-000006,0000885725-26-000006:q42025earningsrelease.htm,EX-99.1,https://www.sec.gov/Archives/edgar/data/885725/000088572526000006/0000885725-26-000006-index.htm,https://www.sec.gov/Archives/edgar/data/885725/000088572526000006/q42025earningsrelease.htm
Boston Scientific,BSX,885725,Health Care,10-Q,2025-11-03,2025-09-30,0000885725-25-000050,0000885725-25-000050:bsx-20250930.htm,10-Q,https://www.sec.gov/Archives/edgar/data/885725/000088572525000050/0000885725-25-000050-index.htm,https://www.sec.gov/Archives/edgar/data/885725/000088572525000050/bsx-20250930.htm
Boston Scientific,BSX,885725,Health Care,10-Q,2026-05-01,2026-03-31,0000885725-26-000033,0000885725-26-000033:bsx-20260331.htm,10-Q,https://www.sec.gov/Archives/edgar/data/885725/000088572526000033/0000885725-26-000033-index.htm,https://www.sec.gov/Archives/edgar/data/885725/000088572526000033/bsx-20260331.htm
Boston Scientific,BSX,885725,Health Care,10-K,2026-02-17,2025-12-31,0000885725-26-000010,0000885725-26-000010:bsx-20251231.htm,10-K,https://www.sec.gov/Archives/edgar/data/885725/000088572526000010/0000885725-26-000010-index.htm,https://www.sec.gov/Archives/edgar/data/885725/000088572526000010/bsx-20251231.htm
Boston Scientific,BSX,885725,Health Care,10-K,2025-02-18,2024-12-31,0000885725-25-000011,0000885725-25-000011:bsx-20241231.htm,10-K,https://www.sec.gov/Archives/edgar/data/885725/000088572525000011/0000885725-25-000011-index.htm,https://www.sec.gov/Archives/edgar/data/885725/000088572525000011/bsx-20241231.htm
Bristol Myers Squibb,BMY,14272,Health Care,10-K,2026-02-11,2025-12-31,0000014272-26-000004,0000014272-26-000004:bmy-20251231.htm,10-K,https://www.sec.gov/Archives/edgar/data/14272/000001427226000004/0000014272-26-000004-index.htm,https://www.sec.gov/Archives/edgar/data/14272/000001427226000004/bmy-20251231.htm
Bristol Myers Squibb,BMY,14272,Health Care,10-Q,2026-04-30,2026-03-31,0000014272-26-000010,0000014272-26-000010:bmy-20260331.htm,10-Q,https://www.sec.gov/Archives/edgar/data/14272/000001427226000010/0000014272-26-000010-index.htm,https://www.sec.gov/Archives/edgar/data/14272/000001427226000010/bmy-20260331.htm
Builders FirstSource,BLDR,1316835,Industrials,10-K,2025-02-20,2024-12-31,0000950170-25-023953,0000950170-25-023953:bldr-20241231.htm,10-K,https://www.sec.gov/Archives/edgar/data/1316835/000095017025023953/0000950170-25-023953-index.htm,https://www.sec.gov/Archives/edgar/data/1316835/000095017025023953/bldr-20241231.htm
Builders FirstSource,BLDR,1316835,Industrials,10-K,2026-02-17,2025-12-31,0001193125-26-054643,0001193125-26-054643:bldr-20251231.htm,10-K,https://www.sec.gov/Archives/edgar/data/1316835/000119312526054643/0001193125-26-054643-index.htm,https://www.sec.gov/Archives/edgar/data/1316835/000119312526054643/bldr-20251231.htm
Bunge Global,BG,1996862,Consumer Staples,8-K,2025-08-04,2025-07-31,0001104659-25-073672,0001104659-25-073672:tm2521986d5_ex99-1.htm,EX-99.1,https://www.sec.gov/Archives/edgar/data/1996862/000110465925073672/0001104659-25-073672-index.htm,https://www.sec.gov/Archives/edgar/data/1996862/000110465925073672/tm2521986d5_ex99-1.htm
Bunge Global,BG,1996862,Consumer Staples,8-K,2025-05-07,2025-05-07,0001996862-25-000084,0001996862-25-000084:epr03312025.htm,EX-99.1,https://www.sec.gov/Archives/edgar/data/1996862/000199686225000084/0001996862-25-000084-index.htm,https://www.sec.gov/Archives/edgar/data/1996862/000199686225000084/epr03312025.htm
Bunge Global,BG,1996862,Consumer Staples,8-K,2026-03-19,2026-03-17,0001104659-26-032113,0001104659-26-032113:tm268104d3_ex99-1.htm,EX-99.1,https://www.sec.gov/Archives/edgar/data/1996862/000110465926032113/0001104659-26-032113-index.htm,https://www.sec.gov/Archives/edgar/data/1996862/000110465926032113/tm268104d3_ex99-1.htm
Bunge Global,BG,1996862,Consumer Staples,8-K,2025-10-15,2025-10-15,0001628280-25-045046,0001628280-25-045046:newoutlooksegmentvolumerel.htm,EX-99.1,https://www.sec.gov/Archives/edgar/data/1996862/000162828025045046/0001628280-25-045046-index.htm,https://www.sec.gov/Archives/edgar/data/1996862/000162828025045046/newoutlooksegmentvolumerel.htm
Bunge Global,BG,1996862,Consumer Staples,8-K,2026-04-29,2026-04-29,0001628280-26-028079,0001628280-26-028079:epr03312026.htm,EX-99.1,https://www.sec.gov/Archives/edgar/data/1996862/000162828026028079/0001628280-26-028079-index.htm,https://www.sec.gov/Archives/edgar/data/1996862/000162828026028079/epr03312026.htm
Bunge Global,BG,1996862,Consumer Staples,8-K,2025-07-30,2025-07-30,0001996862-25-000201,0001996862-25-000201:epr06302025.htm,EX-99.1,https://www.sec.gov/Archives/edgar/data/1996862/000199686225000201/0001996862-25-000201-index.htm,https://www.sec.gov/Archives/edgar/data/1996862/000199686225000201/epr06302025.htm
Bunge Global,BG,1996862,Consumer Staples,8-K,2025-11-05,2025-11-05,0001628280-25-049208,0001628280-25-049208:epr093020251.htm,EX-99.1,https://www.sec.gov/Archives/edgar/data/1996862/000162828025049208/0001628280-25-049208-index.htm,https://www.sec.gov/Archives/edgar/data/1996862/000162828025049208/epr093020251.htm
Bunge Global,BG,1996862,Consumer Staples,8-K,2026-02-04,2026-02-04,0001628280-26-005261,0001628280-26-005261:epr123120254.htm,EX-99.1,https://www.sec.gov/Archives/edgar/data/1996862/000162828026005261/0001628280-26-005261-index.htm,https://www.sec.gov/Archives/edgar/data/1996862/000162828026005261/epr123120254.htm
Bunge Global,BG,1996862,Consumer Staples,10-Q,2025-05-07,2025-03-31,0001996862-25-000086,0001996862-25-000086:bg-20250331.htm,10-Q,https://www.sec.gov/Archives/edgar/data/1996862/000199686225000086/0001996862-25-000086-index.htm,https://www.sec.gov/Archives/edgar/data/1996862/000199686225000086/bg-20250331.htm
Bunge Global,BG,1996862,Consumer Staples,10-Q,2026-04-29,2026-03-31,0001628280-26-028235,0001628280-26-028235:bg-20260331.htm,10-Q,https://www.sec.gov/Archives/edgar/data/1996862/000162828026028235/0001628280-26-028235-index.htm,https://www.sec.gov/Archives/edgar/data/1996862/000162828026028235/bg-20260331.htm
Bunge Global,BG,1996862,Consumer Staples,10-Q,2025-08-05,2025-06-30,0001996862-25-000204,0001996862-25-000204:bg-20250630.htm,10-Q,https://www.sec.gov/Archives/edgar/data/1996862/000199686225000204/0001996862-25-000204-index.htm,https://www.sec.gov/Archives/edgar/data/1996862/000199686225000204/bg-20250630.htm
Bunge Global,BG,1996862,Consumer Staples,10-Q,2025-11-05,2025-09-30,0001628280-25-049587,0001628280-25-049587:bg-20250930.htm,10-Q,https://www.sec.gov/Archives/edgar/data/1996862/000162828025049587/0001628280-25-049587-index.htm,https://www.sec.gov/Archives/edgar/data/1996862/000162828025049587/bg-20250930.htm
Bunge Global,BG,1996862,Consumer Staples,10-K,2025-02-20,2024-12-31,0001996862-25-000008,0001996862-25-000008:bg-20241231.htm,10-K,https://www.sec.gov/Archives/edgar/data/1996862/000199686225000008/0001996862-25-000008-index.htm,https://www.sec.gov/Archives/edgar/data/1996862/000199686225000008/bg-20241231.htm
Bunge Global,BG,1996862,Consumer Staples,10-K,2026-02-19,2025-12-31,0001628280-26-009842,0001628280-26-009842:bg-20251231.htm,10-K,https://www.sec.gov/Archives/edgar/data/1996862/000162828026009842/0001628280-26-009842-index.htm,https://www.sec.gov/Archives/edgar/data/1996862/000162828026009842/bg-20251231.htm
"BXP, Inc.",BXP,1037540,Real Estate,10-Q,2025-08-06,2025-06-30,0001656423-25-000046,0001656423-25-000046:bxp-20250630.htm,10-Q,https://www.sec.gov/Archives/edgar/data/1037540/000165642325000046/0001656423-25-000046-index.htm,https://www.sec.gov/Archives/edgar/data/1037540/000165642325000046/bxp-20250630.htm
Cadence Design Systems,CDNS,813672,Information Technology,10-Q,2025-10-29,2025-09-30,0000813672-25-000148,0000813672-25-000148:ex21cdns09302025.htm,EX-2.1,https://www.sec.gov/Archives/edgar/data/813672/000081367225000148/0000813672-25-000148-index.htm,https://www.sec.gov/Archives/edgar/data/813672/000081367225000148/ex21cdns09302025.htm
Cadence Design Systems,CDNS,813672,Information Technology,10-K,2026-02-19,2025-12-31,0000813672-26-000016,0000813672-26-000016:cdns-20251231.htm,10-K,https://www.sec.gov/Archives/edgar/data/813672/000081367226000016/0000813672-26-000016-index.htm,https://www.sec.gov/Archives/edgar/data/813672/000081367226000016/cdns-20251231.htm
Cardinal Health,CAH,721371,Health Care,10-Q,2026-04-30,2026-03-31,0000721371-26-000018,0000721371-26-000018:cah-20260331.htm,10-Q,https://www.sec.gov/Archives/edgar/data/721371/000072137126000018/0000721371-26-000018-index.htm,https://www.sec.gov/Archives/edgar/data/721371/000072137126000018/cah-20260331.htm
Cardinal Health,CAH,721371,Health Care,10-Q,2025-10-30,2025-09-30,0000721371-25-000130,0000721371-25-000130:cah-20250930.htm,10-Q,https://www.sec.gov/Archives/edgar/data/721371/000072137125000130/0000721371-25-000130-index.htm,https://www.sec.gov/Archives/edgar/data/721371/000072137125000130/cah-20250930.htm
Cardinal Health,CAH,721371,Health Care,10-Q,2026-02-05,2025-12-31,0000721371-26-000006,0000721371-26-000006:cah-20251231.htm,10-Q,https://www.sec.gov/Archives/edgar/data/721371/000072137126000006/0000721371-26-000006-index.htm,https://www.sec.gov/Archives/edgar/data/721371/000072137126000006/cah-20251231.htm
Cardinal Health,CAH,721371,Health Care,10-Q,2025-05-01,2025-03-31,0000721371-25-000038,0000721371-25-000038:cah-20250331.htm,10-Q,https://www.sec.gov/Archives/edgar/data/721371/000072137125000038/0000721371-25-000038-index.htm,https://www.sec.gov/Archives/edgar/data/721371/000072137125000038/cah-20250331.htm
Cardinal Health,CAH,721371,Health Care,10-K,2025-08-12,2025-06-30,0000721371-25-000079,0000721371-25-000079:cah-20250630.htm,10-K,https://www.sec.gov/Archives/edgar/data/721371/000072137125000079/0000721371-25-000079-index.htm,https://www.sec.gov/Archives/edgar/data/721371/000072137125000079/cah-20250630.htm
Carrier Global,CARR,1783180,Industrials,10-Q,2026-04-30,2026-03-31,0001783180-26-000026,0001783180-26-000026:carr-20260331.htm,10-Q,https://www.sec.gov/Archives/edgar/data/1783180/000178318026000026/0001783180-26-000026-index.htm,https://www.sec.gov/Archives/edgar/data/1783180/000178318026000026/carr-20260331.htm
Carrier Global,CARR,1783180,Industrials,8-K,2025-07-29,2025-07-29,0001783180-25-000058,0001783180-25-000058:carr-20250729_d2.htm,EX-99.1,https://www.sec.gov/Archives/edgar/data/1783180/000178318025000058/0001783180-25-000058-index.htm,https://www.sec.gov/Archives/edgar/data/1783180/000178318025000058/carr-20250729_d2.htm
Carrier Global,CARR,1783180,Industrials,10-K,2025-02-11,2024-12-31,0001783180-25-000008,0001783180-25-000008:carr-20241231.htm,10-K,https://www.sec.gov/Archives/edgar/data/1783180/000178318025000008/0001783180-25-000008-index.htm,https://www.sec.gov/Archives/edgar/data/1783180/000178318025000008/carr-20241231.htm
Carvana,CVNA,1690820,Consumer Discretionary,10-Q,2025-07-30,2025-06-30,0001690820-25-000312,0001690820-25-000312:cvna-20250630.htm,10-Q,https://www.sec.gov/Archives/edgar/data/1690820/000169082025000312/0001690820-25-000312-index.htm,https://www.sec.gov/Archives/edgar/data/1690820/000169082025000312/cvna-20250630.htm
Carvana,CVNA,1690820,Consumer Discretionary,10-Q,2026-04-29,2026-03-31,0001690820-26-000035,0001690820-26-000035:cvna-20260331.htm,10-Q,https://www.sec.gov/Archives/edgar/data/1690820/000169082026000035/0001690820-26-000035-index.htm,https://www.sec.gov/Archives/edgar/data/1690820/000169082026000035/cvna-20260331.htm
Carvana,CVNA,1690820,Consumer Discretionary,10-Q,2025-05-07,2025-03-31,0001690820-25-000161,0001690820-25-000161:cvna-20250331.htm,10-Q,https://www.sec.gov/Archives/edgar/data/1690820/000169082025000161/0001690820-25-000161-index.htm,https://www.sec.gov/Archives/edgar/data/1690820/000169082025000161/cvna-20250331.htm
Carvana,CVNA,1690820,Consumer Discretionary,10-Q,2025-10-29,2025-09-30,0001690820-25-000353,0001690820-25-000353:cvna-20250930.htm,10-Q,https://www.sec.gov/Archives/edgar/data/1690820/000169082025000353/0001690820-25-000353-index.htm,https://www.sec.gov/Archives/edgar/data/1690820/000169082025000353/cvna-20250930.htm
Carvana,CVNA,1690820,Consumer Discretionary,10-K,2026-02-18,2025-12-31,0001690820-26-000009,0001690820-26-000009:cvna-20251231.htm,10-K,https://www.sec.gov/Archives/edgar/data/1690820/000169082026000009/0001690820-26-000009-index.htm,https://www.sec.gov/Archives/edgar/data/1690820/000169082026000009/cvna-20251231.htm
Caterpillar Inc.,CAT,18230,Industrials,8-K,2025-08-28,2025-08-28,0001104659-25-084800,0001104659-25-084800:tm2524597d1_8k.htm,8-K,https://www.sec.gov/Archives/edgar/data/18230/000110465925084800/0001104659-25-084800-index.htm,https://www.sec.gov/Archives/edgar/data/18230/000110465925084800/tm2524597d1_8k.htm
Caterpillar Inc.,CAT,18230,Industrials,8-K,2026-04-30,2026-04-30,0000018230-26-000017,0000018230-26-000017:ex991toformcat1q2026earnin.htm,EX-99.1,https://www.sec.gov/Archives/edgar/data/18230/000001823026000017/0000018230-26-000017-index.htm,https://www.sec.gov/Archives/edgar/data/18230/000001823026000017/ex991toformcat1q2026earnin.htm
Caterpillar Inc.,CAT,18230,Industrials,8-K,2026-03-26,2026-03-26,0000018230-26-000013,0000018230-26-000013:cat_exx992-previouslycommu.htm,EX-99.2,https://www.sec.gov/Archives/edgar/data/18230/000001823026000013/0000018230-26-000013-index.htm,https://www.sec.gov/Archives/edgar/data/18230/000001823026000013/cat_exx992-previouslycommu.htm
Caterpillar Inc.,CAT,18230,Industrials,10-Q,2026-05-06,2026-03-31,0000018230-26-000021,0000018230-26-000021:cat-20260331.htm,10-Q,https://www.sec.gov/Archives/edgar/data/18230/000001823026000021/0000018230-26-000021-index.htm,https://www.sec.gov/Archives/edgar/data/18230/000001823026000021/cat-20260331.htm
Caterpillar Inc.,CAT,18230,Industrials,8-K,2026-01-06,2026-01-06,0001104659-26-001346,0001104659-26-001346:tm261912d1_ex99-1.htm,EX-99.1,https://www.sec.gov/Archives/edgar/data/18230/000110465926001346/0001104659-26-001346-index.htm,https://www.sec.gov/Archives/edgar/data/18230/000110465926001346/tm261912d1_ex99-1.htm
Caterpillar Inc.,CAT,18230,Industrials,8-K,2025-04-15,2025-04-09,0001104659-25-034874,0001104659-25-034874:tm2511879d2_ex99-1.htm,EX-99.1,https://www.sec.gov/Archives/edgar/data/18230/000110465925034874/0001104659-25-034874-index.htm,https://www.sec.gov/Archives/edgar/data/18230/000110465925034874/tm2511879d2_ex99-1.htm
Caterpillar Inc.,CAT,18230,Industrials,8-K,2025-08-05,2025-08-05,0000018230-25-000037,0000018230-25-000037:ex992toformcat2q2025retail.htm,EX-99.2,https://www.sec.gov/Archives/edgar/data/18230/000001823025000037/0000018230-25-000037-index.htm,https://www.sec.gov/Archives/edgar/data/18230/000001823025000037/ex992toformcat2q2025retail.htm
Caterpillar Inc.,CAT,18230,Industrials,8-K,2026-04-30,2026-04-30,0000018230-26-000017,0000018230-26-000017:ex992toformcat1q2026retail.htm,EX-99.2,https://www.sec.gov/Archives/edgar/data/18230/000001823026000017/0000018230-26-000017-index.htm,https://www.sec.gov/Archives/edgar/data/18230/000001823026000017/ex992toformcat1q2026retail.htm
Caterpillar Inc.,CAT,18230,Industrials,8-K,2025-10-29,2025-10-29,0000018230-25-000043,0000018230-25-000043:ex992toformcat3q2025retail.htm,EX-99.2,https://www.sec.gov/Archives/edgar/data/18230/000001823025000043/0000018230-25-000043-index.htm,https://www.sec.gov/Archives/edgar/data/18230/000001823025000043/ex992toformcat3q2025retail.htm
Caterpillar Inc.,CAT,18230,Industrials,8-K,2025-01-30,2025-01-30,0000018230-25-000004,0000018230-25-000004:ex992toformxretailstatisti.htm,EX-99.2,https://www.sec.gov/Archives/edgar/data/18230/000001823025000004/0000018230-25-000004-index.htm,https://www.sec.gov/Archives/edgar/data/18230/000001823025000004/ex992toformxretailstatisti.htm
Caterpillar Inc.,CAT,18230,Industrials,8-K,2025-04-30,2025-04-30,0000018230-25-000013,0000018230-25-000013:ex992toformcat1q2025retail.htm,EX-99.2,https://www.sec.gov/Archives/edgar/data/18230/000001823025000013/0000018230-25-000013-index.htm,https://www.sec.gov/Archives/edgar/data/18230/000001823025000013/ex992toformcat1q2025retail.htm
Caterpillar Inc.,CAT,18230,Industrials,8-K,2026-01-29,2026-01-29,0000018230-26-000003,0000018230-26-000003:ex992toformxretailstatisti.htm,EX-99.2,https://www.sec.gov/Archives/edgar/data/18230/000001823026000003/0000018230-26-000003-index.htm,https://www.sec.gov/Archives/edgar/data/18230/000001823026000003/ex992toformxretailstatisti.htm
Caterpillar Inc.,CAT,18230,Industrials,10-Q,2025-08-06,2025-06-30,0000018230-25-000040,0000018230-25-000040:cat-20250630.htm,10-Q,https://www.sec.gov/Archives/edgar/data/18230/000001823025000040/0000018230-25-000040-index.htm,https://www.sec.gov/Archives/edgar/data/18230/000001823025000040/cat-20250630.htm
Caterpillar Inc.,CAT,18230,Industrials,10-Q,2025-11-03,2025-09-30,0000018230-25-000048,0000018230-25-000048:cat-20250930.htm,10-Q,https://www.sec.gov/Archives/edgar/data/18230/000001823025000048/0000018230-25-000048-index.htm,https://www.sec.gov/Archives/edgar/data/18230/000001823025000048/cat-20250930.htm
Caterpillar Inc.,CAT,18230,Industrials,10-Q,2025-05-07,2025-03-31,0000018230-25-000016,0000018230-25-000016:cat-20250331.htm,10-Q,https://www.sec.gov/Archives/edgar/data/18230/000001823025000016/0000018230-25-000016-index.htm,https://www.sec.gov/Archives/edgar/data/18230/000001823025000016/cat-20250331.htm
Caterpillar Inc.,CAT,18230,Industrials,8-K,2025-04-30,2025-04-30,0000018230-25-000013,0000018230-25-000013:ex991toformcat1q2025earnin.htm,EX-99.1,https://www.sec.gov/Archives/edgar/data/18230/000001823025000013/0000018230-25-000013-index.htm,https://www.sec.gov/Archives/edgar/data/18230/000001823025000013/ex991toformcat1q2025earnin.htm
Caterpillar Inc.,CAT,18230,Industrials,8-K,2025-08-05,2025-08-05,0000018230-25-000037,0000018230-25-000037:ex991toformcat2q2025earnin.htm,EX-99.1,https://www.sec.gov/Archives/edgar/data/18230/000001823025000037/0000018230-25-000037-index.htm,https://www.sec.gov/Archives/edgar/data/18230/000001823025000037/ex991toformcat2q2025earnin.htm
Caterpillar Inc.,CAT,18230,Industrials,8-K,2025-10-29,2025-10-29,0000018230-25-000043,0000018230-25-000043:ex991toformcat3q2025earnin.htm,EX-99.1,https://www.sec.gov/Archives/edgar/data/18230/000001823025000043/0000018230-25-000043-index.htm,https://www.sec.gov/Archives/edgar/data/18230/000001823025000043/ex991toformcat3q2025earnin.htm
Caterpillar Inc.,CAT,18230,Industrials,8-K,2026-01-29,2026-01-29,0000018230-26-000003,0000018230-26-000003:cat_exx991x4qx2025xearning.htm,EX-99.1,https://www.sec.gov/Archives/edgar/data/18230/000001823026000003/0000018230-26-000003-index.htm,https://www.sec.gov/Archives/edgar/data/18230/000001823026000003/cat_exx991x4qx2025xearning.htm
Caterpillar Inc.,CAT,18230,Industrials,8-K,2025-01-30,2025-01-30,0000018230-25-000004,0000018230-25-000004:cat_exx991x4qx2024xearning.htm,EX-99.1,https://www.sec.gov/Archives/edgar/data/18230/000001823025000004/0000018230-25-000004-index.htm,https://www.sec.gov/Archives/edgar/data/18230/000001823025000004/cat_exx991x4qx2024xearning.htm
Caterpillar Inc.,CAT,18230,Industrials,10-K,2026-02-13,2025-12-31,0000018230-26-000008,0000018230-26-000008:cat-20251231.htm,10-K,https://www.sec.gov/Archives/edgar/data/18230/000001823026000008/0000018230-26-000008-index.htm,https://www.sec.gov/Archives/edgar/data/18230/000001823026000008/cat-20251231.htm
CBRE Group,CBRE,1138118,Real Estate,8-K,2025-04-24,2025-04-24,0001138118-25-000008,0001138118-25-000008:cbre-20250424x8kexx991.htm,EX-99.1,https://www.sec.gov/Archives/edgar/data/1138118/000113811825000008/0001138118-25-000008-index.htm,https://www.sec.gov/Archives/edgar/data/1138118/000113811825000008/cbre-20250424x8kexx991.htm
Cencora,COR,1140859,Health Care,10-K,2025-11-25,2025-09-30,0001140859-25-000131,0001140859-25-000131:cor-20250930.htm,10-K,https://www.sec.gov/Archives/edgar/data/1140859/000114085925000131/0001140859-25-000131-index.htm,https://www.sec.gov/Archives/edgar/data/1140859/000114085925000131/cor-20250930.htm
Centene Corporation,CNC,1071739,Health Care,10-Q,2025-04-25,2025-03-31,0001071739-25-000086,0001071739-25-000086:cnc-20250331.htm,10-Q,https://www.sec.gov/Archives/edgar/data/1071739/000107173925000086/0001071739-25-000086-index.htm,https://www.sec.gov/Archives/edgar/data/1071739/000107173925000086/cnc-20250331.htm
CenterPoint Energy,CNP,1130310,Utilities,8-K,2026-03-19,2026-03-19,0001130310-26-000021,0001130310-26-000021:a991reportingpackageofsi.htm,EX-99.1,https://www.sec.gov/Archives/edgar/data/1130310/000113031026000021/0001130310-26-000021-index.htm,https://www.sec.gov/Archives/edgar/data/1130310/000113031026000021/a991reportingpackageofsi.htm
CenterPoint Energy,CNP,1130310,Utilities,8-K,2026-03-19,2026-03-19,0001130310-26-000021,0001130310-26-000021:a992financialandoperatio.htm,EX-99.2,https://www.sec.gov/Archives/edgar/data/1130310/000113031026000021/0001130310-26-000021-index.htm,https://www.sec.gov/Archives/edgar/data/1130310/000113031026000021/a992financialandoperatio.htm
CenterPoint Energy,CNP,1130310,Utilities,8-K,2025-03-18,2025-03-18,0001130310-25-000065,0001130310-25-000065:a992financialandoperatio.htm,EX-99.2,https://www.sec.gov/Archives/edgar/data/1130310/000113031025000065/0001130310-25-000065-index.htm,https://www.sec.gov/Archives/edgar/data/1130310/000113031025000065/a992financialandoperatio.htm
CenterPoint Energy,CNP,1130310,Utilities,10-Q,2025-10-23,2025-09-30,0001130310-25-000137,0001130310-25-000137:cnp-20250930.htm,10-Q,https://www.sec.gov/Archives/edgar/data/1130310/000113031025000137/0001130310-25-000137-index.htm,https://www.sec.gov/Archives/edgar/data/1130310/000113031025000137/cnp-20250930.htm
CenterPoint Energy,CNP,1130310,Utilities,10-Q/A,2025-11-07,2025-09-30,0001130310-25-000143,0001130310-25-000143:cnp-20250930.htm,10-Q/A,https://www.sec.gov/Archives/edgar/data/1130310/000113031025000143/0001130310-25-000143-index.htm,https://www.sec.gov/Archives/edgar/data/1130310/000113031025000143/cnp-20250930.htm
CenterPoint Energy,CNP,1130310,Utilities,10-Q,2025-04-24,2025-03-31,0001130310-25-000079,0001130310-25-000079:cnp-20250331.htm,10-Q,https://www.sec.gov/Archives/edgar/data/1130310/000113031025000079/0001130310-25-000079-index.htm,https://www.sec.gov/Archives/edgar/data/1130310/000113031025000079/cnp-20250331.htm
CenterPoint Energy,CNP,1130310,Utilities,10-Q,2025-07-24,2025-06-30,0001130310-25-000113,0001130310-25-000113:cnp-20250630.htm,10-Q,https://www.sec.gov/Archives/edgar/data/1130310/000113031025000113/0001130310-25-000113-index.htm,https://www.sec.gov/Archives/edgar/data/1130310/000113031025000113/cnp-20250630.htm
CenterPoint Energy,CNP,1130310,Utilities,10-K,2026-02-19,2025-12-31,0001130310-26-000008,0001130310-26-000008:cnp-20251231.htm,10-K,https://www.sec.gov/Archives/edgar/data/1130310/000113031026000008/0001130310-26-000008-index.htm,https://www.sec.gov/Archives/edgar/data/1130310/000113031026000008/cnp-20251231.htm
CenterPoint Energy,CNP,1130310,Utilities,8-K,2025-03-18,2025-03-18,0001130310-25-000065,0001130310-25-000065:a991reportingpackageofso.htm,EX-99.1,https://www.sec.gov/Archives/edgar/data/1130310/000113031025000065/0001130310-25-000065-index.htm,https://www.sec.gov/Archives/edgar/data/1130310/000113031025000065/a991reportingpackageofso.htm
CenterPoint Energy,CNP,1130310,Utilities,10-K,2025-02-20,2024-12-31,0001130310-25-000040,0001130310-25-000040:cnp-20241231.htm,10-K,https://www.sec.gov/Archives/edgar/data/1130310/000113031025000040/0001130310-25-000040-index.htm,https://www.sec.gov/Archives/edgar/data/1130310/000113031025000040/cnp-20241231.htm
CenterPoint Energy,CNP,1130310,Utilities,10-Q,2026-04-23,2026-03-31,0001130310-26-000028,0001130310-26-000028:cnp-20260331.htm,10-Q,https://www.sec.gov/Archives/edgar/data/1130310/000113031026000028/0001130310-26-000028-index.htm,https://www.sec.gov/Archives/edgar/data/1130310/000113031026000028/cnp-20260331.htm
CenterPoint Energy,CNP,1130310,Utilities,8-K,2025-07-01,2025-07-01,0001130310-25-000105,0001130310-25-000105:exhibit101bondpurchaseag.htm,EX-10.1,https://www.sec.gov/Archives/edgar/data/1130310/000113031025000105/0001130310-25-000105-index.htm,https://www.sec.gov/Archives/edgar/data/1130310/000113031025000105/exhibit101bondpurchaseag.htm
CenterPoint Energy,CNP,1130310,Utilities,8-K,2025-10-21,2025-10-20,0001193125-25-245197,0001193125-25-245197:d921256dex21.htm,EX-2.1,https://www.sec.gov/Archives/edgar/data/1130310/000119312525245197/0001193125-25-245197-index.htm,https://www.sec.gov/Archives/edgar/data/1130310/000119312525245197/d921256dex21.htm
CF Industries,CF,1324404,Materials,10-Q,2026-05-07,2026-03-31,0001324404-26-000013,0001324404-26-000013:cf-20260331.htm,10-Q,https://www.sec.gov/Archives/edgar/data/1324404/000132440426000013/0001324404-26-000013-index.htm,https://www.sec.gov/Archives/edgar/data/1324404/000132440426000013/cf-20260331.htm
CF Industries,CF,1324404,Materials,8-K,2025-06-24,2025-06-24,0001104659-25-061880,0001104659-25-061880:tm2518349d1_ex99-1.htm,EX-99.1,https://www.sec.gov/Archives/edgar/data/1324404/000110465925061880/0001104659-25-061880-index.htm,https://www.sec.gov/Archives/edgar/data/1324404/000110465925061880/tm2518349d1_ex99-1.htm
CF Industries,CF,1324404,Materials,10-K,2026-02-25,2025-12-31,0001324404-26-000007,0001324404-26-000007:cf-20251231.htm,10-K,https://www.sec.gov/Archives/edgar/data/1324404/000132440426000007/0001324404-26-000007-index.htm,https://www.sec.gov/Archives/edgar/data/1324404/000132440426000007/cf-20251231.htm
CF Industries,CF,1324404,Materials,10-Q,2025-05-08,2025-03-31,0001324404-25-000015,0001324404-25-000015:cf-20250331.htm,10-Q,https://www.sec.gov/Archives/edgar/data/1324404/000132440425000015/0001324404-25-000015-index.htm,https://www.sec.gov/Archives/edgar/data/1324404/000132440425000015/cf-20250331.htm
CF Industries,CF,1324404,Materials,10-Q,2025-08-07,2025-06-30,0001324404-25-000024,0001324404-25-000024:cf-20250630.htm,10-Q,https://www.sec.gov/Archives/edgar/data/1324404/000132440425000024/0001324404-25-000024-index.htm,https://www.sec.gov/Archives/edgar/data/1324404/000132440425000024/cf-20250630.htm
CF Industries,CF,1324404,Materials,10-Q,2025-11-06,2025-09-30,0001324404-25-000030,0001324404-25-000030:cf-20250930.htm,10-Q,https://www.sec.gov/Archives/edgar/data/1324404/000132440425000030/0001324404-25-000030-index.htm,https://www.sec.gov/Archives/edgar/data/1324404/000132440425000030/cf-20250930.htm
CF Industries,CF,1324404,Materials,10-K,2025-02-20,2024-12-31,0001324404-25-000006,0001324404-25-000006:cf-20241231.htm,10-K,https://www.sec.gov/Archives/edgar/data/1324404/000132440425000006/0001324404-25-000006-index.htm,https://www.sec.gov/Archives/edgar/data/1324404/000132440425000006/cf-20241231.htm
Charles River Laboratories,CRL,1100682,Health Care,10-Q,2025-05-07,2025-03-29,0001100682-25-000021,0001100682-25-000021:crl-20250329.htm,10-Q,https://www.sec.gov/Archives/edgar/data/1100682/000110068225000021/0001100682-25-000021-index.htm,https://www.sec.gov/Archives/edgar/data/1100682/000110068225000021/crl-20250329.htm
Charles River Laboratories,CRL,1100682,Health Care,10-Q,2025-08-06,2025-06-28,0001100682-25-000034,0001100682-25-000034:crl-20250628.htm,10-Q,https://www.sec.gov/Archives/edgar/data/1100682/000110068225000034/0001100682-25-000034-index.htm,https://www.sec.gov/Archives/edgar/data/1100682/000110068225000034/crl-20250628.htm
Charles River Laboratories,CRL,1100682,Health Care,10-Q,2025-11-05,2025-09-27,0001100682-25-000043,0001100682-25-000043:crl-20250927.htm,10-Q,https://www.sec.gov/Archives/edgar/data/1100682/000110068225000043/0001100682-25-000043-index.htm,https://www.sec.gov/Archives/edgar/data/1100682/000110068225000043/crl-20250927.htm
Charles River Laboratories,CRL,1100682,Health Care,10-K,2025-02-19,2024-12-28,0001100682-25-000011,0001100682-25-000011:crl-20241228.htm,10-K,https://www.sec.gov/Archives/edgar/data/1100682/000110068225000011/0001100682-25-000011-index.htm,https://www.sec.gov/Archives/edgar/data/1100682/000110068225000011/crl-20241228.htm
Charles River Laboratories,CRL,1100682,Health Care,10-K,2026-02-18,2025-12-27,0001100682-26-000022,0001100682-26-000022:crl-20251227.htm,10-K,https://www.sec.gov/Archives/edgar/data/1100682/000110068226000022/0001100682-26-000022-index.htm,https://www.sec.gov/Archives/edgar/data/1100682/000110068226000022/crl-20251227.htm
Chevron Corporation,CVX,93410,Energy,10-Q,2025-11-06,2025-09-30,0000093410-25-000108,0000093410-25-000108:cvx-20250930.htm,10-Q,https://www.sec.gov/Archives/edgar/data/93410/000009341025000108/0000093410-25-000108-index.htm,https://www.sec.gov/Archives/edgar/data/93410/000009341025000108/cvx-20250930.htm
Chevron Corporation,CVX,93410,Energy,10-Q,2025-08-07,2025-06-30,0000093410-25-000062,0000093410-25-000062:cvx-20250630.htm,10-Q,https://www.sec.gov/Archives/edgar/data/93410/000009341025000062/0000093410-25-000062-index.htm,https://www.sec.gov/Archives/edgar/data/93410/000009341025000062/cvx-20250630.htm
Chevron Corporation,CVX,93410,Energy,10-K,2026-02-24,2025-12-31,0000093410-26-000078,0000093410-26-000078:cvx-20251231.htm,10-K,https://www.sec.gov/Archives/edgar/data/93410/000009341026000078/0000093410-26-000078-index.htm,https://www.sec.gov/Archives/edgar/data/93410/000009341026000078/cvx-20251231.htm
Chipotle Mexican Grill,CMG,1058090,Consumer Discretionary,10-Q,2025-04-24,2025-03-31,0001058090-25-000031,0001058090-25-000031:exh102-formof2025psuagreem.htm,EX-10.2,https://www.sec.gov/Archives/edgar/data/1058090/000105809025000031/0001058090-25-000031-index.htm,https://www.sec.gov/Archives/edgar/data/1058090/000105809025000031/exh102-formof2025psuagreem.htm
Chipotle Mexican Grill,CMG,1058090,Consumer Discretionary,10-Q,2025-07-24,2025-06-30,0001058090-25-000056,0001058090-25-000056:cmg-20250630.htm,10-Q,https://www.sec.gov/Archives/edgar/data/1058090/000105809025000056/0001058090-25-000056-index.htm,https://www.sec.gov/Archives/edgar/data/1058090/000105809025000056/cmg-20250630.htm
Chipotle Mexican Grill,CMG,1058090,Consumer Discretionary,10-Q,2025-10-30,2025-09-30,0001058090-25-000088,0001058090-25-000088:cmg-20250930.htm,10-Q,https://www.sec.gov/Archives/edgar/data/1058090/000105809025000088/0001058090-25-000088-index.htm,https://www.sec.gov/Archives/edgar/data/1058090/000105809025000088/cmg-20250930.htm
Chipotle Mexican Grill,CMG,1058090,Consumer Discretionary,10-K,2026-02-04,2025-12-31,0001058090-26-000009,0001058090-26-000009:cmg-20251231.htm,10-K,https://www.sec.gov/Archives/edgar/data/1058090/000105809026000009/0001058090-26-000009-index.htm,https://www.sec.gov/Archives/edgar/data/1058090/000105809026000009/cmg-20251231.htm
Church & Dwight,CHD,313927,Consumer Staples,8-K,2025-05-01,2025-05-01,0000950170-25-061438,0000950170-25-061438:chd-ex99_1.htm,EX-99.1,https://www.sec.gov/Archives/edgar/data/313927/000095017025061438/0000950170-25-061438-index.htm,https://www.sec.gov/Archives/edgar/data/313927/000095017025061438/chd-ex99_1.htm
Church & Dwight,CHD,313927,Consumer Staples,8-K,2025-01-31,2025-01-31,0000950170-25-011420,0000950170-25-011420:chd-ex99_1.htm,EX-99.1,https://www.sec.gov/Archives/edgar/data/313927/000095017025011420/0000950170-25-011420-index.htm,https://www.sec.gov/Archives/edgar/data/313927/000095017025011420/chd-ex99_1.htm
Church & Dwight,CHD,313927,Consumer Staples,8-K,2025-10-31,2025-10-31,0001193125-25-259387,0001193125-25-259387:chd-ex99_1.htm,EX-99.1,https://www.sec.gov/Archives/edgar/data/313927/000119312525259387/0001193125-25-259387-index.htm,https://www.sec.gov/Archives/edgar/data/313927/000119312525259387/chd-ex99_1.htm
Church & Dwight,CHD,313927,Consumer Staples,8-K,2025-08-01,2025-08-01,0000950170-25-101104,0000950170-25-101104:chd-ex99_1.htm,EX-99.1,https://www.sec.gov/Archives/edgar/data/313927/000095017025101104/0000950170-25-101104-index.htm,https://www.sec.gov/Archives/edgar/data/313927/000095017025101104/chd-ex99_1.htm
Church & Dwight,CHD,313927,Consumer Staples,8-K,2026-01-30,2026-01-30,0001193125-26-030474,0001193125-26-030474:chd-ex99_1.htm,EX-99.1,https://www.sec.gov/Archives/edgar/data/313927/000119312526030474/0001193125-26-030474-index.htm,https://www.sec.gov/Archives/edgar/data/313927/000119312526030474/chd-ex99_1.htm
Church & Dwight,CHD,313927,Consumer Staples,10-Q,2025-10-31,2025-09-30,0001193125-25-260515,0001193125-25-260515:chd-20250930.htm,10-Q,https://www.sec.gov/Archives/edgar/data/313927/000119312525260515/0001193125-25-260515-index.htm,https://www.sec.gov/Archives/edgar/data/313927/000119312525260515/chd-20250930.htm
Church & Dwight,CHD,313927,Consumer Staples,10-Q,2025-08-01,2025-06-30,0000950170-25-101235,0000950170-25-101235:chd-20250630.htm,10-Q,https://www.sec.gov/Archives/edgar/data/313927/000095017025101235/0000950170-25-101235-index.htm,https://www.sec.gov/Archives/edgar/data/313927/000095017025101235/chd-20250630.htm
Church & Dwight,CHD,313927,Consumer Staples,10-Q,2025-05-01,2025-03-31,0000950170-25-061624,0000950170-25-061624:chd-20250331.htm,10-Q,https://www.sec.gov/Archives/edgar/data/313927/000095017025061624/0000950170-25-061624-index.htm,https://www.sec.gov/Archives/edgar/data/313927/000095017025061624/chd-20250331.htm
Church & Dwight,CHD,313927,Consumer Staples,8-K,2026-05-01,2026-05-01,0001193125-26-199066,0001193125-26-199066:chd-ex99_1.htm,EX-99.1,https://www.sec.gov/Archives/edgar/data/313927/000119312526199066/0001193125-26-199066-index.htm,https://www.sec.gov/Archives/edgar/data/313927/000119312526199066/chd-ex99_1.htm
Church & Dwight,CHD,313927,Consumer Staples,10-K,2025-02-13,2024-12-31,0000950170-25-019801,0000950170-25-019801:chd-20241231.htm,10-K,https://www.sec.gov/Archives/edgar/data/313927/000095017025019801/0000950170-25-019801-index.htm,https://www.sec.gov/Archives/edgar/data/313927/000095017025019801/chd-20241231.htm
Church & Dwight,CHD,313927,Consumer Staples,10-Q,2026-05-01,2026-03-31,0001193125-26-200630,0001193125-26-200630:chd-20260331.htm,10-Q,https://www.sec.gov/Archives/edgar/data/313927/000119312526200630/0001193125-26-200630-index.htm,https://www.sec.gov/Archives/edgar/data/313927/000119312526200630/chd-20260331.htm
Church & Dwight,CHD,313927,Consumer Staples,10-K,2026-02-12,2025-12-31,0001193125-26-048139,0001193125-26-048139:chd-20251231.htm,10-K,https://www.sec.gov/Archives/edgar/data/313927/000119312526048139/0001193125-26-048139-index.htm,https://www.sec.gov/Archives/edgar/data/313927/000119312526048139/chd-20251231.htm
Ciena,CIEN,936395,Information Technology,8-K,2026-06-04,2026-06-04,0001628280-26-040614,0001628280-26-040614:ex9922026q2earningsprese.htm,EX-99.2,https://www.sec.gov/Archives/edgar/data/936395/000162828026040614/0001628280-26-040614-index.htm,https://www.sec.gov/Archives/edgar/data/936395/000162828026040614/ex9922026q2earningsprese.htm
Ciena,CIEN,936395,Information Technology,10-Q,2025-03-12,2025-02-01,0000936395-25-000011,0000936395-25-000011:cien-20250201.htm,10-Q,https://www.sec.gov/Archives/edgar/data/936395/000093639525000011/0000936395-25-000011-index.htm,https://www.sec.gov/Archives/edgar/data/936395/000093639525000011/cien-20250201.htm
Ciena,CIEN,936395,Information Technology,10-Q,2026-03-05,2026-01-31,0001628280-26-015152,0001628280-26-015152:cien-20260131.htm,10-Q,https://www.sec.gov/Archives/edgar/data/936395/000162828026015152/0001628280-26-015152-index.htm,https://www.sec.gov/Archives/edgar/data/936395/000162828026015152/cien-20260131.htm
Ciena,CIEN,936395,Information Technology,10-Q,2025-09-04,2025-08-02,0000936395-25-000041,0000936395-25-000041:cien-20250802.htm,10-Q,https://www.sec.gov/Archives/edgar/data/936395/000093639525000041/0000936395-25-000041-index.htm,https://www.sec.gov/Archives/edgar/data/936395/000093639525000041/cien-20250802.htm
Ciena,CIEN,936395,Information Technology,10-Q,2025-06-05,2025-05-03,0000936395-25-000025,0000936395-25-000025:cien-20250503.htm,10-Q,https://www.sec.gov/Archives/edgar/data/936395/000093639525000025/0000936395-25-000025-index.htm,https://www.sec.gov/Archives/edgar/data/936395/000093639525000025/cien-20250503.htm
Ciena,CIEN,936395,Information Technology,10-K,2025-12-12,2025-11-01,0001628280-25-056698,0001628280-25-056698:cien-20251101.htm,10-K,https://www.sec.gov/Archives/edgar/data/936395/000162828025056698/0001628280-25-056698-index.htm,https://www.sec.gov/Archives/edgar/data/936395/000162828025056698/cien-20251101.htm
Ciena,CIEN,936395,Information Technology,10-Q,2026-06-04,2026-05-02,0001628280-26-040767,0001628280-26-040767:cien-20260502.htm,10-Q,https://www.sec.gov/Archives/edgar/data/936395/000162828026040767/0001628280-26-040767-index.htm,https://www.sec.gov/Archives/edgar/data/936395/000162828026040767/cien-20260502.htm
Cincinnati Financial,CINF,20286,Financials,8-K,2026-05-06,2026-05-02,0000020286-26-000030,0000020286-26-000030:exhibit99205-04x26.htm,EX-99.2,https://www.sec.gov/Archives/edgar/data/20286/000002028626000030/0000020286-26-000030-index.htm,https://www.sec.gov/Archives/edgar/data/20286/000002028626000030/exhibit99205-04x26.htm
Cincinnati Financial,CINF,20286,Financials,8-K,2025-08-22,2025-08-22,0000020286-25-000050,0000020286-25-000050:exhibit99108-22x25.htm,EX-99.1,https://www.sec.gov/Archives/edgar/data/20286/000002028625000050/0000020286-25-000050-index.htm,https://www.sec.gov/Archives/edgar/data/20286/000002028625000050/exhibit99108-22x25.htm
Cincinnati Financial,CINF,20286,Financials,8-K,2026-01-30,2026-01-30,0000020286-26-000003,0000020286-26-000003:exhibit99101-30x26.htm,EX-99.1,https://www.sec.gov/Archives/edgar/data/20286/000002028626000003/0000020286-26-000003-index.htm,https://www.sec.gov/Archives/edgar/data/20286/000002028626000003/exhibit99101-30x26.htm
Cincinnati Financial,CINF,20286,Financials,8-K,2025-11-14,2025-11-14,0000020286-25-000066,0000020286-25-000066:exhibit99111-14x25.htm,EX-99.1,https://www.sec.gov/Archives/edgar/data/20286/000002028625000066/0000020286-25-000066-index.htm,https://www.sec.gov/Archives/edgar/data/20286/000002028625000066/exhibit99111-14x25.htm
Cincinnati Financial,CINF,20286,Financials,8-K,2025-05-07,2025-05-03,0000020286-25-000032,0000020286-25-000032:exhibit99205-05x25.htm,EX-99.2,https://www.sec.gov/Archives/edgar/data/20286/000002028625000032/0000020286-25-000032-index.htm,https://www.sec.gov/Archives/edgar/data/20286/000002028625000032/exhibit99205-05x25.htm
Cincinnati Financial,CINF,20286,Financials,8-K,2025-06-24,2025-06-20,0000020286-25-000040,0000020286-25-000040:exhibit99106-20x25.htm,EX-99.1,https://www.sec.gov/Archives/edgar/data/20286/000002028625000040/0000020286-25-000040-index.htm,https://www.sec.gov/Archives/edgar/data/20286/000002028625000040/exhibit99106-20x25.htm
Cincinnati Financial,CINF,20286,Financials,8-K,2026-06-22,2026-06-19,0000020286-26-000038,0000020286-26-000038:exhibit99106-19x26.htm,EX-99.1,https://www.sec.gov/Archives/edgar/data/20286/000002028626000038/0000020286-26-000038-index.htm,https://www.sec.gov/Archives/edgar/data/20286/000002028626000038/exhibit99106-19x26.htm
Cincinnati Financial,CINF,20286,Financials,8-K,2025-05-07,2025-05-03,0000020286-25-000032,0000020286-25-000032:exhibit99105-05x25.htm,EX-99.1,https://www.sec.gov/Archives/edgar/data/20286/000002028625000032/0000020286-25-000032-index.htm,https://www.sec.gov/Archives/edgar/data/20286/000002028625000032/exhibit99105-05x25.htm
Cincinnati Financial,CINF,20286,Financials,8-K,2026-06-16,2026-06-11,0000020286-26-000034,0000020286-26-000034:exhibit99106-16x26.htm,EX-99.1,https://www.sec.gov/Archives/edgar/data/20286/000002028626000034/0000020286-26-000034-index.htm,https://www.sec.gov/Archives/edgar/data/20286/000002028626000034/exhibit99106-16x26.htm
Cincinnati Financial,CINF,20286,Financials,8-K,2025-05-07,2025-05-03,0000020286-25-000032,0000020286-25-000032:cinf-20250503.htm,8-K,https://www.sec.gov/Archives/edgar/data/20286/000002028625000032/0000020286-25-000032-index.htm,https://www.sec.gov/Archives/edgar/data/20286/000002028625000032/cinf-20250503.htm
Cincinnati Financial,CINF,20286,Financials,8-K,2026-05-06,2026-05-02,0000020286-26-000030,0000020286-26-000030:exhibit99105-04x26.htm,EX-99.1,https://www.sec.gov/Archives/edgar/data/20286/000002028626000030/0000020286-26-000030-index.htm,https://www.sec.gov/Archives/edgar/data/20286/000002028626000030/exhibit99105-04x26.htm
Cincinnati Financial,CINF,20286,Financials,8-K,2026-05-06,2026-05-02,0000020286-26-000030,0000020286-26-000030:cinf-20260502.htm,8-K,https://www.sec.gov/Archives/edgar/data/20286/000002028626000030/0000020286-26-000030-index.htm,https://www.sec.gov/Archives/edgar/data/20286/000002028626000030/cinf-20260502.htm
Cincinnati Financial,CINF,20286,Financials,8-K,2026-04-27,2026-04-27,0000020286-26-000025,0000020286-26-000025:exhibit9911q26.htm,EX-99.1,https://www.sec.gov/Archives/edgar/data/20286/000002028626000025/0000020286-26-000025-index.htm,https://www.sec.gov/Archives/edgar/data/20286/000002028626000025/exhibit9911q26.htm
Cincinnati Financial,CINF,20286,Financials,8-K,2025-04-28,2025-04-28,0000020286-25-000028,0000020286-25-000028:exhibit9911q25.htm,EX-99.1,https://www.sec.gov/Archives/edgar/data/20286/000002028625000028/0000020286-25-000028-index.htm,https://www.sec.gov/Archives/edgar/data/20286/000002028625000028/exhibit9911q25.htm
Cincinnati Financial,CINF,20286,Financials,8-K,2025-10-27,2025-10-27,0000020286-25-000061,0000020286-25-000061:exhibit9913q25.htm,EX-99.1,https://www.sec.gov/Archives/edgar/data/20286/000002028625000061/0000020286-25-000061-index.htm,https://www.sec.gov/Archives/edgar/data/20286/000002028625000061/exhibit9913q25.htm
Cincinnati Financial,CINF,20286,Financials,8-K,2025-07-28,2025-07-28,0000020286-25-000044,0000020286-25-000044:exhibit9912q25.htm,EX-99.1,https://www.sec.gov/Archives/edgar/data/20286/000002028625000044/0000020286-25-000044-index.htm,https://www.sec.gov/Archives/edgar/data/20286/000002028625000044/exhibit9912q25.htm
Cincinnati Financial,CINF,20286,Financials,8-K,2026-02-09,2026-02-09,0000020286-26-000005,0000020286-26-000005:exhibit991q425.htm,EX-99.1,https://www.sec.gov/Archives/edgar/data/20286/000002028626000005/0000020286-26-000005-index.htm,https://www.sec.gov/Archives/edgar/data/20286/000002028626000005/exhibit991q425.htm
Cincinnati Financial,CINF,20286,Financials,10-Q,2026-04-27,2026-03-31,0000020286-26-000026,0000020286-26-000026:cinf-20260331.htm,10-Q,https://www.sec.gov/Archives/edgar/data/20286/000002028626000026/0000020286-26-000026-index.htm,https://www.sec.gov/Archives/edgar/data/20286/000002028626000026/cinf-20260331.htm
Cincinnati Financial,CINF,20286,Financials,10-Q,2025-04-28,2025-03-31,0000020286-25-000029,0000020286-25-000029:cinf-20250331.htm,10-Q,https://www.sec.gov/Archives/edgar/data/20286/000002028625000029/0000020286-25-000029-index.htm,https://www.sec.gov/Archives/edgar/data/20286/000002028625000029/cinf-20250331.htm
Cincinnati Financial,CINF,20286,Financials,10-Q,2025-10-27,2025-09-30,0000020286-25-000062,0000020286-25-000062:cinf-20250930.htm,10-Q,https://www.sec.gov/Archives/edgar/data/20286/000002028625000062/0000020286-25-000062-index.htm,https://www.sec.gov/Archives/edgar/data/20286/000002028625000062/cinf-20250930.htm
Cincinnati Financial,CINF,20286,Financials,10-Q,2025-07-28,2025-06-30,0000020286-25-000045,0000020286-25-000045:cinf-20250630.htm,10-Q,https://www.sec.gov/Archives/edgar/data/20286/000002028625000045/0000020286-25-000045-index.htm,https://www.sec.gov/Archives/edgar/data/20286/000002028625000045/cinf-20250630.htm
Cincinnati Financial,CINF,20286,Financials,10-K,2026-02-23,2025-12-31,0000020286-26-000008,0000020286-26-000008:cinf-20251231.htm,10-K,https://www.sec.gov/Archives/edgar/data/20286/000002028626000008/0000020286-26-000008-index.htm,https://www.sec.gov/Archives/edgar/data/20286/000002028626000008/cinf-20251231.htm
Cintas,CTAS,723254,Industrials,8-K,2026-06-12,2026-06-11,0000950103-26-008890,0000950103-26-008890:dp248355_8k.htm,8-K,https://www.sec.gov/Archives/edgar/data/723254/000095010326008890/0000950103-26-008890-index.htm,https://www.sec.gov/Archives/edgar/data/723254/000095010326008890/dp248355_8k.htm
Cintas,CTAS,723254,Industrials,8-K,2026-03-25,2026-03-25,0000723254-26-000006,0000723254-26-000006:ex992026-2x28.htm,EX-99,https://www.sec.gov/Archives/edgar/data/723254/000072325426000006/0000723254-26-000006-index.htm,https://www.sec.gov/Archives/edgar/data/723254/000072325426000006/ex992026-2x28.htm
Cintas,CTAS,723254,Industrials,8-K,2026-07-15,2026-07-15,0000723254-26-000025,0000723254-26-000025:ex992026-5x31.htm,EX-99,https://www.sec.gov/Archives/edgar/data/723254/000072325426000025/0000723254-26-000025-index.htm,https://www.sec.gov/Archives/edgar/data/723254/000072325426000025/ex992026-5x31.htm
Cintas,CTAS,723254,Industrials,8-K,2026-03-11,2026-03-10,0000950103-26-003567,0000950103-26-003567:dp243132_ex9902.htm,EX-99.2,https://www.sec.gov/Archives/edgar/data/723254/000095010326003567/0000950103-26-003567-index.htm,https://www.sec.gov/Archives/edgar/data/723254/000095010326003567/dp243132_ex9902.htm
Cintas,CTAS,723254,Industrials,8-K,2026-03-11,2026-03-10,0000950103-26-003567,0000950103-26-003567:dp243132_ex9901.htm,EX-99.1,https://www.sec.gov/Archives/edgar/data/723254/000095010326003567/0000950103-26-003567-index.htm,https://www.sec.gov/Archives/edgar/data/723254/000095010326003567/dp243132_ex9901.htm
Cintas,CTAS,723254,Industrials,8-K,2026-03-11,2026-03-10,0000950103-26-003567,0000950103-26-003567:dp243132_8k.htm,8-K,https://www.sec.gov/Archives/edgar/data/723254/000095010326003567/0000950103-26-003567-index.htm,https://www.sec.gov/Archives/edgar/data/723254/000095010326003567/dp243132_8k.htm
Cintas,CTAS,723254,Industrials,10-Q,2026-04-07,2026-02-28,0000723254-26-000012,0000723254-26-000012:ctas-20260228.htm,10-Q,https://www.sec.gov/Archives/edgar/data/723254/000072325426000012/0000723254-26-000012-index.htm,https://www.sec.gov/Archives/edgar/data/723254/000072325426000012/ctas-20260228.htm
Citigroup,C,831001,Financials,8-K,2025-11-20,2025-11-19,0001104659-25-114632,0001104659-25-114632:c-20251119xex99d1.htm,EX-99.1,https://www.sec.gov/Archives/edgar/data/831001/000110465925114632/0001104659-25-114632-index.htm,https://www.sec.gov/Archives/edgar/data/831001/000110465925114632/c-20251119xex99d1.htm
Citigroup,C,831001,Financials,8-K,2025-10-14,2025-10-14,0001104659-25-099097,0001104659-25-099097:c-20251014xex99d1.htm,EX-99.1,https://www.sec.gov/Archives/edgar/data/831001/000110465925099097/0001104659-25-099097-index.htm,https://www.sec.gov/Archives/edgar/data/831001/000110465925099097/c-20251014xex99d1.htm
Citigroup,C,831001,Financials,10-Q,2025-05-08,2025-03-31,0000831001-25-000086,0000831001-25-000086:c-20250331.htm,10-Q,https://www.sec.gov/Archives/edgar/data/831001/000083100125000086/0000831001-25-000086-index.htm,https://www.sec.gov/Archives/edgar/data/831001/000083100125000086/c-20250331.htm
Citigroup,C,831001,Financials,10-Q,2025-11-06,2025-09-30,0000831001-25-000154,0000831001-25-000154:c-20250930.htm,10-Q,https://www.sec.gov/Archives/edgar/data/831001/000083100125000154/0000831001-25-000154-index.htm,https://www.sec.gov/Archives/edgar/data/831001/000083100125000154/c-20250930.htm
Citigroup,C,831001,Financials,10-Q,2025-08-06,2025-06-30,0000831001-25-000131,0000831001-25-000131:c-20250630.htm,10-Q,https://www.sec.gov/Archives/edgar/data/831001/000083100125000131/0000831001-25-000131-index.htm,https://www.sec.gov/Archives/edgar/data/831001/000083100125000131/c-20250630.htm
Citigroup,C,831001,Financials,10-K,2026-02-20,2025-12-31,0000831001-26-000011,0000831001-26-000011:c-20251231.htm,10-K,https://www.sec.gov/Archives/edgar/data/831001/000083100126000011/0000831001-26-000011-index.htm,https://www.sec.gov/Archives/edgar/data/831001/000083100126000011/c-20251231.htm
Clorox,CLX,21076,Consumer Staples,10-K,2025-08-08,2025-06-30,0000021076-25-000039,0000021076-25-000039:clx-20250630.htm,10-K,https://www.sec.gov/Archives/edgar/data/21076/000002107625000039/0000021076-25-000039-index.htm,https://www.sec.gov/Archives/edgar/data/21076/000002107625000039/clx-20250630.htm
CME Group,CME,1156375,Financials,10-K,2026-02-26,2025-12-31,0001156375-26-000009,0001156375-26-000009:cme-20251231.htm,10-K,https://www.sec.gov/Archives/edgar/data/1156375/000115637526000009/0001156375-26-000009-index.htm,https://www.sec.gov/Archives/edgar/data/1156375/000115637526000009/cme-20251231.htm
CMS Energy,CMS,811156,Utilities,10-Q,2026-04-28,2026-03-31,0000811156-26-000024,0000811156-26-000024:cms-20260331.htm,10-Q,https://www.sec.gov/Archives/edgar/data/811156/000081115626000024/0000811156-26-000024-index.htm,https://www.sec.gov/Archives/edgar/data/811156/000081115626000024/cms-20260331.htm
CMS Energy,CMS,811156,Utilities,10-Q,2025-10-30,2025-09-30,0000811156-25-000077,0000811156-25-000077:cms-20250930.htm,10-Q,https://www.sec.gov/Archives/edgar/data/811156/000081115625000077/0000811156-25-000077-index.htm,https://www.sec.gov/Archives/edgar/data/811156/000081115625000077/cms-20250930.htm
CMS Energy,CMS,811156,Utilities,10-Q,2025-07-31,2025-06-30,0000811156-25-000071,0000811156-25-000071:cms-20250630.htm,10-Q,https://www.sec.gov/Archives/edgar/data/811156/000081115625000071/0000811156-25-000071-index.htm,https://www.sec.gov/Archives/edgar/data/811156/000081115625000071/cms-20250630.htm
CMS Energy,CMS,811156,Utilities,10-K,2026-02-10,2025-12-31,0000811156-26-000004,0000811156-26-000004:cms-20251231.htm,10-K,https://www.sec.gov/Archives/edgar/data/811156/000081115626000004/0000811156-26-000004-index.htm,https://www.sec.gov/Archives/edgar/data/811156/000081115626000004/cms-20251231.htm
CMS Energy,CMS,811156,Utilities,8-K,2025-07-31,2025-07-31,0001104659-25-072445,0001104659-25-072445:tm2522139d1_ex99-2.htm,EX-99.2,https://www.sec.gov/Archives/edgar/data/811156/000110465925072445/0001104659-25-072445-index.htm,https://www.sec.gov/Archives/edgar/data/811156/000110465925072445/tm2522139d1_ex99-2.htm
CMS Energy,CMS,811156,Utilities,8-K,2025-04-24,2025-04-24,0001104659-25-038300,0001104659-25-038300:tm2513034d1_ex99-2.htm,EX-99.2,https://www.sec.gov/Archives/edgar/data/811156/000110465925038300/0001104659-25-038300-index.htm,https://www.sec.gov/Archives/edgar/data/811156/000110465925038300/tm2513034d1_ex99-2.htm
CMS Energy,CMS,811156,Utilities,8-K,2026-04-28,2026-04-28,0001104659-26-049718,0001104659-26-049718:tm2612873d1_ex99-2.htm,EX-99.2,https://www.sec.gov/Archives/edgar/data/811156/000110465926049718/0001104659-26-049718-index.htm,https://www.sec.gov/Archives/edgar/data/811156/000110465926049718/tm2612873d1_ex99-2.htm
CMS Energy,CMS,811156,Utilities,10-Q,2025-04-24,2025-03-31,0000811156-25-000047,0000811156-25-000047:cms-20250331.htm,10-Q,https://www.sec.gov/Archives/edgar/data/811156/000081115625000047/0000811156-25-000047-index.htm,https://www.sec.gov/Archives/edgar/data/811156/000081115625000047/cms-20250331.htm
CMS Energy,CMS,811156,Utilities,10-K,2025-02-11,2024-12-31,0000811156-25-000036,0000811156-25-000036:cms-20241231.htm,10-K,https://www.sec.gov/Archives/edgar/data/811156/000081115625000036/0000811156-25-000036-index.htm,https://www.sec.gov/Archives/edgar/data/811156/000081115625000036/cms-20241231.htm
Coherent Corp.,COHR,820318,Information Technology,8-K,2025-12-16,2025-12-16,0000820318-25-000024,0000820318-25-000024:iivi-20251216_d2.htm,EX-99.1,https://www.sec.gov/Archives/edgar/data/820318/000082031825000024/0000820318-25-000024-index.htm,https://www.sec.gov/Archives/edgar/data/820318/000082031825000024/iivi-20251216_d2.htm
Coherent Corp.,COHR,820318,Information Technology,8-K,2025-05-28,2025-05-28,0001193125-25-129060,0001193125-25-129060:d908147dex992.htm,EX-99.2,https://www.sec.gov/Archives/edgar/data/820318/000119312525129060/0001193125-25-129060-index.htm,https://www.sec.gov/Archives/edgar/data/820318/000119312525129060/d908147dex992.htm
Coherent Corp.,COHR,820318,Information Technology,10-K,2025-08-15,2025-06-30,0000820318-25-000014,0000820318-25-000014:iivi-20250630.htm,10-K,https://www.sec.gov/Archives/edgar/data/820318/000082031825000014/0000820318-25-000014-index.htm,https://www.sec.gov/Archives/edgar/data/820318/000082031825000014/iivi-20250630.htm
Coherent Corp.,COHR,820318,Information Technology,10-Q,2025-11-05,2025-09-30,0000820318-25-000019,0000820318-25-000019:iivi-20250930.htm,10-Q,https://www.sec.gov/Archives/edgar/data/820318/000082031825000019/0000820318-25-000019-index.htm,https://www.sec.gov/Archives/edgar/data/820318/000082031825000019/iivi-20250930.htm
Coherent Corp.,COHR,820318,Information Technology,10-Q,2026-02-04,2025-12-31,0000820318-26-000006,0000820318-26-000006:iivi-20251231.htm,10-Q,https://www.sec.gov/Archives/edgar/data/820318/000082031826000006/0000820318-26-000006-index.htm,https://www.sec.gov/Archives/edgar/data/820318/000082031826000006/iivi-20251231.htm
Coherent Corp.,COHR,820318,Information Technology,10-Q,2026-05-06,2026-03-31,0000820318-26-000013,0000820318-26-000013:iivi-20260331.htm,10-Q,https://www.sec.gov/Archives/edgar/data/820318/000082031826000013/0000820318-26-000013-index.htm,https://www.sec.gov/Archives/edgar/data/820318/000082031826000013/iivi-20260331.htm
Coherent Corp.,COHR,820318,Information Technology,10-Q,2025-05-07,2025-03-31,0000820318-25-000009,0000820318-25-000009:iivi-20250331.htm,10-Q,https://www.sec.gov/Archives/edgar/data/820318/000082031825000009/0000820318-25-000009-index.htm,https://www.sec.gov/Archives/edgar/data/820318/000082031825000009/iivi-20250331.htm
Coinbase,COIN,1679788,Financials,8-K,2025-05-08,2025-05-08,0001679788-25-000088,0001679788-25-000088:q125shareholderletter.htm,EX-99.1,https://www.sec.gov/Archives/edgar/data/1679788/000167978825000088/0001679788-25-000088-index.htm,https://www.sec.gov/Archives/edgar/data/1679788/000167978825000088/q125shareholderletter.htm
Comfort Systems USA,FIX,1035983,Industrials,10-K,2026-02-19,2025-12-31,0001104659-26-017530,0001104659-26-017530:fix-20251231x10k.htm,10-K,https://www.sec.gov/Archives/edgar/data/1035983/000110465926017530/0001104659-26-017530-index.htm,https://www.sec.gov/Archives/edgar/data/1035983/000110465926017530/fix-20251231x10k.htm
Comfort Systems USA,FIX,1035983,Industrials,10-K,2025-02-20,2024-12-31,0001558370-25-001222,0001558370-25-001222:fix-20241231x10k.htm,10-K,https://www.sec.gov/Archives/edgar/data/1035983/000155837025001222/0001558370-25-001222-index.htm,https://www.sec.gov/Archives/edgar/data/1035983/000155837025001222/fix-20241231x10k.htm
Consolidated Edison,ED,1047862,Utilities,8-K,2025-02-20,2025-02-20,0001047862-25-000014,0001047862-25-000014:a4q2024earningsreleasepr.htm,EX-99.2,https://www.sec.gov/Archives/edgar/data/1047862/000104786225000014/0001047862-25-000014-index.htm,https://www.sec.gov/Archives/edgar/data/1047862/000104786225000014/a4q2024earningsreleasepr.htm
Consolidated Edison,ED,1047862,Utilities,10-K,2025-02-20,2024-12-31,0001047862-25-000011,0001047862-25-000011:ed-20241231.htm,10-K,https://www.sec.gov/Archives/edgar/data/1047862/000104786225000011/0001047862-25-000011-index.htm,https://www.sec.gov/Archives/edgar/data/1047862/000104786225000011/ed-20241231.htm
Consolidated Edison,ED,1047862,Utilities,10-K,2026-02-19,2025-12-31,0001047862-26-000031,0001047862-26-000031:ed-20251231.htm,10-K,https://www.sec.gov/Archives/edgar/data/1047862/000104786226000031/0001047862-26-000031-index.htm,https://www.sec.gov/Archives/edgar/data/1047862/000104786226000031/ed-20251231.htm
Consolidated Edison,ED,1047862,Utilities,10-Q,2025-05-01,2025-03-31,0001047862-25-000045,0001047862-25-000045:ed-20250331.htm,10-Q,https://www.sec.gov/Archives/edgar/data/1047862/000104786225000045/0001047862-25-000045-index.htm,https://www.sec.gov/Archives/edgar/data/1047862/000104786225000045/ed-20250331.htm
Consolidated Edison,ED,1047862,Utilities,10-Q,2026-05-07,2026-03-31,0001047862-26-000091,0001047862-26-000091:ed-20260331.htm,10-Q,https://www.sec.gov/Archives/edgar/data/1047862/000104786226000091/0001047862-26-000091-index.htm,https://www.sec.gov/Archives/edgar/data/1047862/000104786226000091/ed-20260331.htm
Consolidated Edison,ED,1047862,Utilities,10-Q,2025-08-07,2025-06-30,0001047862-25-000069,0001047862-25-000069:ed-20250630.htm,10-Q,https://www.sec.gov/Archives/edgar/data/1047862/000104786225000069/0001047862-25-000069-index.htm,https://www.sec.gov/Archives/edgar/data/1047862/000104786225000069/ed-20250630.htm
Consolidated Edison,ED,1047862,Utilities,10-Q,2025-11-06,2025-09-30,0001047862-25-000138,0001047862-25-000138:ed-20250930.htm,10-Q,https://www.sec.gov/Archives/edgar/data/1047862/000104786225000138/0001047862-25-000138-index.htm,https://www.sec.gov/Archives/edgar/data/1047862/000104786225000138/ed-20250930.htm
Constellation Brands,STZ,16918,Consumer Staples,8-K,2025-09-02,2025-09-02,0000016918-25-000132,0000016918-25-000132:stzex991_922025guidanceupd.htm,EX-99.1,https://www.sec.gov/Archives/edgar/data/16918/000001691825000132/0000016918-25-000132-index.htm,https://www.sec.gov/Archives/edgar/data/16918/000001691825000132/stzex991_922025guidanceupd.htm
Constellation Brands,STZ,16918,Consumer Staples,8-K,2025-09-02,2025-09-02,0000016918-25-000132,0000016918-25-000132:stzex992_presentation.htm,EX-99.2,https://www.sec.gov/Archives/edgar/data/16918/000001691825000132/0000016918-25-000132-index.htm,https://www.sec.gov/Archives/edgar/data/16918/000001691825000132/stzex992_presentation.htm
Constellation Brands,STZ,16918,Consumer Staples,8-K,2025-09-02,2025-09-02,0000016918-25-000132,0000016918-25-000132:stzex992_presentation.pdf,EX-99.2,https://www.sec.gov/Archives/edgar/data/16918/000001691825000132/0000016918-25-000132-index.htm,https://www.sec.gov/Archives/edgar/data/16918/000001691825000132/stzex992_presentation.pdf
Constellation Brands,STZ,16918,Consumer Staples,8-K,2026-06-30,2026-06-30,0000016918-26-000028,0000016918-26-000028:stzex99-1_053126.pdf,EX-99.1,https://www.sec.gov/Archives/edgar/data/16918/000001691826000028/0000016918-26-000028-index.htm,https://www.sec.gov/Archives/edgar/data/16918/000001691826000028/stzex99-1_053126.pdf
Constellation Brands,STZ,16918,Consumer Staples,8-K,2026-06-30,2026-06-30,0000016918-26-000028,0000016918-26-000028:stzex991_53120268kearnings.htm,EX-99.1,https://www.sec.gov/Archives/edgar/data/16918/000001691826000028/0000016918-26-000028-index.htm,https://www.sec.gov/Archives/edgar/data/16918/000001691826000028/stzex991_53120268kearnings.htm
Constellation Brands,STZ,16918,Consumer Staples,8-K,2025-07-01,2025-07-01,0000016918-25-000074,0000016918-25-000074:stzex991_53120258kearnings.htm,EX-99.1,https://www.sec.gov/Archives/edgar/data/16918/000001691825000074/0000016918-25-000074-index.htm,https://www.sec.gov/Archives/edgar/data/16918/000001691825000074/stzex991_53120258kearnings.htm
Constellation Brands,STZ,16918,Consumer Staples,8-K,2026-01-07,2026-01-07,0000016918-26-000002,0000016918-26-000002:stzex991_113020258kearnings.htm,EX-99.1,https://www.sec.gov/Archives/edgar/data/16918/000001691826000002/0000016918-26-000002-index.htm,https://www.sec.gov/Archives/edgar/data/16918/000001691826000002/stzex991_113020258kearnings.htm
Constellation Brands,STZ,16918,Consumer Staples,8-K,2025-07-01,2025-07-01,0000016918-25-000074,0000016918-25-000074:stzex99-1_053125.pdf,EX-99.1,https://www.sec.gov/Archives/edgar/data/16918/000001691825000074/0000016918-25-000074-index.htm,https://www.sec.gov/Archives/edgar/data/16918/000001691825000074/stzex99-1_053125.pdf
Constellation Brands,STZ,16918,Consumer Staples,8-K,2026-01-07,2026-01-07,0000016918-26-000002,0000016918-26-000002:stzex99-1_113025.pdf,EX-99.1,https://www.sec.gov/Archives/edgar/data/16918/000001691826000002/0000016918-26-000002-index.htm,https://www.sec.gov/Archives/edgar/data/16918/000001691826000002/stzex99-1_113025.pdf
Constellation Brands,STZ,16918,Consumer Staples,8-K,2025-10-06,2025-10-06,0000016918-25-000140,0000016918-25-000140:stzex99-1_083125.pdf,EX-99.1,https://www.sec.gov/Archives/edgar/data/16918/000001691825000140/0000016918-25-000140-index.htm,https://www.sec.gov/Archives/edgar/data/16918/000001691825000140/stzex99-1_083125.pdf
Constellation Brands,STZ,16918,Consumer Staples,8-K,2025-10-06,2025-10-06,0000016918-25-000140,0000016918-25-000140:stzex991_83120258kearnings.htm,EX-99.1,https://www.sec.gov/Archives/edgar/data/16918/000001691825000140/0000016918-25-000140-index.htm,https://www.sec.gov/Archives/edgar/data/16918/000001691825000140/stzex991_83120258kearnings.htm
Constellation Brands,STZ,16918,Consumer Staples,8-K,2026-04-08,2026-04-08,0000016918-26-000008,0000016918-26-000008:stzex99-1_022826.pdf,EX-99.1,https://www.sec.gov/Archives/edgar/data/16918/000001691826000008/0000016918-26-000008-index.htm,https://www.sec.gov/Archives/edgar/data/16918/000001691826000008/stzex99-1_022826.pdf
Constellation Brands,STZ,16918,Consumer Staples,8-K,2026-04-08,2026-04-08,0000016918-26-000008,0000016918-26-000008:stzex991_22820268kearnings.htm,EX-99.1,https://www.sec.gov/Archives/edgar/data/16918/000001691826000008/0000016918-26-000008-index.htm,https://www.sec.gov/Archives/edgar/data/16918/000001691826000008/stzex991_22820268kearnings.htm
Constellation Brands,STZ,16918,Consumer Staples,8-K,2025-04-09,2025-04-09,0000016918-25-000017,0000016918-25-000017:stzex991_2282025earnings.htm,EX-99.1,https://www.sec.gov/Archives/edgar/data/16918/000001691825000017/0000016918-25-000017-index.htm,https://www.sec.gov/Archives/edgar/data/16918/000001691825000017/stzex991_2282025earnings.htm
Constellation Brands,STZ,16918,Consumer Staples,8-K,2025-04-09,2025-04-09,0000016918-25-000017,0000016918-25-000017:stzex99-1_022825.pdf,EX-99.1,https://www.sec.gov/Archives/edgar/data/16918/000001691825000017/0000016918-25-000017-index.htm,https://www.sec.gov/Archives/edgar/data/16918/000001691825000017/stzex99-1_022825.pdf
Constellation Brands,STZ,16918,Consumer Staples,10-Q,2026-07-01,2026-05-31,0000016918-26-000029,0000016918-26-000029:stz-20260531.htm,10-Q,https://www.sec.gov/Archives/edgar/data/16918/000001691826000029/0000016918-26-000029-index.htm,https://www.sec.gov/Archives/edgar/data/16918/000001691826000029/stz-20260531.htm
Constellation Brands,STZ,16918,Consumer Staples,10-Q,2025-07-02,2025-05-31,0000016918-25-000075,0000016918-25-000075:stz-20250531.htm,10-Q,https://www.sec.gov/Archives/edgar/data/16918/000001691825000075/0000016918-25-000075-index.htm,https://www.sec.gov/Archives/edgar/data/16918/000001691825000075/stz-20250531.htm
Constellation Brands,STZ,16918,Consumer Staples,10-Q,2025-01-10,2024-11-30,0000016918-25-000004,0000016918-25-000004:stz-20241130.htm,10-Q,https://www.sec.gov/Archives/edgar/data/16918/000001691825000004/0000016918-25-000004-index.htm,https://www.sec.gov/Archives/edgar/data/16918/000001691825000004/stz-20241130.htm
Constellation Brands,STZ,16918,Consumer Staples,10-Q,2025-10-07,2025-08-31,0000016918-25-000141,0000016918-25-000141:stz-20250831.htm,10-Q,https://www.sec.gov/Archives/edgar/data/16918/000001691825000141/0000016918-25-000141-index.htm,https://www.sec.gov/Archives/edgar/data/16918/000001691825000141/stz-20250831.htm
Constellation Brands,STZ,16918,Consumer Staples,10-Q,2026-01-08,2025-11-30,0000016918-26-000005,0000016918-26-000005:stz-20251130.htm,10-Q,https://www.sec.gov/Archives/edgar/data/16918/000001691826000005/0000016918-26-000005-index.htm,https://www.sec.gov/Archives/edgar/data/16918/000001691826000005/stz-20251130.htm
Constellation Brands,STZ,16918,Consumer Staples,10-K,2026-04-22,2026-02-28,0000016918-26-000011,0000016918-26-000011:stz-20260228.htm,10-K,https://www.sec.gov/Archives/edgar/data/16918/000001691826000011/0000016918-26-000011-index.htm,https://www.sec.gov/Archives/edgar/data/16918/000001691826000011/stz-20260228.htm
Constellation Brands,STZ,16918,Consumer Staples,10-K,2025-04-23,2025-02-28,0000016918-25-000022,0000016918-25-000022:stz-20250228.htm,10-K,https://www.sec.gov/Archives/edgar/data/16918/000001691825000022/0000016918-25-000022-index.htm,https://www.sec.gov/Archives/edgar/data/16918/000001691825000022/stz-20250228.htm
Constellation Energy,CEG,1868275,Utilities,8-K,2025-05-06,2025-05-06,0001868275-25-000040,0001868275-25-000040:ceg-20250506992.htm,EX-99.2,https://www.sec.gov/Archives/edgar/data/1868275/000186827525000040/0001868275-25-000040-index.htm,https://www.sec.gov/Archives/edgar/data/1868275/000186827525000040/ceg-20250506992.htm
Constellation Energy,CEG,1868275,Utilities,10-Q,2026-05-11,2026-03-31,0001868275-26-000067,0001868275-26-000067:ceg-20260331.htm,10-Q,https://www.sec.gov/Archives/edgar/data/1868275/000186827526000067/0001868275-26-000067-index.htm,https://www.sec.gov/Archives/edgar/data/1868275/000186827526000067/ceg-20260331.htm
Constellation Energy,CEG,1868275,Utilities,8-K,2025-12-09,2025-12-09,0001104659-25-119690,0001104659-25-119690:tm2532248d2_ex99-1.htm,EX-99.1,https://www.sec.gov/Archives/edgar/data/1868275/000110465925119690/0001104659-25-119690-index.htm,https://www.sec.gov/Archives/edgar/data/1868275/000110465925119690/tm2532248d2_ex99-1.htm
Constellation Energy,CEG,1868275,Utilities,10-Q,2025-05-06,2025-03-31,0001868275-25-000044,0001868275-25-000044:ceg-20250331.htm,10-Q,https://www.sec.gov/Archives/edgar/data/1868275/000186827525000044/0001868275-25-000044-index.htm,https://www.sec.gov/Archives/edgar/data/1868275/000186827525000044/ceg-20250331.htm
Constellation Energy,CEG,1868275,Utilities,10-K,2026-02-24,2025-12-31,0001868275-26-000032,0001868275-26-000032:ceg-20251231.htm,10-K,https://www.sec.gov/Archives/edgar/data/1868275/000186827526000032/0001868275-26-000032-index.htm,https://www.sec.gov/Archives/edgar/data/1868275/000186827526000032/ceg-20251231.htm
Constellation Energy,CEG,1868275,Utilities,10-Q,2025-08-07,2025-06-30,0001868275-25-000073,0001868275-25-000073:ceg-20250630.htm,10-Q,https://www.sec.gov/Archives/edgar/data/1868275/000186827525000073/0001868275-25-000073-index.htm,https://www.sec.gov/Archives/edgar/data/1868275/000186827525000073/ceg-20250630.htm
Constellation Energy,CEG,1868275,Utilities,8-K,2025-12-09,2025-12-09,0001104659-25-119690,0001104659-25-119690:tm2532248d2_ex99-2.htm,EX-99.2,https://www.sec.gov/Archives/edgar/data/1868275/000110465925119690/0001104659-25-119690-index.htm,https://www.sec.gov/Archives/edgar/data/1868275/000110465925119690/tm2532248d2_ex99-2.htm
Constellation Energy,CEG,1868275,Utilities,10-Q,2025-11-07,2025-09-30,0001868275-25-000092,0001868275-25-000092:ceg-20250930.htm,10-Q,https://www.sec.gov/Archives/edgar/data/1868275/000186827525000092/0001868275-25-000092-index.htm,https://www.sec.gov/Archives/edgar/data/1868275/000186827525000092/ceg-20250930.htm
Constellation Energy,CEG,1868275,Utilities,8-K,2025-01-13,2025-01-10,0001868275-25-000011,0001868275-25-000011:ceg-202501138kexh21.htm,EX-2.1,https://www.sec.gov/Archives/edgar/data/1868275/000186827525000011/0001868275-25-000011-index.htm,https://www.sec.gov/Archives/edgar/data/1868275/000186827525000011/ceg-202501138kexh21.htm
Constellation Energy,CEG,1868275,Utilities,10-K,2025-02-18,2024-12-31,0001868275-25-000023,0001868275-25-000023:ceg-20241231.htm,10-K,https://www.sec.gov/Archives/edgar/data/1868275/000186827525000023/0001868275-25-000023-index.htm,https://www.sec.gov/Archives/edgar/data/1868275/000186827525000023/ceg-20241231.htm
Cooper Companies (The),COO,711404,Health Care,10-K,2025-12-05,2025-10-31,0001628280-25-055615,0001628280-25-055615:coo-20251031.htm,10-K,https://www.sec.gov/Archives/edgar/data/711404/000162828025055615/0001628280-25-055615-index.htm,https://www.sec.gov/Archives/edgar/data/711404/000162828025055615/coo-20251031.htm
Corpay,CPAY,1175454,Financials,8-K,2026-04-27,2026-04-27,0001175454-26-000027,0001175454-26-000027:flt-20260427.htm,8-K,https://www.sec.gov/Archives/edgar/data/1175454/000117545426000027/0001175454-26-000027-index.htm,https://www.sec.gov/Archives/edgar/data/1175454/000117545426000027/flt-20260427.htm
Corpay,CPAY,1175454,Financials,8-K,2025-09-29,2025-09-29,0001175454-25-000021,0001175454-25-000021:flt-20250929.htm,8-K,https://www.sec.gov/Archives/edgar/data/1175454/000117545425000021/0001175454-25-000021-index.htm,https://www.sec.gov/Archives/edgar/data/1175454/000117545425000021/flt-20250929.htm
Corpay,CPAY,1175454,Financials,8-K,2025-05-06,2025-05-06,0001628280-25-022757,0001628280-25-022757:ex991q1_2025.htm,EX-99.1,https://www.sec.gov/Archives/edgar/data/1175454/000162828025022757/0001628280-25-022757-index.htm,https://www.sec.gov/Archives/edgar/data/1175454/000162828025022757/ex991q1_2025.htm
Corpay,CPAY,1175454,Financials,8-K,2025-08-06,2025-08-06,0001175454-25-000013,0001175454-25-000013:ex991q2_2025.htm,EX-99.1,https://www.sec.gov/Archives/edgar/data/1175454/000117545425000013/0001175454-25-000013-index.htm,https://www.sec.gov/Archives/edgar/data/1175454/000117545425000013/ex991q2_2025.htm
Corpay,CPAY,1175454,Financials,8-K,2026-05-07,2026-05-07,0001175454-26-000029,0001175454-26-000029:ex991q1_2026.htm,EX-99.1,https://www.sec.gov/Archives/edgar/data/1175454/000117545426000029/0001175454-26-000029-index.htm,https://www.sec.gov/Archives/edgar/data/1175454/000117545426000029/ex991q1_2026.htm
Corpay,CPAY,1175454,Financials,8-K,2025-11-05,2025-10-31,0001175454-25-000025,0001175454-25-000025:ex991q3_2025.htm,EX-99.1,https://www.sec.gov/Archives/edgar/data/1175454/000117545425000025/0001175454-25-000025-index.htm,https://www.sec.gov/Archives/edgar/data/1175454/000117545425000025/ex991q3_2025.htm
Corpay,CPAY,1175454,Financials,8-K,2026-02-04,2026-02-04,0001175454-26-000008,0001175454-26-000008:ex991q4_2025.htm,EX-99.1,https://www.sec.gov/Archives/edgar/data/1175454/000117545426000008/0001175454-26-000008-index.htm,https://www.sec.gov/Archives/edgar/data/1175454/000117545426000008/ex991q4_2025.htm
Corpay,CPAY,1175454,Financials,10-Q,2026-05-08,2026-03-31,0001175454-26-000032,0001175454-26-000032:cpay-20260331.htm,10-Q,https://www.sec.gov/Archives/edgar/data/1175454/000117545426000032/0001175454-26-000032-index.htm,https://www.sec.gov/Archives/edgar/data/1175454/000117545426000032/cpay-20260331.htm
Corpay,CPAY,1175454,Financials,10-Q,2025-05-12,2025-03-31,0001628280-25-024747,0001628280-25-024747:cpay-20250331.htm,10-Q,https://www.sec.gov/Archives/edgar/data/1175454/000162828025024747/0001628280-25-024747-index.htm,https://www.sec.gov/Archives/edgar/data/1175454/000162828025024747/cpay-20250331.htm
Corpay,CPAY,1175454,Financials,10-Q,2025-08-07,2025-06-30,0001175454-25-000018,0001175454-25-000018:cpay-20250630.htm,10-Q,https://www.sec.gov/Archives/edgar/data/1175454/000117545425000018/0001175454-25-000018-index.htm,https://www.sec.gov/Archives/edgar/data/1175454/000117545425000018/cpay-20250630.htm
Corpay,CPAY,1175454,Financials,10-Q,2025-11-10,2025-09-30,0001175454-25-000029,0001175454-25-000029:cpay-20250930.htm,10-Q,https://www.sec.gov/Archives/edgar/data/1175454/000117545425000029/0001175454-25-000029-index.htm,https://www.sec.gov/Archives/edgar/data/1175454/000117545425000029/cpay-20250930.htm
Corpay,CPAY,1175454,Financials,10-K,2026-02-27,2025-12-31,0001175454-26-000018,0001175454-26-000018:flt-20251231.htm,10-K,https://www.sec.gov/Archives/edgar/data/1175454/000117545426000018/0001175454-26-000018-index.htm,https://www.sec.gov/Archives/edgar/data/1175454/000117545426000018/flt-20251231.htm
Corteva,CTVA,1755672,Materials,8-K,2025-08-06,2025-08-06,0001755672-25-000015,0001755672-25-000015:final_q2x2025xearningsxn.htm,EX-99.1,https://www.sec.gov/Archives/edgar/data/1755672/000175567225000015/0001755672-25-000015-index.htm,https://www.sec.gov/Archives/edgar/data/1755672/000175567225000015/final_q2x2025xearningsxn.htm
Corteva,CTVA,1755672,Materials,8-K,2025-11-04,2025-11-04,0001755672-25-000020,0001755672-25-000020:a3q_2025xearningsxnewsxr.htm,EX-99.1,https://www.sec.gov/Archives/edgar/data/1755672/000175567225000020/0001755672-25-000020-index.htm,https://www.sec.gov/Archives/edgar/data/1755672/000175567225000020/a3q_2025xearningsxnewsxr.htm
Corteva,CTVA,1755672,Materials,8-K,2026-02-03,2026-02-03,0001755672-26-000002,0001755672-26-000002:a4q_2025xearningsxnewsxr.htm,EX-99.1,https://www.sec.gov/Archives/edgar/data/1755672/000175567226000002/0001755672-26-000002-index.htm,https://www.sec.gov/Archives/edgar/data/1755672/000175567226000002/a4q_2025xearningsxnewsxr.htm
Corteva,CTVA,1755672,Materials,10-K,2026-02-12,2025-12-31,0001755672-26-000004,0001755672-26-000004:ctva-20251231.htm,10-K,https://www.sec.gov/Archives/edgar/data/1755672/000175567226000004/0001755672-26-000004-index.htm,https://www.sec.gov/Archives/edgar/data/1755672/000175567226000004/ctva-20251231.htm
Corteva,CTVA,1755672,Materials,10-K,2025-02-14,2024-12-31,0001755672-25-000005,0001755672-25-000005:ctva-20241231.htm,10-K,https://www.sec.gov/Archives/edgar/data/1755672/000175567225000005/0001755672-25-000005-index.htm,https://www.sec.gov/Archives/edgar/data/1755672/000175567225000005/ctva-20241231.htm
CRH plc,CRH,849395,Materials,8-K,2025-05-05,2025-05-05,0001628280-25-022191,0001628280-25-022191:q1resultsannouncement2025.htm,EX-99.1,https://www.sec.gov/Archives/edgar/data/849395/000162828025022191/0001628280-25-022191-index.htm,https://www.sec.gov/Archives/edgar/data/849395/000162828025022191/q1resultsannouncement2025.htm
CRH plc,CRH,849395,Materials,10-Q,2025-05-05,2025-03-31,0001628280-25-022195,0001628280-25-022195:crh-20250331.htm,10-Q,https://www.sec.gov/Archives/edgar/data/849395/000162828025022195/0001628280-25-022195-index.htm,https://www.sec.gov/Archives/edgar/data/849395/000162828025022195/crh-20250331.htm
CSX Corporation,CSX,277948,Industrials,10-K,2026-02-12,2025-12-31,0000277948-26-000006,0000277948-26-000006:csx-20251231.htm,10-K,https://www.sec.gov/Archives/edgar/data/277948/000027794826000006/0000277948-26-000006-index.htm,https://www.sec.gov/Archives/edgar/data/277948/000027794826000006/csx-20251231.htm
CSX Corporation,CSX,277948,Industrials,10-K,2025-02-27,2024-12-31,0000277948-25-000008,0000277948-25-000008:csx-20241231.htm,10-K,https://www.sec.gov/Archives/edgar/data/277948/000027794825000008/0000277948-25-000008-index.htm,https://www.sec.gov/Archives/edgar/data/277948/000027794825000008/csx-20241231.htm
Cummins,CMI,26172,Industrials,10-Q,2025-08-05,2025-06-30,0000026172-25-000031,0000026172-25-000031:cmi-20250630.htm,10-Q,https://www.sec.gov/Archives/edgar/data/26172/000002617225000031/0000026172-25-000031-index.htm,https://www.sec.gov/Archives/edgar/data/26172/000002617225000031/cmi-20250630.htm
Cummins,CMI,26172,Industrials,10-Q,2025-11-06,2025-09-30,0000026172-25-000039,0000026172-25-000039:cmi-20250930.htm,10-Q,https://www.sec.gov/Archives/edgar/data/26172/000002617225000039/0000026172-25-000039-index.htm,https://www.sec.gov/Archives/edgar/data/26172/000002617225000039/cmi-20250930.htm
Cummins,CMI,26172,Industrials,10-Q,2026-05-05,2026-03-31,0000026172-26-000016,0000026172-26-000016:cmi-20260331.htm,10-Q,https://www.sec.gov/Archives/edgar/data/26172/000002617226000016/0000026172-26-000016-index.htm,https://www.sec.gov/Archives/edgar/data/26172/000002617226000016/cmi-20260331.htm
Cummins,CMI,26172,Industrials,10-K,2026-02-10,2025-12-31,0000026172-26-000009,0000026172-26-000009:cmi-20251231.htm,10-K,https://www.sec.gov/Archives/edgar/data/26172/000002617226000009/0000026172-26-000009-index.htm,https://www.sec.gov/Archives/edgar/data/26172/000002617226000009/cmi-20251231.htm
Cummins,CMI,26172,Industrials,10-Q,2025-05-05,2025-03-31,0000026172-25-000013,0000026172-25-000013:cmi-20250331.htm,10-Q,https://www.sec.gov/Archives/edgar/data/26172/000002617225000013/0000026172-25-000013-index.htm,https://www.sec.gov/Archives/edgar/data/26172/000002617225000013/cmi-20250331.htm
CVS Health,CVS,64803,Health Care,10-K,2026-02-10,2025-12-31,0000064803-26-000010,0000064803-26-000010:cvs-20251231.htm,10-K,https://www.sec.gov/Archives/edgar/data/64803/000006480326000010/0000064803-26-000010-index.htm,https://www.sec.gov/Archives/edgar/data/64803/000006480326000010/cvs-20251231.htm
CVS Health,CVS,64803,Health Care,10-K,2025-02-12,2024-12-31,0000064803-25-000007,0000064803-25-000007:cvs-20241231.htm,10-K,https://www.sec.gov/Archives/edgar/data/64803/000006480325000007/0000064803-25-000007-index.htm,https://www.sec.gov/Archives/edgar/data/64803/000006480325000007/cvs-20241231.htm
Danaher Corporation,DHR,313616,Health Care,8-K,2026-07-21,2026-07-21,0000313616-26-000163,0000313616-26-000163:dhr-20260721xex991.htm,EX-99.1,https://www.sec.gov/Archives/edgar/data/313616/000031361626000163/0000313616-26-000163-index.htm,https://www.sec.gov/Archives/edgar/data/313616/000031361626000163/dhr-20260721xex991.htm
Danaher Corporation,DHR,313616,Health Care,10-Q,2025-07-22,2025-06-27,0000313616-25-000153,0000313616-25-000153:dhr-20250627.htm,10-Q,https://www.sec.gov/Archives/edgar/data/313616/000031361625000153/0000313616-25-000153-index.htm,https://www.sec.gov/Archives/edgar/data/313616/000031361625000153/dhr-20250627.htm
Danaher Corporation,DHR,313616,Health Care,10-Q,2025-10-21,2025-09-26,0000313616-25-000182,0000313616-25-000182:dhr-20250926.htm,10-Q,https://www.sec.gov/Archives/edgar/data/313616/000031361625000182/0000313616-25-000182-index.htm,https://www.sec.gov/Archives/edgar/data/313616/000031361625000182/dhr-20250926.htm
Danaher Corporation,DHR,313616,Health Care,10-Q,2025-04-22,2025-03-28,0000313616-25-000088,0000313616-25-000088:dhr-20250328.htm,10-Q,https://www.sec.gov/Archives/edgar/data/313616/000031361625000088/0000313616-25-000088-index.htm,https://www.sec.gov/Archives/edgar/data/313616/000031361625000088/dhr-20250328.htm
Danaher Corporation,DHR,313616,Health Care,10-Q,2026-07-21,2026-06-26,0000313616-26-000161,0000313616-26-000161:dhr-20260626.htm,10-Q,https://www.sec.gov/Archives/edgar/data/313616/000031361626000161/0000313616-26-000161-index.htm,https://www.sec.gov/Archives/edgar/data/313616/000031361626000161/dhr-20260626.htm
Danaher Corporation,DHR,313616,Health Care,10-Q,2026-04-21,2026-03-27,0000313616-26-000107,0000313616-26-000107:dhr-20260327.htm,10-Q,https://www.sec.gov/Archives/edgar/data/313616/000031361626000107/0000313616-26-000107-index.htm,https://www.sec.gov/Archives/edgar/data/313616/000031361626000107/dhr-20260327.htm
Danaher Corporation,DHR,313616,Health Care,10-K,2026-02-24,2025-12-31,0000313616-26-000062,0000313616-26-000062:dhr-20251231.htm,10-K,https://www.sec.gov/Archives/edgar/data/313616/000031361626000062/0000313616-26-000062-index.htm,https://www.sec.gov/Archives/edgar/data/313616/000031361626000062/dhr-20251231.htm
DaVita,DVA,927066,Health Care,10-K,2026-02-11,2025-12-31,0000927066-26-000012,0000927066-26-000012:dva-20251231.htm,10-K,https://www.sec.gov/Archives/edgar/data/927066/000092706626000012/0000927066-26-000012-index.htm,https://www.sec.gov/Archives/edgar/data/927066/000092706626000012/dva-20251231.htm
Brown–Forman,BF.B,14693,Consumer Staples,10-Q,2025-03-05,2025-01-31,0000014693-25-000018,0000014693-25-000018:bfb-20250131.htm,10-Q,https://www.sec.gov/Archives/edgar/data/14693/000001469325000018/0000014693-25-000018-index.htm,https://www.sec.gov/Archives/edgar/data/14693/000001469325000018/bfb-20250131.htm
Brown–Forman,BF.B,14693,Consumer Staples,8-K,2025-03-05,2025-03-05,0000014693-25-000015,0000014693-25-000015:fy25_q3xerjanuary.htm,EX-99.1,https://www.sec.gov/Archives/edgar/data/14693/000001469325000015/0000014693-25-000015-index.htm,https://www.sec.gov/Archives/edgar/data/14693/000001469325000015/fy25_q3xerjanuary.htm
Brown–Forman,BF.B,14693,Consumer Staples,10-K,2026-06-12,2026-04-30,0000014693-26-000024,0000014693-26-000024:bfb-20260430.htm,10-K,https://www.sec.gov/Archives/edgar/data/14693/000001469326000024/0000014693-26-000024-index.htm,https://www.sec.gov/Archives/edgar/data/14693/000001469326000024/bfb-20260430.htm
Brown–Forman,BF.B,14693,Consumer Staples,10-K,2025-06-13,2025-04-30,0000014693-25-000062,0000014693-25-000062:bfb-20250430.htm,10-K,https://www.sec.gov/Archives/edgar/data/14693/000001469325000062/0000014693-25-000062-index.htm,https://www.sec.gov/Archives/edgar/data/14693/000001469325000062/bfb-20250430.htm
Deckers Brands,DECK,910521,Consumer Discretionary,10-Q,2025-10-31,2025-09-30,0000910521-25-000044,0000910521-25-000044:deck-20250930.htm,10-Q,https://www.sec.gov/Archives/edgar/data/910521/000091052125000044/0000910521-25-000044-index.htm,https://www.sec.gov/Archives/edgar/data/910521/000091052125000044/deck-20250930.htm
Deckers Brands,DECK,910521,Consumer Discretionary,10-Q,2025-07-31,2025-06-30,0000910521-25-000037,0000910521-25-000037:deck-20250630.htm,10-Q,https://www.sec.gov/Archives/edgar/data/910521/000091052125000037/0000910521-25-000037-index.htm,https://www.sec.gov/Archives/edgar/data/910521/000091052125000037/deck-20250630.htm
Deckers Brands,DECK,910521,Consumer Discretionary,10-Q,2026-02-03,2025-12-31,0000910521-26-000005,0000910521-26-000005:deck-20251231.htm,10-Q,https://www.sec.gov/Archives/edgar/data/910521/000091052126000005/0000910521-26-000005-index.htm,https://www.sec.gov/Archives/edgar/data/910521/000091052126000005/deck-20251231.htm
Deckers Brands,DECK,910521,Consumer Discretionary,10-K,2026-05-22,2026-03-31,0001628280-26-037664,0001628280-26-037664:deck-20260331.htm,10-K,https://www.sec.gov/Archives/edgar/data/910521/000162828026037664/0001628280-26-037664-index.htm,https://www.sec.gov/Archives/edgar/data/910521/000162828026037664/deck-20260331.htm
Deckers Brands,DECK,910521,Consumer Discretionary,10-K,2025-05-23,2025-03-31,0000910521-25-000017,0000910521-25-000017:deck-20250331.htm,10-K,https://www.sec.gov/Archives/edgar/data/910521/000091052125000017/0000910521-25-000017-index.htm,https://www.sec.gov/Archives/edgar/data/910521/000091052125000017/deck-20250331.htm
C.H. Robinson,CHRW,1043277,Industrials,10-Q,2025-08-01,2025-06-30,0001043277-25-000037,0001043277-25-000037:chrw-20250630.htm,10-Q,https://www.sec.gov/Archives/edgar/data/1043277/000104327725000037/0001043277-25-000037-index.htm,https://www.sec.gov/Archives/edgar/data/1043277/000104327725000037/chrw-20250630.htm
C.H. Robinson,CHRW,1043277,Industrials,10-Q,2025-10-31,2025-09-30,0001043277-25-000052,0001043277-25-000052:chrw-20250930.htm,10-Q,https://www.sec.gov/Archives/edgar/data/1043277/000104327725000052/0001043277-25-000052-index.htm,https://www.sec.gov/Archives/edgar/data/1043277/000104327725000052/chrw-20250930.htm
C.H. Robinson,CHRW,1043277,Industrials,10-Q,2025-05-02,2025-03-31,0001043277-25-000022,0001043277-25-000022:chrw-20250331.htm,10-Q,https://www.sec.gov/Archives/edgar/data/1043277/000104327725000022/0001043277-25-000022-index.htm,https://www.sec.gov/Archives/edgar/data/1043277/000104327725000022/chrw-20250331.htm
C.H. Robinson,CHRW,1043277,Industrials,8-K,2025-07-30,2025-07-30,0001043277-25-000029,0001043277-25-000029:q22025earningsdeck.htm,EX-99.2,https://www.sec.gov/Archives/edgar/data/1043277/000104327725000029/0001043277-25-000029-index.htm,https://www.sec.gov/Archives/edgar/data/1043277/000104327725000029/q22025earningsdeck.htm
C.H. Robinson,CHRW,1043277,Industrials,8-K/A,2025-07-31,2025-07-30,0001043277-25-000031,0001043277-25-000031:q22025earningsdeck.htm,EX-99.2,https://www.sec.gov/Archives/edgar/data/1043277/000104327725000031/0001043277-25-000031-index.htm,https://www.sec.gov/Archives/edgar/data/1043277/000104327725000031/q22025earningsdeck.htm
C.H. Robinson,CHRW,1043277,Industrials,10-Q,2026-05-01,2026-03-31,0001043277-26-000016,0001043277-26-000016:chrw-20260331.htm,10-Q,https://www.sec.gov/Archives/edgar/data/1043277/000104327726000016/0001043277-26-000016-index.htm,https://www.sec.gov/Archives/edgar/data/1043277/000104327726000016/chrw-20260331.htm
C.H. Robinson,CHRW,1043277,Industrials,10-K,2026-02-13,2025-12-31,0001043277-26-000009,0001043277-26-000009:keyemployeeagreement2023.htm,EX-10.18,https://www.sec.gov/Archives/edgar/data/1043277/000104327726000009/0001043277-26-000009-index.htm,https://www.sec.gov/Archives/edgar/data/1043277/000104327726000009/keyemployeeagreement2023.htm
C.H. Robinson,CHRW,1043277,Industrials,10-K,2026-02-13,2025-12-31,0001043277-26-000009,0001043277-26-000009:chrw-20251231.htm,10-K,https://www.sec.gov/Archives/edgar/data/1043277/000104327726000009/0001043277-26-000009-index.htm,https://www.sec.gov/Archives/edgar/data/1043277/000104327726000009/chrw-20251231.htm
Deere & Company,DE,315189,Industrials,10-Q,2026-05-28,2026-05-03,0001104659-26-067311,0001104659-26-067311:de-20260503x10q.htm,10-Q,https://www.sec.gov/Archives/edgar/data/315189/000110465926067311/0001104659-26-067311-index.htm,https://www.sec.gov/Archives/edgar/data/315189/000110465926067311/de-20260503x10q.htm
Deere & Company,DE,315189,Industrials,8-K,2026-05-21,2026-05-21,0001104659-26-064747,0001104659-26-064747:de-20260521xex99d1.htm,EX-99.1,https://www.sec.gov/Archives/edgar/data/315189/000110465926064747/0001104659-26-064747-index.htm,https://www.sec.gov/Archives/edgar/data/315189/000110465926064747/de-20260521xex99d1.htm
Deere & Company,DE,315189,Industrials,10-Q,2026-02-26,2026-02-01,0001104659-26-020158,0001104659-26-020158:de-20260201x10q.htm,10-Q,https://www.sec.gov/Archives/edgar/data/315189/000110465926020158/0001104659-26-020158-index.htm,https://www.sec.gov/Archives/edgar/data/315189/000110465926020158/de-20260201x10q.htm
Deere & Company,DE,315189,Industrials,10-Q,2025-08-28,2025-07-27,0001558370-25-011789,0001558370-25-011789:de-20250727x10q.htm,10-Q,https://www.sec.gov/Archives/edgar/data/315189/000155837025011789/0001558370-25-011789-index.htm,https://www.sec.gov/Archives/edgar/data/315189/000155837025011789/de-20250727x10q.htm
Deere & Company,DE,315189,Industrials,10-Q,2025-05-29,2025-04-27,0001558370-25-008218,0001558370-25-008218:de-20250427x10q.htm,10-Q,https://www.sec.gov/Archives/edgar/data/315189/000155837025008218/0001558370-25-008218-index.htm,https://www.sec.gov/Archives/edgar/data/315189/000155837025008218/de-20250427x10q.htm
Deere & Company,DE,315189,Industrials,10-K,2025-12-18,2025-11-02,0001104659-25-122321,0001104659-25-122321:de-20251102x10k.htm,10-K,https://www.sec.gov/Archives/edgar/data/315189/000110465925122321/0001104659-25-122321-index.htm,https://www.sec.gov/Archives/edgar/data/315189/000110465925122321/de-20251102x10k.htm
Delta Air Lines,DAL,27904,Industrials,10-K,2025-02-11,2024-12-31,0000027904-25-000004,0000027904-25-000004:dal-20241231.htm,10-K,https://www.sec.gov/Archives/edgar/data/27904/000002790425000004/0000027904-25-000004-index.htm,https://www.sec.gov/Archives/edgar/data/27904/000002790425000004/dal-20241231.htm
Delta Air Lines,DAL,27904,Industrials,10-K,2026-02-11,2025-12-31,0000027904-26-000013,0000027904-26-000013:dal-20251231.htm,10-K,https://www.sec.gov/Archives/edgar/data/27904/000002790426000013/0000027904-26-000013-index.htm,https://www.sec.gov/Archives/edgar/data/27904/000002790426000013/dal-20251231.htm
Devon Energy,DVN,1090012,Energy,10-Q,2026-05-06,2026-03-31,0001193125-26-208143,0001193125-26-208143:dvn-20260331.htm,10-Q,https://www.sec.gov/Archives/edgar/data/1090012/000119312526208143/0001193125-26-208143-index.htm,https://www.sec.gov/Archives/edgar/data/1090012/000119312526208143/dvn-20260331.htm
Dexcom,DXCM,1093557,Health Care,10-K,2025-02-18,2024-12-31,0001093557-25-000036,0001093557-25-000036:dxcm-20241231.htm,10-K,https://www.sec.gov/Archives/edgar/data/1093557/000109355725000036/0001093557-25-000036-index.htm,https://www.sec.gov/Archives/edgar/data/1093557/000109355725000036/dxcm-20241231.htm
Dexcom,DXCM,1093557,Health Care,10-K,2026-02-12,2025-12-31,0001093557-26-000027,0001093557-26-000027:dxcm-20251231.htm,10-K,https://www.sec.gov/Archives/edgar/data/1093557/000109355726000027/0001093557-26-000027-index.htm,https://www.sec.gov/Archives/edgar/data/1093557/000109355726000027/dxcm-20251231.htm
Diamondback Energy,FANG,1539838,Energy,10-K,2026-02-25,2025-12-31,0001539838-26-000010,0001539838-26-000010:fang-20251231.htm,10-K,https://www.sec.gov/Archives/edgar/data/1539838/000153983826000010/0001539838-26-000010-index.htm,https://www.sec.gov/Archives/edgar/data/1539838/000153983826000010/fang-20251231.htm
Diamondback Energy,FANG,1539838,Energy,10-K,2025-02-26,2024-12-31,0001539838-25-000021,0001539838-25-000021:fang-20241231.htm,10-K,https://www.sec.gov/Archives/edgar/data/1539838/000153983825000021/0001539838-25-000021-index.htm,https://www.sec.gov/Archives/edgar/data/1539838/000153983825000021/fang-20241231.htm
Dollar General,DG,29534,Consumer Staples,8-K,2025-06-03,2025-05-29,0001104659-25-055706,0001104659-25-055706:tm2516684d1_ex99.htm,EX-99,https://www.sec.gov/Archives/edgar/data/29534/000110465925055706/0001104659-25-055706-index.htm,https://www.sec.gov/Archives/edgar/data/29534/000110465925055706/tm2516684d1_ex99.htm
Dollar General,DG,29534,Consumer Staples,8-K,2026-06-02,2026-05-28,0001104659-26-069198,0001104659-26-069198:tm2616084d1_ex99.htm,EX-99,https://www.sec.gov/Archives/edgar/data/29534/000110465926069198/0001104659-26-069198-index.htm,https://www.sec.gov/Archives/edgar/data/29534/000110465926069198/tm2616084d1_ex99.htm
Dollar General,DG,29534,Consumer Staples,10-Q,2026-06-02,2026-05-01,0001104659-26-069205,0001104659-26-069205:dg-20260501x10q.htm,10-Q,https://www.sec.gov/Archives/edgar/data/29534/000110465926069205/0001104659-26-069205-index.htm,https://www.sec.gov/Archives/edgar/data/29534/000110465926069205/dg-20260501x10q.htm
Dollar General,DG,29534,Consumer Staples,10-Q,2025-06-03,2025-05-02,0001558370-25-008354,0001558370-25-008354:dg-20250502x10q.htm,10-Q,https://www.sec.gov/Archives/edgar/data/29534/000155837025008354/0001558370-25-008354-index.htm,https://www.sec.gov/Archives/edgar/data/29534/000155837025008354/dg-20250502x10q.htm
Dollar General,DG,29534,Consumer Staples,10-Q,2025-12-04,2025-10-31,0001104659-25-118289,0001104659-25-118289:dg-20251031x10q.htm,10-Q,https://www.sec.gov/Archives/edgar/data/29534/000110465925118289/0001104659-25-118289-index.htm,https://www.sec.gov/Archives/edgar/data/29534/000110465925118289/dg-20251031x10q.htm
Dollar General,DG,29534,Consumer Staples,10-Q,2025-08-28,2025-08-01,0001558370-25-011786,0001558370-25-011786:dg-20250801x10q.htm,10-Q,https://www.sec.gov/Archives/edgar/data/29534/000155837025011786/0001558370-25-011786-index.htm,https://www.sec.gov/Archives/edgar/data/29534/000155837025011786/dg-20250801x10q.htm
Dollar General,DG,29534,Consumer Staples,8-K,2025-08-28,2025-08-28,0001104659-25-084297,0001104659-25-084297:tm2524307d1_ex99.htm,EX-99,https://www.sec.gov/Archives/edgar/data/29534/000110465925084297/0001104659-25-084297-index.htm,https://www.sec.gov/Archives/edgar/data/29534/000110465925084297/tm2524307d1_ex99.htm
Dollar General,DG,29534,Consumer Staples,8-K,2025-12-04,2025-12-04,0001104659-25-118286,0001104659-25-118286:tm2532496d1_ex99.htm,EX-99,https://www.sec.gov/Archives/edgar/data/29534/000110465925118286/0001104659-25-118286-index.htm,https://www.sec.gov/Archives/edgar/data/29534/000110465925118286/tm2532496d1_ex99.htm
Dollar General,DG,29534,Consumer Staples,8-K,2026-03-12,2026-03-12,0001104659-26-026697,0001104659-26-026697:tm268519d1_ex99.htm,EX-99,https://www.sec.gov/Archives/edgar/data/29534/000110465926026697/0001104659-26-026697-index.htm,https://www.sec.gov/Archives/edgar/data/29534/000110465926026697/tm268519d1_ex99.htm
Dollar General,DG,29534,Consumer Staples,10-K,2026-03-20,2026-01-30,0001104659-26-032325,0001104659-26-032325:dg-20260130x10k.htm,10-K,https://www.sec.gov/Archives/edgar/data/29534/000110465926032325/0001104659-26-032325-index.htm,https://www.sec.gov/Archives/edgar/data/29534/000110465926032325/dg-20260130x10k.htm
Dollar Tree,DLTR,935703,Consumer Staples,10-Q,2025-12-03,2025-11-01,0000935703-25-000105,0000935703-25-000105:dltr-20251101.htm,10-Q,https://www.sec.gov/Archives/edgar/data/935703/000093570325000105/0000935703-25-000105-index.htm,https://www.sec.gov/Archives/edgar/data/935703/000093570325000105/dltr-20251101.htm
Dollar Tree,DLTR,935703,Consumer Staples,10-Q,2026-05-28,2026-05-02,0000935703-26-000065,0000935703-26-000065:dltr-20260502.htm,10-Q,https://www.sec.gov/Archives/edgar/data/935703/000093570326000065/0000935703-26-000065-index.htm,https://www.sec.gov/Archives/edgar/data/935703/000093570326000065/dltr-20260502.htm
Dollar Tree,DLTR,935703,Consumer Staples,8-K,2026-05-28,2026-05-28,0000935703-26-000064,0000935703-26-000064:ex991q1-26earningspressrel.htm,EX-99.1,https://www.sec.gov/Archives/edgar/data/935703/000093570326000064/0000935703-26-000064-index.htm,https://www.sec.gov/Archives/edgar/data/935703/000093570326000064/ex991q1-26earningspressrel.htm
Dollar Tree,DLTR,935703,Consumer Staples,8-K,2025-10-15,2025-10-15,0000935703-25-000084,0000935703-25-000084:ex99110-15x25dayofinvestor.htm,EX-99.1,https://www.sec.gov/Archives/edgar/data/935703/000093570325000084/0000935703-25-000084-index.htm,https://www.sec.gov/Archives/edgar/data/935703/000093570325000084/ex99110-15x25dayofinvestor.htm
Dollar Tree,DLTR,935703,Consumer Staples,10-K,2026-03-16,2026-01-31,0000935703-26-000025,0000935703-26-000025:dltr-20260131.htm,10-K,https://www.sec.gov/Archives/edgar/data/935703/000093570326000025/0000935703-26-000025-index.htm,https://www.sec.gov/Archives/edgar/data/935703/000093570326000025/dltr-20260131.htm
Dollar Tree,DLTR,935703,Consumer Staples,8-K,2026-03-16,2026-03-16,0000935703-26-000024,0000935703-26-000024:ex991q4-25earningspressrel.htm,EX-99.1,https://www.sec.gov/Archives/edgar/data/935703/000093570326000024/0000935703-26-000024-index.htm,https://www.sec.gov/Archives/edgar/data/935703/000093570326000024/ex991q4-25earningspressrel.htm
Dollar Tree,DLTR,935703,Consumer Staples,8-K,2025-09-03,2025-09-03,0000935703-25-000060,0000935703-25-000060:ex991q2-25earningspressrel.htm,EX-99.1,https://www.sec.gov/Archives/edgar/data/935703/000093570325000060/0000935703-25-000060-index.htm,https://www.sec.gov/Archives/edgar/data/935703/000093570325000060/ex991q2-25earningspressrel.htm
Dollar Tree,DLTR,935703,Consumer Staples,10-Q,2025-09-03,2025-08-02,0000935703-25-000061,0000935703-25-000061:dltr-20250802.htm,10-Q,https://www.sec.gov/Archives/edgar/data/935703/000093570325000061/0000935703-25-000061-index.htm,https://www.sec.gov/Archives/edgar/data/935703/000093570325000061/dltr-20250802.htm
Dollar Tree,DLTR,935703,Consumer Staples,8-K,2025-12-03,2025-12-03,0000935703-25-000104,0000935703-25-000104:ex991q3-25earningspressrel.htm,EX-99.1,https://www.sec.gov/Archives/edgar/data/935703/000093570325000104/0000935703-25-000104-index.htm,https://www.sec.gov/Archives/edgar/data/935703/000093570325000104/ex991q3-25earningspressrel.htm
Dollar Tree,DLTR,935703,Consumer Staples,10-K,2025-03-26,2025-02-01,0000935703-25-000015,0000935703-25-000015:dltr-20250201.htm,10-K,https://www.sec.gov/Archives/edgar/data/935703/000093570325000015/0000935703-25-000015-index.htm,https://www.sec.gov/Archives/edgar/data/935703/000093570325000015/dltr-20250201.htm
Dominion Energy,D,715957,Utilities,8-K,2026-01-30,2026-01-30,0001193125-26-030493,0001193125-26-030493:d-ex99_1.htm,EX-99.1,https://www.sec.gov/Archives/edgar/data/715957/000119312526030493/0001193125-26-030493-index.htm,https://www.sec.gov/Archives/edgar/data/715957/000119312526030493/d-ex99_1.htm
Dominion Energy,D,715957,Utilities,10-Q,2026-05-01,2026-03-31,0001193125-26-200275,0001193125-26-200275:d-20260331.htm,10-Q,https://www.sec.gov/Archives/edgar/data/715957/000119312526200275/0001193125-26-200275-index.htm,https://www.sec.gov/Archives/edgar/data/715957/000119312526200275/d-20260331.htm
Dominion Energy,D,715957,Utilities,10-Q,2025-08-01,2025-06-30,0000950170-25-101177,0000950170-25-101177:d-20250630.htm,10-Q,https://www.sec.gov/Archives/edgar/data/715957/000095017025101177/0000950170-25-101177-index.htm,https://www.sec.gov/Archives/edgar/data/715957/000095017025101177/d-20250630.htm
Dominion Energy,D,715957,Utilities,10-Q,2025-05-01,2025-03-31,0000950170-25-061558,0000950170-25-061558:d-20250331.htm,10-Q,https://www.sec.gov/Archives/edgar/data/715957/000095017025061558/0000950170-25-061558-index.htm,https://www.sec.gov/Archives/edgar/data/715957/000095017025061558/d-20250331.htm
Dominion Energy,D,715957,Utilities,10-Q,2025-10-31,2025-09-30,0001193125-25-260246,0001193125-25-260246:d-20250930.htm,10-Q,https://www.sec.gov/Archives/edgar/data/715957/000119312525260246/0001193125-25-260246-index.htm,https://www.sec.gov/Archives/edgar/data/715957/000119312525260246/d-20250930.htm
Dominion Energy,D,715957,Utilities,10-K,2026-02-23,2025-12-31,0001193125-26-063120,0001193125-26-063120:d-20251231.htm,10-K,https://www.sec.gov/Archives/edgar/data/715957/000119312526063120/0001193125-26-063120-index.htm,https://www.sec.gov/Archives/edgar/data/715957/000119312526063120/d-20251231.htm
Dominion Energy,D,715957,Utilities,10-K,2025-02-27,2024-12-31,0000950170-25-028387,0000950170-25-028387:d-20241231.htm,10-K,https://www.sec.gov/Archives/edgar/data/715957/000095017025028387/0000950170-25-028387-index.htm,https://www.sec.gov/Archives/edgar/data/715957/000095017025028387/d-20241231.htm
Dow Inc.,DOW,1751788,Materials,8-K,2025-07-24,2025-07-24,0001751788-25-000142,0001751788-25-000142:exhibit991enrschedules2q25.htm,EX-99.1,https://www.sec.gov/Archives/edgar/data/1751788/000175178825000142/0001751788-25-000142-index.htm,https://www.sec.gov/Archives/edgar/data/1751788/000175178825000142/exhibit991enrschedules2q25.htm
Dow Inc.,DOW,1751788,Materials,8-K,2025-04-24,2025-04-24,0001751788-25-000125,0001751788-25-000125:exhibit991enrschedules1q25.htm,EX-99.1,https://www.sec.gov/Archives/edgar/data/1751788/000175178825000125/0001751788-25-000125-index.htm,https://www.sec.gov/Archives/edgar/data/1751788/000175178825000125/exhibit991enrschedules1q25.htm
Dow Inc.,DOW,1751788,Materials,10-Q,2025-07-25,2025-06-30,0001751788-25-000145,0001751788-25-000145:dow-20250630.htm,10-Q,https://www.sec.gov/Archives/edgar/data/1751788/000175178825000145/0001751788-25-000145-index.htm,https://www.sec.gov/Archives/edgar/data/1751788/000175178825000145/dow-20250630.htm
Dow Inc.,DOW,1751788,Materials,10-Q,2025-10-24,2025-09-30,0001751788-25-000156,0001751788-25-000156:dow-20250930.htm,10-Q,https://www.sec.gov/Archives/edgar/data/1751788/000175178825000156/0001751788-25-000156-index.htm,https://www.sec.gov/Archives/edgar/data/1751788/000175178825000156/dow-20250930.htm
Dow Inc.,DOW,1751788,Materials,10-Q,2025-04-25,2025-03-31,0001751788-25-000129,0001751788-25-000129:dow-20250331.htm,10-Q,https://www.sec.gov/Archives/edgar/data/1751788/000175178825000129/0001751788-25-000129-index.htm,https://www.sec.gov/Archives/edgar/data/1751788/000175178825000129/dow-20250331.htm
Dow Inc.,DOW,1751788,Materials,10-K,2026-02-03,2025-12-31,0001751788-26-000018,0001751788-26-000018:dow-20251231.htm,10-K,https://www.sec.gov/Archives/edgar/data/1751788/000175178826000018/0001751788-26-000018-index.htm,https://www.sec.gov/Archives/edgar/data/1751788/000175178826000018/dow-20251231.htm
Dow Inc.,DOW,1751788,Materials,10-Q,2026-04-24,2026-03-31,0001751788-26-000134,0001751788-26-000134:dow-20260331.htm,10-Q,https://www.sec.gov/Archives/edgar/data/1751788/000175178826000134/0001751788-26-000134-index.htm,https://www.sec.gov/Archives/edgar/data/1751788/000175178826000134/dow-20260331.htm
Dow Inc.,DOW,1751788,Materials,10-Q,2026-07-24,2026-06-30,0001751788-26-000147,0001751788-26-000147:dow-20260630.htm,10-Q,https://www.sec.gov/Archives/edgar/data/1751788/000175178826000147/0001751788-26-000147-index.htm,https://www.sec.gov/Archives/edgar/data/1751788/000175178826000147/dow-20260630.htm
DTE Energy,DTE,936340,Utilities,10-Q,2026-04-30,2026-03-31,0000936340-26-000081,0000936340-26-000081:a20260331ex102.htm,EX-10.2,https://www.sec.gov/Archives/edgar/data/936340/000093634026000081/0000936340-26-000081-index.htm,https://www.sec.gov/Archives/edgar/data/936340/000093634026000081/a20260331ex102.htm
DTE Energy,DTE,936340,Utilities,10-K,2026-02-17,2025-12-31,0000936340-26-000054,0000936340-26-000054:a20251231exhibit102.htm,EX-10.2,https://www.sec.gov/Archives/edgar/data/936340/000093634026000054/0000936340-26-000054-index.htm,https://www.sec.gov/Archives/edgar/data/936340/000093634026000054/a20251231exhibit102.htm
DTE Energy,DTE,936340,Utilities,10-K,2026-02-17,2025-12-31,0000936340-26-000054,0000936340-26-000054:a20251231exhibit101.htm,EX-10.1,https://www.sec.gov/Archives/edgar/data/936340/000093634026000054/0000936340-26-000054-index.htm,https://www.sec.gov/Archives/edgar/data/936340/000093634026000054/a20251231exhibit101.htm
DTE Energy,DTE,936340,Utilities,10-Q,2026-04-30,2026-03-31,0000936340-26-000081,0000936340-26-000081:a20260331ex101.htm,EX-10.1,https://www.sec.gov/Archives/edgar/data/936340/000093634026000081/0000936340-26-000081-index.htm,https://www.sec.gov/Archives/edgar/data/936340/000093634026000081/a20260331ex101.htm
DTE Energy,DTE,936340,Utilities,8-K,2025-01-07,2025-01-07,0000936340-25-000007,0000936340-25-000007:evercoreisipresentationf.htm,EX-99.01,https://www.sec.gov/Archives/edgar/data/936340/000093634025000007/0000936340-25-000007-index.htm,https://www.sec.gov/Archives/edgar/data/936340/000093634025000007/evercoreisipresentationf.htm
DTE Energy,DTE,936340,Utilities,8-K,2025-02-28,2025-02-28,0000936340-25-000076,0000936340-25-000076:dtegasexhibit991123124.htm,EX-99.1,https://www.sec.gov/Archives/edgar/data/936340/000093634025000076/0000936340-25-000076-index.htm,https://www.sec.gov/Archives/edgar/data/936340/000093634025000076/dtegasexhibit991123124.htm
DTE Energy,DTE,936340,Utilities,8-K,2026-02-27,2026-02-27,0000936340-26-000058,0000936340-26-000058:dtegasexhibit991123125.htm,EX-99.1,https://www.sec.gov/Archives/edgar/data/936340/000093634026000058/0000936340-26-000058-index.htm,https://www.sec.gov/Archives/edgar/data/936340/000093634026000058/dtegasexhibit991123125.htm
DTE Energy,DTE,936340,Utilities,8-K,2025-05-16,2025-05-16,0000936340-25-000140,0000936340-25-000140:a2025agapresentationfina.htm,EX-99.01,https://www.sec.gov/Archives/edgar/data/936340/000093634025000140/0000936340-25-000140-index.htm,https://www.sec.gov/Archives/edgar/data/936340/000093634025000140/a2025agapresentationfina.htm
DTE Energy,DTE,936340,Utilities,10-K,2026-02-17,2025-12-31,0000936340-26-000054,0000936340-26-000054:dte-20251231.htm,10-K,https://www.sec.gov/Archives/edgar/data/936340/000093634026000054/0000936340-26-000054-index.htm,https://www.sec.gov/Archives/edgar/data/936340/000093634026000054/dte-20251231.htm
DTE Energy,DTE,936340,Utilities,10-K,2025-02-13,2024-12-31,0000936340-25-000065,0000936340-25-000065:dte-20241231.htm,10-K,https://www.sec.gov/Archives/edgar/data/936340/000093634025000065/0000936340-25-000065-index.htm,https://www.sec.gov/Archives/edgar/data/936340/000093634025000065/dte-20241231.htm
Duke Energy,DUK,1326160,Utilities,8-K,2026-07-06,2026-07-02,0001104659-26-080476,0001104659-26-080476:tm2619723d1_ex99-1.htm,EX-99.1,https://www.sec.gov/Archives/edgar/data/1326160/000110465926080476/0001104659-26-080476-index.htm,https://www.sec.gov/Archives/edgar/data/1326160/000110465926080476/tm2619723d1_ex99-1.htm
Duke Energy,DUK,1326160,Utilities,8-K,2026-07-17,2026-07-17,0001104659-26-084653,0001104659-26-084653:tm2620766d1_ex99-1.htm,EX-99.1,https://www.sec.gov/Archives/edgar/data/1326160/000110465926084653/0001104659-26-084653-index.htm,https://www.sec.gov/Archives/edgar/data/1326160/000110465926084653/tm2620766d1_ex99-1.htm
Duke Energy,DUK,1326160,Utilities,10-Q,2026-05-05,2026-03-31,0001326160-26-000026,0001326160-26-000026:duk-20260331.htm,10-Q,https://www.sec.gov/Archives/edgar/data/1326160/000132616026000026/0001326160-26-000026-index.htm,https://www.sec.gov/Archives/edgar/data/1326160/000132616026000026/duk-20260331.htm
Duke Energy,DUK,1326160,Utilities,10-Q,2025-11-07,2025-09-30,0001326160-25-000192,0001326160-25-000192:duk-202509x10qxexx101.htm,EX-10.1,https://www.sec.gov/Archives/edgar/data/1326160/000132616025000192/0001326160-25-000192-index.htm,https://www.sec.gov/Archives/edgar/data/1326160/000132616025000192/duk-202509x10qxexx101.htm
Duke Energy,DUK,1326160,Utilities,10-K,2026-02-26,2025-12-31,0001326160-26-000014,0001326160-26-000014:duk-20251231.htm,10-K,https://www.sec.gov/Archives/edgar/data/1326160/000132616026000014/0001326160-26-000014-index.htm,https://www.sec.gov/Archives/edgar/data/1326160/000132616026000014/duk-20251231.htm
Duke Energy,DUK,1326160,Utilities,10-K,2025-02-27,2024-12-31,0001326160-25-000072,0001326160-25-000072:duk-20241231.htm,10-K,https://www.sec.gov/Archives/edgar/data/1326160/000132616025000072/0001326160-25-000072-index.htm,https://www.sec.gov/Archives/edgar/data/1326160/000132616025000072/duk-20241231.htm
Duke Energy,DUK,1326160,Utilities,10-Q,2025-11-07,2025-09-30,0001326160-25-000192,0001326160-25-000192:duk-20250930.htm,10-Q,https://www.sec.gov/Archives/edgar/data/1326160/000132616025000192/0001326160-25-000192-index.htm,https://www.sec.gov/Archives/edgar/data/1326160/000132616025000192/duk-20250930.htm
Duke Energy,DUK,1326160,Utilities,10-Q,2025-05-06,2025-03-31,0001326160-25-000150,0001326160-25-000150:duk-20250331.htm,10-Q,https://www.sec.gov/Archives/edgar/data/1326160/000132616025000150/0001326160-25-000150-index.htm,https://www.sec.gov/Archives/edgar/data/1326160/000132616025000150/duk-20250331.htm
Duke Energy,DUK,1326160,Utilities,10-Q,2025-08-05,2025-06-30,0001326160-25-000168,0001326160-25-000168:duk-20250630.htm,10-Q,https://www.sec.gov/Archives/edgar/data/1326160/000132616025000168/0001326160-25-000168-index.htm,https://www.sec.gov/Archives/edgar/data/1326160/000132616025000168/duk-20250630.htm
DuPont,DD,1666700,Materials,8-K,2025-05-02,2025-05-02,0001666700-25-000017,0001666700-25-000017:exhibit991enrschedules-1q25.htm,EX-99.1,https://www.sec.gov/Archives/edgar/data/1666700/000166670025000017/0001666700-25-000017-index.htm,https://www.sec.gov/Archives/edgar/data/1666700/000166670025000017/exhibit991enrschedules-1q25.htm
DuPont,DD,1666700,Materials,8-K,2025-08-05,2025-08-05,0001666700-25-000040,0001666700-25-000040:exhibit991enrschedules-2q25.htm,EX-99.1,https://www.sec.gov/Archives/edgar/data/1666700/000166670025000040/0001666700-25-000040-index.htm,https://www.sec.gov/Archives/edgar/data/1666700/000166670025000040/exhibit991enrschedules-2q25.htm
DuPont,DD,1666700,Materials,10-Q,2026-05-05,2026-03-31,0001666700-26-000031,0001666700-26-000031:dd-20260331.htm,10-Q,https://www.sec.gov/Archives/edgar/data/1666700/000166670026000031/0001666700-26-000031-index.htm,https://www.sec.gov/Archives/edgar/data/1666700/000166670026000031/dd-20260331.htm
DuPont,DD,1666700,Materials,8-K,2025-09-02,2025-08-29,0001193125-25-193274,0001193125-25-193274:d61920dex21.htm,EX-2.1,https://www.sec.gov/Archives/edgar/data/1666700/000119312525193274/0001193125-25-193274-index.htm,https://www.sec.gov/Archives/edgar/data/1666700/000119312525193274/d61920dex21.htm
Eaton Corporation,ETN,1551182,Industrials,8-K,2025-05-02,2025-05-02,0001551182-25-000011,0001551182-25-000011:etn03312025exhibit99.htm,EX-99,https://www.sec.gov/Archives/edgar/data/1551182/000155118225000011/0001551182-25-000011-index.htm,https://www.sec.gov/Archives/edgar/data/1551182/000155118225000011/etn03312025exhibit99.htm
eBay Inc.,EBAY,1065088,Consumer Discretionary,8-K,2025-04-30,2025-04-25,0001065088-25-000058,0001065088-25-000058:exhibit992cfotransitionand.htm,EX-99.2,https://www.sec.gov/Archives/edgar/data/1065088/000106508825000058/0001065088-25-000058-index.htm,https://www.sec.gov/Archives/edgar/data/1065088/000106508825000058/exhibit992cfotransitionand.htm
eBay Inc.,EBAY,1065088,Consumer Discretionary,8-K,2025-04-30,2025-04-25,0001065088-25-000058,0001065088-25-000058:exhibit991erebayq12025.htm,EX-99.1,https://www.sec.gov/Archives/edgar/data/1065088/000106508825000058/0001065088-25-000058-index.htm,https://www.sec.gov/Archives/edgar/data/1065088/000106508825000058/exhibit991erebayq12025.htm
eBay Inc.,EBAY,1065088,Consumer Discretionary,8-K,2025-07-30,2025-07-30,0001065088-25-000075,0001065088-25-000075:exhibit991erebayq22025.htm,EX-99.1,https://www.sec.gov/Archives/edgar/data/1065088/000106508825000075/0001065088-25-000075-index.htm,https://www.sec.gov/Archives/edgar/data/1065088/000106508825000075/exhibit991erebayq22025.htm
eBay Inc.,EBAY,1065088,Consumer Discretionary,8-K,2025-10-29,2025-10-29,0001065088-25-000124,0001065088-25-000124:exhibit991erebayq32025.htm,EX-99.1,https://www.sec.gov/Archives/edgar/data/1065088/000106508825000124/0001065088-25-000124-index.htm,https://www.sec.gov/Archives/edgar/data/1065088/000106508825000124/exhibit991erebayq32025.htm
eBay Inc.,EBAY,1065088,Consumer Discretionary,10-Q,2025-05-01,2025-03-31,0001065088-25-000061,0001065088-25-000061:ebay-20250331.htm,10-Q,https://www.sec.gov/Archives/edgar/data/1065088/000106508825000061/0001065088-25-000061-index.htm,https://www.sec.gov/Archives/edgar/data/1065088/000106508825000061/ebay-20250331.htm
eBay Inc.,EBAY,1065088,Consumer Discretionary,10-Q/A,2025-05-09,2025-03-31,0001065088-25-000064,0001065088-25-000064:ebay-20250331.htm,10-Q/A,https://www.sec.gov/Archives/edgar/data/1065088/000106508825000064/0001065088-25-000064-index.htm,https://www.sec.gov/Archives/edgar/data/1065088/000106508825000064/ebay-20250331.htm
eBay Inc.,EBAY,1065088,Consumer Discretionary,10-K,2026-02-19,2025-12-31,0001065088-26-000027,0001065088-26-000027:ebay-20251231.htm,10-K,https://www.sec.gov/Archives/edgar/data/1065088/000106508826000027/0001065088-26-000027-index.htm,https://www.sec.gov/Archives/edgar/data/1065088/000106508826000027/ebay-20251231.htm
eBay Inc.,EBAY,1065088,Consumer Discretionary,10-Q,2025-10-30,2025-09-30,0001065088-25-000127,0001065088-25-000127:ebay-20250930.htm,10-Q,https://www.sec.gov/Archives/edgar/data/1065088/000106508825000127/0001065088-25-000127-index.htm,https://www.sec.gov/Archives/edgar/data/1065088/000106508825000127/ebay-20250930.htm
eBay Inc.,EBAY,1065088,Consumer Discretionary,10-Q,2025-07-31,2025-06-30,0001065088-25-000077,0001065088-25-000077:ebay-20250630.htm,10-Q,https://www.sec.gov/Archives/edgar/data/1065088/000106508825000077/0001065088-25-000077-index.htm,https://www.sec.gov/Archives/edgar/data/1065088/000106508825000077/ebay-20250630.htm
eBay Inc.,EBAY,1065088,Consumer Discretionary,10-K,2025-02-27,2024-12-31,0001065088-25-000037,0001065088-25-000037:ebay-20241231.htm,10-K,https://www.sec.gov/Archives/edgar/data/1065088/000106508825000037/0001065088-25-000037-index.htm,https://www.sec.gov/Archives/edgar/data/1065088/000106508825000037/ebay-20241231.htm
Ecolab,ECL,31462,Materials,10-K,2025-02-21,2024-12-31,0001558370-25-001263,0001558370-25-001263:ecl-20241231x10k.htm,10-K,https://www.sec.gov/Archives/edgar/data/31462/000155837025001263/0001558370-25-001263-index.htm,https://www.sec.gov/Archives/edgar/data/31462/000155837025001263/ecl-20241231x10k.htm
Edison International,EIX,827052,Utilities,10-K,2026-02-18,2025-12-31,0000827052-26-000012,0000827052-26-000012:eix-20251231.htm,10-K,https://www.sec.gov/Archives/edgar/data/827052/000082705226000012/0000827052-26-000012-index.htm,https://www.sec.gov/Archives/edgar/data/827052/000082705226000012/eix-20251231.htm
Edison International,EIX,827052,Utilities,10-K,2025-02-27,2024-12-31,0000827052-25-000022,0000827052-25-000022:eix-20241231.htm,10-K,https://www.sec.gov/Archives/edgar/data/827052/000082705225000022/0000827052-25-000022-index.htm,https://www.sec.gov/Archives/edgar/data/827052/000082705225000022/eix-20241231.htm
Edwards Lifesciences,EW,1099800,Health Care,8-K,2025-04-23,2025-04-23,0001099800-25-000020,0001099800-25-000020:ex-991q12025.htm,EX-99.1,https://www.sec.gov/Archives/edgar/data/1099800/000109980025000020/0001099800-25-000020-index.htm,https://www.sec.gov/Archives/edgar/data/1099800/000109980025000020/ex-991q12025.htm
Edwards Lifesciences,EW,1099800,Health Care,10-Q,2025-08-06,2025-06-30,0001099800-25-000048,0001099800-25-000048:ew-20250630.htm,10-Q,https://www.sec.gov/Archives/edgar/data/1099800/000109980025000048/0001099800-25-000048-index.htm,https://www.sec.gov/Archives/edgar/data/1099800/000109980025000048/ew-20250630.htm
Edwards Lifesciences,EW,1099800,Health Care,10-Q,2025-11-05,2025-09-30,0001099800-25-000062,0001099800-25-000062:ew-20250930.htm,10-Q,https://www.sec.gov/Archives/edgar/data/1099800/000109980025000062/0001099800-25-000062-index.htm,https://www.sec.gov/Archives/edgar/data/1099800/000109980025000062/ew-20250930.htm
Edwards Lifesciences,EW,1099800,Health Care,10-Q,2025-05-06,2025-03-31,0001099800-25-000023,0001099800-25-000023:ew-20250331.htm,10-Q,https://www.sec.gov/Archives/edgar/data/1099800/000109980025000023/0001099800-25-000023-index.htm,https://www.sec.gov/Archives/edgar/data/1099800/000109980025000023/ew-20250331.htm
Edwards Lifesciences,EW,1099800,Health Care,10-Q,2026-05-06,2026-03-31,0001099800-26-000026,0001099800-26-000026:ew-20260331.htm,10-Q,https://www.sec.gov/Archives/edgar/data/1099800/000109980026000026/0001099800-26-000026-index.htm,https://www.sec.gov/Archives/edgar/data/1099800/000109980026000026/ew-20260331.htm
Edwards Lifesciences,EW,1099800,Health Care,10-K,2026-02-25,2025-12-31,0001099800-26-000009,0001099800-26-000009:ew-20251231.htm,10-K,https://www.sec.gov/Archives/edgar/data/1099800/000109980026000009/0001099800-26-000009-index.htm,https://www.sec.gov/Archives/edgar/data/1099800/000109980026000009/ew-20251231.htm
Electronic Arts,EA,712515,Communication Services,8-K,2025-09-29,2025-09-28,0001140361-25-036415,0001140361-25-036415:ef20056167_ex2-1.htm,EX-2.1,https://www.sec.gov/Archives/edgar/data/712515/000114036125036415/0001140361-25-036415-index.htm,https://www.sec.gov/Archives/edgar/data/712515/000114036125036415/ef20056167_ex2-1.htm
Emcor,EME,105634,Industrials,10-K,2025-02-26,2024-12-31,0000105634-25-000015,0000105634-25-000015:eme-20241231.htm,10-K,https://www.sec.gov/Archives/edgar/data/105634/000010563425000015/0000105634-25-000015-index.htm,https://www.sec.gov/Archives/edgar/data/105634/000010563425000015/eme-20241231.htm
Emcor,EME,105634,Industrials,10-K,2026-02-26,2025-12-31,0000105634-26-000025,0000105634-26-000025:eme-20251231.htm,10-K,https://www.sec.gov/Archives/edgar/data/105634/000010563426000025/0000105634-26-000025-index.htm,https://www.sec.gov/Archives/edgar/data/105634/000010563426000025/eme-20251231.htm
Emerson Electric,EMR,32604,Industrials,8-K,2025-08-06,2025-08-06,0000032604-25-000075,0000032604-25-000075:a2025q3release_ex991.htm,EX-99.1,https://www.sec.gov/Archives/edgar/data/32604/000003260425000075/0000032604-25-000075-index.htm,https://www.sec.gov/Archives/edgar/data/32604/000003260425000075/a2025q3release_ex991.htm
Emerson Electric,EMR,32604,Industrials,8-K,2025-05-07,2025-05-07,0000032604-25-000061,0000032604-25-000061:a2025q2release_ex991.htm,EX-99.1,https://www.sec.gov/Archives/edgar/data/32604/000003260425000061/0000032604-25-000061-index.htm,https://www.sec.gov/Archives/edgar/data/32604/000003260425000061/a2025q2release_ex991.htm
Emerson Electric,EMR,32604,Industrials,10-Q,2026-05-05,2026-03-31,0000032604-26-000035,0000032604-26-000035:emr-20260331.htm,10-Q,https://www.sec.gov/Archives/edgar/data/32604/000003260426000035/0000032604-26-000035-index.htm,https://www.sec.gov/Archives/edgar/data/32604/000003260426000035/emr-20260331.htm
Entergy,ETR,65984,Utilities,10-K,2026-02-19,2025-12-31,0000065984-26-000174,0000065984-26-000174:etr-20251231.htm,10-K,https://www.sec.gov/Archives/edgar/data/65984/000006598426000174/0000065984-26-000174-index.htm,https://www.sec.gov/Archives/edgar/data/65984/000006598426000174/etr-20251231.htm
Entergy,ETR,65984,Utilities,10-Q,2025-05-01,2025-03-31,0000065984-25-000046,0000065984-25-000046:etr-20250331.htm,10-Q,https://www.sec.gov/Archives/edgar/data/65984/000006598425000046/0000065984-25-000046-index.htm,https://www.sec.gov/Archives/edgar/data/65984/000006598425000046/etr-20250331.htm
Entergy,ETR,65984,Utilities,10-K,2025-02-18,2024-12-31,0000065984-25-000012,0000065984-25-000012:etr-20241231.htm,10-K,https://www.sec.gov/Archives/edgar/data/65984/000006598425000012/0000065984-25-000012-index.htm,https://www.sec.gov/Archives/edgar/data/65984/000006598425000012/etr-20241231.htm
Entergy,ETR,65984,Utilities,10-Q,2025-08-01,2025-06-30,0000065984-25-000087,0000065984-25-000087:etr-20250630.htm,10-Q,https://www.sec.gov/Archives/edgar/data/65984/000006598425000087/0000065984-25-000087-index.htm,https://www.sec.gov/Archives/edgar/data/65984/000006598425000087/etr-20250630.htm
Entergy,ETR,65984,Utilities,10-Q,2025-10-31,2025-09-30,0000065984-25-000132,0000065984-25-000132:etr-20250930.htm,10-Q,https://www.sec.gov/Archives/edgar/data/65984/000006598425000132/0000065984-25-000132-index.htm,https://www.sec.gov/Archives/edgar/data/65984/000006598425000132/etr-20250930.htm
Entergy,ETR,65984,Utilities,10-Q,2026-05-01,2026-03-31,0000065984-26-000222,0000065984-26-000222:etr-20260331.htm,10-Q,https://www.sec.gov/Archives/edgar/data/65984/000006598426000222/0000065984-26-000222-index.htm,https://www.sec.gov/Archives/edgar/data/65984/000006598426000222/etr-20260331.htm
Entergy,ETR,65984,Utilities,8-K,2025-10-03,2025-10-01,0000065984-25-000118,0000065984-25-000118:a02225exhibit-105upsa.htm,EX-1.05,https://www.sec.gov/Archives/edgar/data/65984/000006598425000118/0000065984-25-000118-index.htm,https://www.sec.gov/Archives/edgar/data/65984/000006598425000118/a02225exhibit-105upsa.htm
EQT Corporation,EQT,33213,Energy,10-K,2025-02-19,2024-12-31,0000033213-25-000011,0000033213-25-000011:eqt-20241231.htm,10-K,https://www.sec.gov/Archives/edgar/data/33213/000003321325000011/0000033213-25-000011-index.htm,https://www.sec.gov/Archives/edgar/data/33213/000003321325000011/eqt-20241231.htm
EQT Corporation,EQT,33213,Energy,10-K,2026-02-18,2025-12-31,0000033213-26-000018,0000033213-26-000018:eqt-20251231.htm,10-K,https://www.sec.gov/Archives/edgar/data/33213/000003321326000018/0000033213-26-000018-index.htm,https://www.sec.gov/Archives/edgar/data/33213/000003321326000018/eqt-20251231.htm
Equinix,EQIX,1101239,Real Estate,10-Q,2026-04-29,2026-03-31,0001101239-26-000091,0001101239-26-000091:eqix-20260331.htm,10-Q,https://www.sec.gov/Archives/edgar/data/1101239/000110123926000091/0001101239-26-000091-index.htm,https://www.sec.gov/Archives/edgar/data/1101239/000110123926000091/eqix-20260331.htm
Equinix,EQIX,1101239,Real Estate,10-Q,2025-10-29,2025-09-30,0001101239-25-000062,0001101239-25-000062:eqix-20250930.htm,10-Q,https://www.sec.gov/Archives/edgar/data/1101239/000110123925000062/0001101239-25-000062-index.htm,https://www.sec.gov/Archives/edgar/data/1101239/000110123925000062/eqix-20250930.htm
Equinix,EQIX,1101239,Real Estate,10-Q,2025-07-30,2025-06-30,0001101239-25-000029,0001101239-25-000029:eqix-20250630.htm,10-Q,https://www.sec.gov/Archives/edgar/data/1101239/000110123925000029/0001101239-25-000029-index.htm,https://www.sec.gov/Archives/edgar/data/1101239/000110123925000029/eqix-20250630.htm
Equinix,EQIX,1101239,Real Estate,10-K,2026-02-11,2025-12-31,0001101239-26-000032,0001101239-26-000032:eqix-20251231.htm,10-K,https://www.sec.gov/Archives/edgar/data/1101239/000110123926000032/0001101239-26-000032-index.htm,https://www.sec.gov/Archives/edgar/data/1101239/000110123926000032/eqix-20251231.htm
Erie Indemnity,ERIE,922621,Financials,8-K,2025-12-11,2025-12-09,0001628280-25-056532,0001628280-25-056532:ex-99112112025.htm,EX-99.1,https://www.sec.gov/Archives/edgar/data/922621/000162828025056532/0001628280-25-056532-index.htm,https://www.sec.gov/Archives/edgar/data/922621/000162828025056532/ex-99112112025.htm
Erie Indemnity,ERIE,922621,Financials,8-K,2026-04-23,2026-04-21,0001628280-26-026857,0001628280-26-026857:ex-99103312026.htm,EX-99.1,https://www.sec.gov/Archives/edgar/data/922621/000162828026026857/0001628280-26-026857-index.htm,https://www.sec.gov/Archives/edgar/data/922621/000162828026026857/ex-99103312026.htm
Erie Indemnity,ERIE,922621,Financials,8-K,2025-04-24,2025-04-22,0000922621-25-000015,0000922621-25-000015:ex-99103312025.htm,EX-99.1,https://www.sec.gov/Archives/edgar/data/922621/000092262125000015/0000922621-25-000015-index.htm,https://www.sec.gov/Archives/edgar/data/922621/000092262125000015/ex-99103312025.htm
Erie Indemnity,ERIE,922621,Financials,10-Q,2026-04-23,2026-03-31,0001628280-26-026866,0001628280-26-026866:erie-20260331.htm,10-Q,https://www.sec.gov/Archives/edgar/data/922621/000162828026026866/0001628280-26-026866-index.htm,https://www.sec.gov/Archives/edgar/data/922621/000162828026026866/erie-20260331.htm
Erie Indemnity,ERIE,922621,Financials,8-K,2025-08-07,2025-08-07,0001628280-25-038916,0001628280-25-038916:ex-99106302025.htm,EX-99.1,https://www.sec.gov/Archives/edgar/data/922621/000162828025038916/0001628280-25-038916-index.htm,https://www.sec.gov/Archives/edgar/data/922621/000162828025038916/ex-99106302025.htm
Erie Indemnity,ERIE,922621,Financials,8-K,2025-10-30,2025-10-28,0001628280-25-047550,0001628280-25-047550:ex-99109302025.htm,EX-99.1,https://www.sec.gov/Archives/edgar/data/922621/000162828025047550/0001628280-25-047550-index.htm,https://www.sec.gov/Archives/edgar/data/922621/000162828025047550/ex-99109302025.htm
Erie Indemnity,ERIE,922621,Financials,10-Q,2025-04-24,2025-03-31,0000922621-25-000016,0000922621-25-000016:erie-20250331.htm,10-Q,https://www.sec.gov/Archives/edgar/data/922621/000092262125000016/0000922621-25-000016-index.htm,https://www.sec.gov/Archives/edgar/data/922621/000092262125000016/erie-20250331.htm
Erie Indemnity,ERIE,922621,Financials,8-K,2026-02-23,2026-02-19,0001628280-26-010640,0001628280-26-010640:ex-99112312025.htm,EX-99.1,https://www.sec.gov/Archives/edgar/data/922621/000162828026010640/0001628280-26-010640-index.htm,https://www.sec.gov/Archives/edgar/data/922621/000162828026010640/ex-99112312025.htm
Erie Indemnity,ERIE,922621,Financials,10-Q,2025-10-30,2025-09-30,0001628280-25-047555,0001628280-25-047555:erie-20250930.htm,10-Q,https://www.sec.gov/Archives/edgar/data/922621/000162828025047555/0001628280-25-047555-index.htm,https://www.sec.gov/Archives/edgar/data/922621/000162828025047555/erie-20250930.htm
Erie Indemnity,ERIE,922621,Financials,10-Q,2025-08-07,2025-06-30,0001628280-25-038926,0001628280-25-038926:erie-20250630.htm,10-Q,https://www.sec.gov/Archives/edgar/data/922621/000162828025038926/0001628280-25-038926-index.htm,https://www.sec.gov/Archives/edgar/data/922621/000162828025038926/erie-20250630.htm
Erie Indemnity,ERIE,922621,Financials,10-K,2026-02-23,2025-12-31,0001628280-26-010666,0001628280-26-010666:erie-20251231.htm,10-K,https://www.sec.gov/Archives/edgar/data/922621/000162828026010666/0001628280-26-010666-index.htm,https://www.sec.gov/Archives/edgar/data/922621/000162828026010666/erie-20251231.htm
Essex Property Trust,ESS,920522,Real Estate,10-Q,2025-04-30,2025-03-31,0000920522-25-000040,0000920522-25-000040:ess-20250331.htm,10-Q,https://www.sec.gov/Archives/edgar/data/920522/000092052225000040/0000920522-25-000040-index.htm,https://www.sec.gov/Archives/edgar/data/920522/000092052225000040/ess-20250331.htm
Essex Property Trust,ESS,920522,Real Estate,10-Q,2026-04-29,2026-03-31,0000920522-26-000016,0000920522-26-000016:ess-20260331.htm,10-Q,https://www.sec.gov/Archives/edgar/data/920522/000092052226000016/0000920522-26-000016-index.htm,https://www.sec.gov/Archives/edgar/data/920522/000092052226000016/ess-20260331.htm
Essex Property Trust,ESS,920522,Real Estate,10-Q,2025-07-30,2025-06-30,0000920522-25-000078,0000920522-25-000078:ess-20250630.htm,10-Q,https://www.sec.gov/Archives/edgar/data/920522/000092052225000078/0000920522-25-000078-index.htm,https://www.sec.gov/Archives/edgar/data/920522/000092052225000078/ess-20250630.htm
Essex Property Trust,ESS,920522,Real Estate,10-Q,2025-10-30,2025-09-30,0000920522-25-000082,0000920522-25-000082:ess-20250930.htm,10-Q,https://www.sec.gov/Archives/edgar/data/920522/000092052225000082/0000920522-25-000082-index.htm,https://www.sec.gov/Archives/edgar/data/920522/000092052225000082/ess-20250930.htm
Essex Property Trust,ESS,920522,Real Estate,10-K,2026-02-20,2025-12-31,0000920522-26-000003,0000920522-26-000003:ess-20251231.htm,10-K,https://www.sec.gov/Archives/edgar/data/920522/000092052226000003/0000920522-26-000003-index.htm,https://www.sec.gov/Archives/edgar/data/920522/000092052226000003/ess-20251231.htm
Estée Lauder Companies (The),EL,1001250,Consumer Staples,8-K,2026-05-01,2026-05-01,0001001250-26-000017,0001001250-26-000017:fy2026q3exhibit991.htm,EX-99.1,https://www.sec.gov/Archives/edgar/data/1001250/000100125026000017/0001001250-26-000017-index.htm,https://www.sec.gov/Archives/edgar/data/1001250/000100125026000017/fy2026q3exhibit991.htm
Estée Lauder Companies (The),EL,1001250,Consumer Staples,8-K,2026-02-05,2026-02-05,0001001250-26-000004,0001001250-26-000004:fy2026q2exhibit991.htm,EX-99.1,https://www.sec.gov/Archives/edgar/data/1001250/000100125026000004/0001001250-26-000004-index.htm,https://www.sec.gov/Archives/edgar/data/1001250/000100125026000004/fy2026q2exhibit991.htm
Estée Lauder Companies (The),EL,1001250,Consumer Staples,8-K,2025-10-30,2025-10-30,0001001250-25-000107,0001001250-25-000107:fy2026q1exhibit991.htm,EX-99.1,https://www.sec.gov/Archives/edgar/data/1001250/000100125025000107/0001001250-25-000107-index.htm,https://www.sec.gov/Archives/edgar/data/1001250/000100125025000107/fy2026q1exhibit991.htm
Estée Lauder Companies (The),EL,1001250,Consumer Staples,8-K,2025-02-04,2025-02-03,0001001250-25-000009,0001001250-25-000009:fy2025q2exhibit991.htm,EX-99.1,https://www.sec.gov/Archives/edgar/data/1001250/000100125025000009/0001001250-25-000009-index.htm,https://www.sec.gov/Archives/edgar/data/1001250/000100125025000009/fy2025q2exhibit991.htm
Estée Lauder Companies (The),EL,1001250,Consumer Staples,10-Q,2026-05-01,2026-03-31,0001001250-26-000019,0001001250-26-000019:el-20260331.htm,10-Q,https://www.sec.gov/Archives/edgar/data/1001250/000100125026000019/0001001250-26-000019-index.htm,https://www.sec.gov/Archives/edgar/data/1001250/000100125026000019/el-20260331.htm
Estée Lauder Companies (The),EL,1001250,Consumer Staples,8-K,2025-08-20,2025-08-20,0001001250-25-000097,0001001250-25-000097:elq4fy2025exhibit991.htm,EX-99.1,https://www.sec.gov/Archives/edgar/data/1001250/000100125025000097/0001001250-25-000097-index.htm,https://www.sec.gov/Archives/edgar/data/1001250/000100125025000097/elq4fy2025exhibit991.htm
Estée Lauder Companies (The),EL,1001250,Consumer Staples,10-Q,2025-10-30,2025-09-30,0001001250-25-000109,0001001250-25-000109:el-20250930.htm,10-Q,https://www.sec.gov/Archives/edgar/data/1001250/000100125025000109/0001001250-25-000109-index.htm,https://www.sec.gov/Archives/edgar/data/1001250/000100125025000109/el-20250930.htm
Estée Lauder Companies (The),EL,1001250,Consumer Staples,10-Q,2026-02-05,2025-12-31,0001001250-26-000006,0001001250-26-000006:el-20251231.htm,10-Q,https://www.sec.gov/Archives/edgar/data/1001250/000100125026000006/0001001250-26-000006-index.htm,https://www.sec.gov/Archives/edgar/data/1001250/000100125026000006/el-20251231.htm
Estée Lauder Companies (The),EL,1001250,Consumer Staples,10-K,2025-08-20,2025-06-30,0001001250-25-000099,0001001250-25-000099:el-20250630.htm,10-K,https://www.sec.gov/Archives/edgar/data/1001250/000100125025000099/0001001250-25-000099-index.htm,https://www.sec.gov/Archives/edgar/data/1001250/000100125025000099/el-20250630.htm
Evergy,EVRG,1711269,Utilities,8-K,2026-05-07,2026-05-07,0001193125-26-210269,0001193125-26-210269:d947347dex991.htm,EX-99.1,https://www.sec.gov/Archives/edgar/data/1711269/000119312526210269/0001193125-26-210269-index.htm,https://www.sec.gov/Archives/edgar/data/1711269/000119312526210269/d947347dex991.htm
Evergy,EVRG,1711269,Utilities,10-K,2025-02-27,2024-12-31,0001711269-25-000004,0001711269-25-000004:evrg-20241231.htm,10-K,https://www.sec.gov/Archives/edgar/data/1711269/000171126925000004/0001711269-25-000004-index.htm,https://www.sec.gov/Archives/edgar/data/1711269/000171126925000004/evrg-20241231.htm
Evergy,EVRG,1711269,Utilities,10-K,2026-02-19,2025-12-31,0001711269-26-000017,0001711269-26-000017:evrg-20251231.htm,10-K,https://www.sec.gov/Archives/edgar/data/1711269/000171126926000017/0001711269-26-000017-index.htm,https://www.sec.gov/Archives/edgar/data/1711269/000171126926000017/evrg-20251231.htm
Evergy,EVRG,1711269,Utilities,10-Q,2026-05-07,2026-03-31,0001711269-26-000057,0001711269-26-000057:evrg-20260331.htm,10-Q,https://www.sec.gov/Archives/edgar/data/1711269/000171126926000057/0001711269-26-000057-index.htm,https://www.sec.gov/Archives/edgar/data/1711269/000171126926000057/evrg-20260331.htm
Evergy,EVRG,1711269,Utilities,10-Q,2025-11-06,2025-09-30,0001711269-25-000041,0001711269-25-000041:evrg-20250930.htm,10-Q,https://www.sec.gov/Archives/edgar/data/1711269/000171126925000041/0001711269-25-000041-index.htm,https://www.sec.gov/Archives/edgar/data/1711269/000171126925000041/evrg-20250930.htm
Eversource Energy,ES,72741,Utilities,8-K,2026-05-06,2026-05-06,0001104659-26-056267,0001104659-26-056267:tm2613673d1_ex99-3.htm,EX-99.3,https://www.sec.gov/Archives/edgar/data/72741/000110465926056267/0001104659-26-056267-index.htm,https://www.sec.gov/Archives/edgar/data/72741/000110465926056267/tm2613673d1_ex99-3.htm
Eversource Energy,ES,72741,Utilities,10-Q,2025-08-04,2025-06-30,0001628280-25-037369,0001628280-25-037369:es-20250630.htm,10-Q,https://www.sec.gov/Archives/edgar/data/72741/000162828025037369/0001628280-25-037369-index.htm,https://www.sec.gov/Archives/edgar/data/72741/000162828025037369/es-20250630.htm
Eversource Energy,ES,72741,Utilities,10-Q,2025-11-06,2025-09-30,0001628280-25-050033,0001628280-25-050033:es-20250930.htm,10-Q,https://www.sec.gov/Archives/edgar/data/72741/000162828025050033/0001628280-25-050033-index.htm,https://www.sec.gov/Archives/edgar/data/72741/000162828025050033/es-20250930.htm
Eversource Energy,ES,72741,Utilities,10-Q,2025-05-05,2025-03-31,0000072741-25-000011,0000072741-25-000011:es-20250331.htm,10-Q,https://www.sec.gov/Archives/edgar/data/72741/000007274125000011/0000072741-25-000011-index.htm,https://www.sec.gov/Archives/edgar/data/72741/000007274125000011/es-20250331.htm
Eversource Energy,ES,72741,Utilities,10-Q,2026-05-07,2026-03-31,0001628280-26-032278,0001628280-26-032278:es-20260331.htm,10-Q,https://www.sec.gov/Archives/edgar/data/72741/000162828026032278/0001628280-26-032278-index.htm,https://www.sec.gov/Archives/edgar/data/72741/000162828026032278/es-20260331.htm
Eversource Energy,ES,72741,Utilities,10-K,2026-02-17,2025-12-31,0001628280-26-008461,0001628280-26-008461:es-20251231.htm,10-K,https://www.sec.gov/Archives/edgar/data/72741/000162828026008461/0001628280-26-008461-index.htm,https://www.sec.gov/Archives/edgar/data/72741/000162828026008461/es-20251231.htm
Eversource Energy,ES,72741,Utilities,10-K,2025-02-14,2024-12-31,0000072741-25-000007,0000072741-25-000007:es-20241231.htm,10-K,https://www.sec.gov/Archives/edgar/data/72741/000007274125000007/0000072741-25-000007-index.htm,https://www.sec.gov/Archives/edgar/data/72741/000007274125000007/es-20241231.htm
Eversource Energy,ES,72741,Utilities,8-K,2025-10-14,2025-10-14,0001104659-25-098981,0001104659-25-098981:tm2528570d1_ex99-1.htm,EX-99.1,https://www.sec.gov/Archives/edgar/data/72741/000110465925098981/0001104659-25-098981-index.htm,https://www.sec.gov/Archives/edgar/data/72741/000110465925098981/tm2528570d1_ex99-1.htm
Exelon,EXC,1109357,Utilities,8-K,2025-07-31,2025-07-31,0001109357-25-000167,0001109357-25-000167:exc-20250731ex992.htm,EX-99.2,https://www.sec.gov/Archives/edgar/data/1109357/000110935725000167/0001109357-25-000167-index.htm,https://www.sec.gov/Archives/edgar/data/1109357/000110935725000167/exc-20250731ex992.htm
Exelon,EXC,1109357,Utilities,8-K,2026-05-06,2026-05-06,0001109357-26-000061,0001109357-26-000061:exc-20260506ex992.htm,EX-99.2,https://www.sec.gov/Archives/edgar/data/1109357/000110935726000061/0001109357-26-000061-index.htm,https://www.sec.gov/Archives/edgar/data/1109357/000110935726000061/exc-20260506ex992.htm
Exelon,EXC,1109357,Utilities,8-K,2025-05-01,2025-05-01,0001109357-25-000110,0001109357-25-000110:exc-20250501ex992.htm,EX-99.2,https://www.sec.gov/Archives/edgar/data/1109357/000110935725000110/0001109357-25-000110-index.htm,https://www.sec.gov/Archives/edgar/data/1109357/000110935725000110/exc-20250501ex992.htm
Exelon,EXC,1109357,Utilities,8-K,2025-11-04,2025-11-04,0001109357-25-000179,0001109357-25-000179:exc-20251104ex992.htm,EX-99.2,https://www.sec.gov/Archives/edgar/data/1109357/000110935725000179/0001109357-25-000179-index.htm,https://www.sec.gov/Archives/edgar/data/1109357/000110935725000179/exc-20251104ex992.htm
Exelon,EXC,1109357,Utilities,8-K,2026-02-12,2026-02-12,0001109357-26-000014,0001109357-26-000014:exc-20260212ex992.htm,EX-99.2,https://www.sec.gov/Archives/edgar/data/1109357/000110935726000014/0001109357-26-000014-index.htm,https://www.sec.gov/Archives/edgar/data/1109357/000110935726000014/exc-20260212ex992.htm
Exelon,EXC,1109357,Utilities,10-K,2026-02-12,2025-12-31,0001109357-26-000018,0001109357-26-000018:exc-20251231.htm,10-K,https://www.sec.gov/Archives/edgar/data/1109357/000110935726000018/0001109357-26-000018-index.htm,https://www.sec.gov/Archives/edgar/data/1109357/000110935726000018/exc-20251231.htm
Exelon,EXC,1109357,Utilities,10-K,2025-02-12,2024-12-31,0001109357-25-000043,0001109357-25-000043:exc-20241231.htm,10-K,https://www.sec.gov/Archives/edgar/data/1109357/000110935725000043/0001109357-25-000043-index.htm,https://www.sec.gov/Archives/edgar/data/1109357/000110935725000043/exc-20241231.htm
Exelon,EXC,1109357,Utilities,8-K,2025-02-12,2025-02-12,0001109357-25-000041,0001109357-25-000041:exc-20250212ex992.htm,EX-99.2,https://www.sec.gov/Archives/edgar/data/1109357/000110935725000041/0001109357-25-000041-index.htm,https://www.sec.gov/Archives/edgar/data/1109357/000110935725000041/exc-20250212ex992.htm
Exelon,EXC,1109357,Utilities,10-Q,2025-11-04,2025-09-30,0001109357-25-000182,0001109357-25-000182:exc-20250930.htm,10-Q,https://www.sec.gov/Archives/edgar/data/1109357/000110935725000182/0001109357-25-000182-index.htm,https://www.sec.gov/Archives/edgar/data/1109357/000110935725000182/exc-20250930.htm
Exelon,EXC,1109357,Utilities,10-Q,2025-07-31,2025-06-30,0001109357-25-000170,0001109357-25-000170:exc-20250630.htm,10-Q,https://www.sec.gov/Archives/edgar/data/1109357/000110935725000170/0001109357-25-000170-index.htm,https://www.sec.gov/Archives/edgar/data/1109357/000110935725000170/exc-20250630.htm
Exelon,EXC,1109357,Utilities,10-Q,2025-05-01,2025-03-31,0001109357-25-000113,0001109357-25-000113:exc-20250331.htm,10-Q,https://www.sec.gov/Archives/edgar/data/1109357/000110935725000113/0001109357-25-000113-index.htm,https://www.sec.gov/Archives/edgar/data/1109357/000110935725000113/exc-20250331.htm
Exelon,EXC,1109357,Utilities,10-Q,2026-05-06,2026-03-31,0001109357-26-000063,0001109357-26-000063:exc-20260331.htm,10-Q,https://www.sec.gov/Archives/edgar/data/1109357/000110935726000063/0001109357-26-000063-index.htm,https://www.sec.gov/Archives/edgar/data/1109357/000110935726000063/exc-20260331.htm
Expand Energy,EXE,895126,Energy,10-K,2025-02-26,2024-12-31,0000895126-25-000021,0000895126-25-000021:exe-20241231.htm,10-K,https://www.sec.gov/Archives/edgar/data/895126/000089512625000021/0000895126-25-000021-index.htm,https://www.sec.gov/Archives/edgar/data/895126/000089512625000021/exe-20241231.htm
Expeditors International,EXPD,746515,Industrials,8-K,2026-03-23,2026-03-23,0001193125-26-119919,0001193125-26-119919:expd-20260323.htm,8-K,https://www.sec.gov/Archives/edgar/data/746515/000119312526119919/0001193125-26-119919-index.htm,https://www.sec.gov/Archives/edgar/data/746515/000119312526119919/expd-20260323.htm
Expeditors International,EXPD,746515,Industrials,8-K,2026-05-05,2026-05-05,0001193125-26-205511,0001193125-26-205511:expd-ex99_1.htm,EX-99.1,https://www.sec.gov/Archives/edgar/data/746515/000119312526205511/0001193125-26-205511-index.htm,https://www.sec.gov/Archives/edgar/data/746515/000119312526205511/expd-ex99_1.htm
Expeditors International,EXPD,746515,Industrials,8-K,2026-05-20,2026-05-20,0001193125-26-232738,0001193125-26-232738:expd-20260520.htm,8-K,https://www.sec.gov/Archives/edgar/data/746515/000119312526232738/0001193125-26-232738-index.htm,https://www.sec.gov/Archives/edgar/data/746515/000119312526232738/expd-20260520.htm
Expeditors International,EXPD,746515,Industrials,8-K,2025-08-05,2025-08-05,0000950170-25-102569,0000950170-25-102569:expd-ex99_1.htm,EX-99.1,https://www.sec.gov/Archives/edgar/data/746515/000095017025102569/0000950170-25-102569-index.htm,https://www.sec.gov/Archives/edgar/data/746515/000095017025102569/expd-ex99_1.htm
Expeditors International,EXPD,746515,Industrials,10-Q,2025-05-08,2025-03-31,0000950170-25-066562,0000950170-25-066562:expd-20250331.htm,10-Q,https://www.sec.gov/Archives/edgar/data/746515/000095017025066562/0000950170-25-066562-index.htm,https://www.sec.gov/Archives/edgar/data/746515/000095017025066562/expd-20250331.htm
Expeditors International,EXPD,746515,Industrials,10-Q,2025-08-07,2025-06-30,0000746515-25-000007,0000746515-25-000007:expd-20250630.htm,10-Q,https://www.sec.gov/Archives/edgar/data/746515/000074651525000007/0000746515-25-000007-index.htm,https://www.sec.gov/Archives/edgar/data/746515/000074651525000007/expd-20250630.htm
Expeditors International,EXPD,746515,Industrials,8-K,2025-05-14,2025-05-14,0000950170-25-071430,0000950170-25-071430:expd-20250514.htm,8-K,https://www.sec.gov/Archives/edgar/data/746515/000095017025071430/0000950170-25-071430-index.htm,https://www.sec.gov/Archives/edgar/data/746515/000095017025071430/expd-20250514.htm
Expeditors International,EXPD,746515,Industrials,10-Q,2025-11-06,2025-09-30,0001193125-25-268710,0001193125-25-268710:expd-20250930.htm,10-Q,https://www.sec.gov/Archives/edgar/data/746515/000119312525268710/0001193125-25-268710-index.htm,https://www.sec.gov/Archives/edgar/data/746515/000119312525268710/expd-20250930.htm
Expeditors International,EXPD,746515,Industrials,10-K,2026-02-25,2025-12-31,0001193125-26-071569,0001193125-26-071569:expd-20251231.htm,10-K,https://www.sec.gov/Archives/edgar/data/746515/000119312526071569/0001193125-26-071569-index.htm,https://www.sec.gov/Archives/edgar/data/746515/000119312526071569/expd-20251231.htm
Expeditors International,EXPD,746515,Industrials,8-K,2025-05-06,2025-05-06,0000950170-25-064162,0000950170-25-064162:expd-ex99_1.htm,EX-99.1,https://www.sec.gov/Archives/edgar/data/746515/000095017025064162/0000950170-25-064162-index.htm,https://www.sec.gov/Archives/edgar/data/746515/000095017025064162/expd-ex99_1.htm
Expeditors International,EXPD,746515,Industrials,8-K,2025-11-14,2025-11-14,0001193125-25-282956,0001193125-25-282956:expd-20251114.htm,8-K,https://www.sec.gov/Archives/edgar/data/746515/000119312525282956/0001193125-25-282956-index.htm,https://www.sec.gov/Archives/edgar/data/746515/000119312525282956/expd-20251114.htm
Expeditors International,EXPD,746515,Industrials,10-Q,2026-05-06,2026-03-31,0001193125-26-208834,0001193125-26-208834:expd-20260331.htm,10-Q,https://www.sec.gov/Archives/edgar/data/746515/000119312526208834/0001193125-26-208834-index.htm,https://www.sec.gov/Archives/edgar/data/746515/000119312526208834/expd-20260331.htm
Expeditors International,EXPD,746515,Industrials,10-K,2025-02-21,2024-12-31,0000950170-25-024750,0000950170-25-024750:expd-20241231.htm,10-K,https://www.sec.gov/Archives/edgar/data/746515/000095017025024750/0000950170-25-024750-index.htm,https://www.sec.gov/Archives/edgar/data/746515/000095017025024750/expd-20241231.htm
ExxonMobil,XOM,34088,Energy,10-K,2025-02-19,2024-12-31,0000034088-25-000010,0000034088-25-000010:xom-20241231.htm,10-K,https://www.sec.gov/Archives/edgar/data/34088/000003408825000010/0000034088-25-000010-index.htm,https://www.sec.gov/Archives/edgar/data/34088/000003408825000010/xom-20241231.htm
Fastenal,FAST,815556,Industrials,10-Q,2026-04-16,2026-03-31,0000815556-26-000022,0000815556-26-000022:fast-20260331.htm,10-Q,https://www.sec.gov/Archives/edgar/data/815556/000081555626000022/0000815556-26-000022-index.htm,https://www.sec.gov/Archives/edgar/data/815556/000081555626000022/fast-20260331.htm
Fastenal,FAST,815556,Industrials,10-Q,2026-07-16,2026-06-30,0000815556-26-000041,0000815556-26-000041:fast-20260630.htm,10-Q,https://www.sec.gov/Archives/edgar/data/815556/000081555626000041/0000815556-26-000041-index.htm,https://www.sec.gov/Archives/edgar/data/815556/000081555626000041/fast-20260630.htm
Fastenal,FAST,815556,Industrials,10-K,2026-02-05,2025-12-31,0000815556-26-000009,0000815556-26-000009:fast-20251231.htm,10-K,https://www.sec.gov/Archives/edgar/data/815556/000081555626000009/0000815556-26-000009-index.htm,https://www.sec.gov/Archives/edgar/data/815556/000081555626000009/fast-20251231.htm
Fastenal,FAST,815556,Industrials,10-Q,2025-07-17,2025-06-30,0000815556-25-000106,0000815556-25-000106:fast-20250630.htm,10-Q,https://www.sec.gov/Archives/edgar/data/815556/000081555625000106/0000815556-25-000106-index.htm,https://www.sec.gov/Archives/edgar/data/815556/000081555625000106/fast-20250630.htm
Fastenal,FAST,815556,Industrials,10-Q,2025-10-16,2025-09-30,0000815556-25-000119,0000815556-25-000119:fast-20250930.htm,10-Q,https://www.sec.gov/Archives/edgar/data/815556/000081555625000119/0000815556-25-000119-index.htm,https://www.sec.gov/Archives/edgar/data/815556/000081555625000119/fast-20250930.htm
Fastenal,FAST,815556,Industrials,10-K,2025-02-06,2024-12-31,0000815556-25-000065,0000815556-25-000065:fast-20241231.htm,10-K,https://www.sec.gov/Archives/edgar/data/815556/000081555625000065/0000815556-25-000065-index.htm,https://www.sec.gov/Archives/edgar/data/815556/000081555625000065/fast-20241231.htm
FedEx,FDX,1048911,Industrials,8-K,2026-06-23,2026-06-23,0001048911-26-000050,0001048911-26-000050:fdx-earningsreleasefy2026q4.htm,EX-99.1,https://www.sec.gov/Archives/edgar/data/1048911/000104891126000050/0001048911-26-000050-index.htm,https://www.sec.gov/Archives/edgar/data/1048911/000104891126000050/fdx-earningsreleasefy2026q4.htm
FedEx,FDX,1048911,Industrials,10-Q,2026-03-19,2026-02-28,0001048911-26-000011,0001048911-26-000011:fdx-20260228.htm,10-Q,https://www.sec.gov/Archives/edgar/data/1048911/000104891126000011/0001048911-26-000011-index.htm,https://www.sec.gov/Archives/edgar/data/1048911/000104891126000011/fdx-20260228.htm
FedEx,FDX,1048911,Industrials,10-K,2025-07-21,2025-05-31,0001048911-25-000011,0001048911-25-000011:fdx-20250531.htm,10-K,https://www.sec.gov/Archives/edgar/data/1048911/000104891125000011/0001048911-25-000011-index.htm,https://www.sec.gov/Archives/edgar/data/1048911/000104891125000011/fdx-20250531.htm
FedEx,FDX,1048911,Industrials,10-K,2026-07-20,2026-05-31,0001048911-26-000105,0001048911-26-000105:fdx-20260531.htm,10-K,https://www.sec.gov/Archives/edgar/data/1048911/000104891126000105/0001048911-26-000105-index.htm,https://www.sec.gov/Archives/edgar/data/1048911/000104891126000105/fdx-20260531.htm
Fidelity National Information Services,FIS,1136893,Financials,8-K,2026-05-08,2026-05-08,0001136893-26-000038,0001136893-26-000038:q12026ex991.htm,EX-99.1,https://www.sec.gov/Archives/edgar/data/1136893/000113689326000038/0001136893-26-000038-index.htm,https://www.sec.gov/Archives/edgar/data/1136893/000113689326000038/q12026ex991.htm
Fidelity National Information Services,FIS,1136893,Financials,8-K,2025-05-06,2025-05-06,0001136893-25-000053,0001136893-25-000053:q12025ex991.htm,EX-99.1,https://www.sec.gov/Archives/edgar/data/1136893/000113689325000053/0001136893-25-000053-index.htm,https://www.sec.gov/Archives/edgar/data/1136893/000113689325000053/q12025ex991.htm
Fidelity National Information Services,FIS,1136893,Financials,8-K,2025-11-05,2025-11-05,0001136893-25-000125,0001136893-25-000125:q32025ex991.htm,EX-99.1,https://www.sec.gov/Archives/edgar/data/1136893/000113689325000125/0001136893-25-000125-index.htm,https://www.sec.gov/Archives/edgar/data/1136893/000113689325000125/q32025ex991.htm
Fidelity National Information Services,FIS,1136893,Financials,8-K,2025-08-05,2025-08-05,0001136893-25-000115,0001136893-25-000115:q22025ex991.htm,EX-99.1,https://www.sec.gov/Archives/edgar/data/1136893/000113689325000115/0001136893-25-000115-index.htm,https://www.sec.gov/Archives/edgar/data/1136893/000113689325000115/q22025ex991.htm
Fidelity National Information Services,FIS,1136893,Financials,8-K,2026-02-24,2026-02-24,0001136893-26-000009,0001136893-26-000009:q42025ex991.htm,EX-99.1,https://www.sec.gov/Archives/edgar/data/1136893/000113689326000009/0001136893-26-000009-index.htm,https://www.sec.gov/Archives/edgar/data/1136893/000113689326000009/q42025ex991.htm
Fidelity National Information Services,FIS,1136893,Financials,10-Q,2026-05-08,2026-03-31,0001136893-26-000040,0001136893-26-000040:fis-20260331.htm,10-Q,https://www.sec.gov/Archives/edgar/data/1136893/000113689326000040/0001136893-26-000040-index.htm,https://www.sec.gov/Archives/edgar/data/1136893/000113689326000040/fis-20260331.htm
Fidelity National Information Services,FIS,1136893,Financials,10-Q,2025-05-06,2025-03-31,0001136893-25-000056,0001136893-25-000056:fis-20250331.htm,10-Q,https://www.sec.gov/Archives/edgar/data/1136893/000113689325000056/0001136893-25-000056-index.htm,https://www.sec.gov/Archives/edgar/data/1136893/000113689325000056/fis-20250331.htm
Fidelity National Information Services,FIS,1136893,Financials,10-Q,2025-11-05,2025-09-30,0001136893-25-000128,0001136893-25-000128:fis-20250930.htm,10-Q,https://www.sec.gov/Archives/edgar/data/1136893/000113689325000128/0001136893-25-000128-index.htm,https://www.sec.gov/Archives/edgar/data/1136893/000113689325000128/fis-20250930.htm
Fidelity National Information Services,FIS,1136893,Financials,10-Q,2025-08-05,2025-06-30,0001136893-25-000117,0001136893-25-000117:fis-20250630.htm,10-Q,https://www.sec.gov/Archives/edgar/data/1136893/000113689325000117/0001136893-25-000117-index.htm,https://www.sec.gov/Archives/edgar/data/1136893/000113689325000117/fis-20250630.htm
Fidelity National Information Services,FIS,1136893,Financials,10-K,2026-02-24,2025-12-31,0001136893-26-000013,0001136893-26-000013:fis-20251231.htm,10-K,https://www.sec.gov/Archives/edgar/data/1136893/000113689326000013/0001136893-26-000013-index.htm,https://www.sec.gov/Archives/edgar/data/1136893/000113689326000013/fis-20251231.htm
Fifth Third Bancorp,FITB,35527,Financials,8-K,2025-10-08,2025-10-05,0001193125-25-234686,0001193125-25-234686:d30938dex21.htm,EX-2.1,https://www.sec.gov/Archives/edgar/data/35527/000119312525234686/0001193125-25-234686-index.htm,https://www.sec.gov/Archives/edgar/data/35527/000119312525234686/d30938dex21.htm
Fifth Third Bancorp,FITB,35527,Financials,10-Q,2025-05-06,2025-03-31,0000035527-25-000137,0000035527-25-000137:fitb-20250331.htm,10-Q,https://www.sec.gov/Archives/edgar/data/35527/000003552725000137/0000035527-25-000137-index.htm,https://www.sec.gov/Archives/edgar/data/35527/000003552725000137/fitb-20250331.htm
Fifth Third Bancorp,FITB,35527,Financials,10-Q,2025-08-05,2025-06-30,0000035527-25-000171,0000035527-25-000171:fitb-20250630.htm,10-Q,https://www.sec.gov/Archives/edgar/data/35527/000003552725000171/0000035527-25-000171-index.htm,https://www.sec.gov/Archives/edgar/data/35527/000003552725000171/fitb-20250630.htm
Fifth Third Bancorp,FITB,35527,Financials,10-Q,2025-11-04,2025-09-30,0000035527-25-000212,0000035527-25-000212:fitb-20250930.htm,10-Q,https://www.sec.gov/Archives/edgar/data/35527/000003552725000212/0000035527-25-000212-index.htm,https://www.sec.gov/Archives/edgar/data/35527/000003552725000212/fitb-20250930.htm
Fifth Third Bancorp,FITB,35527,Financials,10-K,2025-02-24,2024-12-31,0000035527-25-000079,0000035527-25-000079:fitb-20241231.htm,10-K,https://www.sec.gov/Archives/edgar/data/35527/000003552725000079/0000035527-25-000079-index.htm,https://www.sec.gov/Archives/edgar/data/35527/000003552725000079/fitb-20241231.htm
First Solar,FSLR,1274494,Information Technology,10-Q,2025-10-30,2025-09-30,0001274494-25-000082,0001274494-25-000082:fslr-20250930.htm,10-Q,https://www.sec.gov/Archives/edgar/data/1274494/000127449425000082/0001274494-25-000082-index.htm,https://www.sec.gov/Archives/edgar/data/1274494/000127449425000082/fslr-20250930.htm
First Solar,FSLR,1274494,Information Technology,10-Q,2025-07-31,2025-06-30,0001274494-25-000054,0001274494-25-000054:fslr-20250630.htm,10-Q,https://www.sec.gov/Archives/edgar/data/1274494/000127449425000054/0001274494-25-000054-index.htm,https://www.sec.gov/Archives/edgar/data/1274494/000127449425000054/fslr-20250630.htm
First Solar,FSLR,1274494,Information Technology,10-Q,2025-04-29,2025-03-31,0001274494-25-000033,0001274494-25-000033:fslr-20250331.htm,10-Q,https://www.sec.gov/Archives/edgar/data/1274494/000127449425000033/0001274494-25-000033-index.htm,https://www.sec.gov/Archives/edgar/data/1274494/000127449425000033/fslr-20250331.htm
First Solar,FSLR,1274494,Information Technology,10-Q,2026-04-30,2026-03-31,0001274494-26-000109,0001274494-26-000109:fslr-20260331.htm,10-Q,https://www.sec.gov/Archives/edgar/data/1274494/000127449426000109/0001274494-26-000109-index.htm,https://www.sec.gov/Archives/edgar/data/1274494/000127449426000109/fslr-20260331.htm
First Solar,FSLR,1274494,Information Technology,10-K,2026-02-24,2025-12-31,0001274494-26-000021,0001274494-26-000021:fslr-20251231.htm,10-K,https://www.sec.gov/Archives/edgar/data/1274494/000127449426000021/0001274494-26-000021-index.htm,https://www.sec.gov/Archives/edgar/data/1274494/000127449426000021/fslr-20251231.htm
First Solar,FSLR,1274494,Information Technology,8-K,2025-04-29,2025-04-29,0001274494-25-000032,0001274494-25-000032:ex991pressreleaseq1-2025.htm,EX-99.1,https://www.sec.gov/Archives/edgar/data/1274494/000127449425000032/0001274494-25-000032-index.htm,https://www.sec.gov/Archives/edgar/data/1274494/000127449425000032/ex991pressreleaseq1-2025.htm
First Solar,FSLR,1274494,Information Technology,10-K,2025-02-25,2024-12-31,0001274494-25-000010,0001274494-25-000010:fslr-20241231.htm,10-K,https://www.sec.gov/Archives/edgar/data/1274494/000127449425000010/0001274494-25-000010-index.htm,https://www.sec.gov/Archives/edgar/data/1274494/000127449425000010/fslr-20241231.htm
FirstEnergy,FE,1031296,Utilities,10-Q,2026-04-28,2026-03-31,0001031296-26-000085,0001031296-26-000085:fe-20260331.htm,10-Q,https://www.sec.gov/Archives/edgar/data/1031296/000103129626000085/0001031296-26-000085-index.htm,https://www.sec.gov/Archives/edgar/data/1031296/000103129626000085/fe-20260331.htm
FirstEnergy,FE,1031296,Utilities,10-K,2025-02-27,2024-12-31,0001031296-25-000006,0001031296-25-000006:fe-20241231.htm,10-K,https://www.sec.gov/Archives/edgar/data/1031296/000103129625000006/0001031296-25-000006-index.htm,https://www.sec.gov/Archives/edgar/data/1031296/000103129625000006/fe-20241231.htm
FirstEnergy,FE,1031296,Utilities,10-Q,2025-04-30,2025-03-31,0001031296-25-000017,0001031296-25-000017:fe-20250331.htm,10-Q,https://www.sec.gov/Archives/edgar/data/1031296/000103129625000017/0001031296-25-000017-index.htm,https://www.sec.gov/Archives/edgar/data/1031296/000103129625000017/fe-20250331.htm
FirstEnergy,FE,1031296,Utilities,10-Q,2025-07-30,2025-06-30,0001031296-25-000042,0001031296-25-000042:fe-20250630.htm,10-Q,https://www.sec.gov/Archives/edgar/data/1031296/000103129625000042/0001031296-25-000042-index.htm,https://www.sec.gov/Archives/edgar/data/1031296/000103129625000042/fe-20250630.htm
FirstEnergy,FE,1031296,Utilities,10-Q,2025-10-28,2025-09-30,0001031296-25-000085,0001031296-25-000085:fe-20250930.htm,10-Q,https://www.sec.gov/Archives/edgar/data/1031296/000103129625000085/0001031296-25-000085-index.htm,https://www.sec.gov/Archives/edgar/data/1031296/000103129625000085/fe-20250930.htm
FirstEnergy,FE,1031296,Utilities,10-K,2026-02-18,2025-12-31,0001031296-26-000046,0001031296-26-000046:fe-20251231.htm,10-K,https://www.sec.gov/Archives/edgar/data/1031296/000103129626000046/0001031296-26-000046-index.htm,https://www.sec.gov/Archives/edgar/data/1031296/000103129626000046/fe-20251231.htm
FirstEnergy,FE,1031296,Utilities,8-K,2026-05-20,2026-05-20,0001031296-26-000089,0001031296-26-000089:ex101-fe5x20x2026.htm,EX-10.1,https://www.sec.gov/Archives/edgar/data/1031296/000103129626000089/0001031296-26-000089-index.htm,https://www.sec.gov/Archives/edgar/data/1031296/000103129626000089/ex101-fe5x20x2026.htm
Flex Ltd.,FLEX,866374,Information Technology,10-Q,2025-07-25,2025-06-27,0000866374-25-000043,0000866374-25-000043:flex-20250627.htm,10-Q,https://www.sec.gov/Archives/edgar/data/866374/000086637425000043/0000866374-25-000043-index.htm,https://www.sec.gov/Archives/edgar/data/866374/000086637425000043/flex-20250627.htm
Flex Ltd.,FLEX,866374,Information Technology,10-Q,2025-10-31,2025-09-26,0000866374-25-000051,0000866374-25-000051:flex-20250926.htm,10-Q,https://www.sec.gov/Archives/edgar/data/866374/000086637425000051/0000866374-25-000051-index.htm,https://www.sec.gov/Archives/edgar/data/866374/000086637425000051/flex-20250926.htm
Flex Ltd.,FLEX,866374,Information Technology,10-Q,2026-02-06,2025-12-31,0000866374-26-000005,0000866374-26-000005:flex-20251231.htm,10-Q,https://www.sec.gov/Archives/edgar/data/866374/000086637426000005/0000866374-26-000005-index.htm,https://www.sec.gov/Archives/edgar/data/866374/000086637426000005/flex-20251231.htm
Flex Ltd.,FLEX,866374,Information Technology,10-K,2025-05-21,2025-03-31,0000866374-25-000027,0000866374-25-000027:flex-20250331.htm,10-K,https://www.sec.gov/Archives/edgar/data/866374/000086637425000027/0000866374-25-000027-index.htm,https://www.sec.gov/Archives/edgar/data/866374/000086637425000027/flex-20250331.htm
Flex Ltd.,FLEX,866374,Information Technology,10-K,2026-05-20,2026-03-31,0000866374-26-000012,0000866374-26-000012:flex-20260331.htm,10-K,https://www.sec.gov/Archives/edgar/data/866374/000086637426000012/0000866374-26-000012-index.htm,https://www.sec.gov/Archives/edgar/data/866374/000086637426000012/flex-20260331.htm
Ford Motor Company,F,37996,Consumer Discretionary,8-K,2025-07-30,2025-07-30,0000037996-25-000146,0000037996-25-000146:exhibit99tojuly302025for.htm,EX-99,https://www.sec.gov/Archives/edgar/data/37996/000003799625000146/0000037996-25-000146-index.htm,https://www.sec.gov/Archives/edgar/data/37996/000003799625000146/exhibit99tojuly302025for.htm
Ford Motor Company,F,37996,Consumer Discretionary,8-K,2025-05-05,2025-05-05,0000037996-25-000071,0000037996-25-000071:exhibit99tomay52025ford8.htm,EX-99,https://www.sec.gov/Archives/edgar/data/37996/000003799625000071/0000037996-25-000071-index.htm,https://www.sec.gov/Archives/edgar/data/37996/000003799625000071/exhibit99tomay52025ford8.htm
Ford Motor Company,F,37996,Consumer Discretionary,8-K,2026-04-29,2026-04-29,0000037996-26-000084,0000037996-26-000084:exhibit99toapril292026fo.htm,EX-99,https://www.sec.gov/Archives/edgar/data/37996/000003799626000084/0000037996-26-000084-index.htm,https://www.sec.gov/Archives/edgar/data/37996/000003799626000084/exhibit99toapril292026fo.htm
Ford Motor Company,F,37996,Consumer Discretionary,8-K,2025-10-23,2025-10-23,0000037996-25-000185,0000037996-25-000185:exhibit99tooctober232025.htm,EX-99,https://www.sec.gov/Archives/edgar/data/37996/000003799625000185/0000037996-25-000185-index.htm,https://www.sec.gov/Archives/edgar/data/37996/000003799625000185/exhibit99tooctober232025.htm
Ford Motor Company,F,37996,Consumer Discretionary,10-Q,2025-07-31,2025-06-30,0000037996-25-000147,0000037996-25-000147:f-20250630.htm,10-Q,https://www.sec.gov/Archives/edgar/data/37996/000003799625000147/0000037996-25-000147-index.htm,https://www.sec.gov/Archives/edgar/data/37996/000003799625000147/f-20250630.htm
Ford Motor Company,F,37996,Consumer Discretionary,10-Q,2025-10-24,2025-09-30,0000037996-25-000186,0000037996-25-000186:f-20250930.htm,10-Q,https://www.sec.gov/Archives/edgar/data/37996/000003799625000186/0000037996-25-000186-index.htm,https://www.sec.gov/Archives/edgar/data/37996/000003799625000186/f-20250930.htm
Ford Motor Company,F,37996,Consumer Discretionary,10-Q,2026-04-30,2026-03-31,0000037996-26-000086,0000037996-26-000086:f-20260331.htm,10-Q,https://www.sec.gov/Archives/edgar/data/37996/000003799626000086/0000037996-26-000086-index.htm,https://www.sec.gov/Archives/edgar/data/37996/000003799626000086/f-20260331.htm
Ford Motor Company,F,37996,Consumer Discretionary,10-K,2026-02-11,2025-12-31,0000037996-26-000015,0000037996-26-000015:f-20251231.htm,10-K,https://www.sec.gov/Archives/edgar/data/37996/000003799626000015/0000037996-26-000015-index.htm,https://www.sec.gov/Archives/edgar/data/37996/000003799626000015/f-20251231.htm
Ford Motor Company,F,37996,Consumer Discretionary,10-Q,2025-05-06,2025-03-31,0000037996-25-000072,0000037996-25-000072:f-20250331.htm,10-Q,https://www.sec.gov/Archives/edgar/data/37996/000003799625000072/0000037996-25-000072-index.htm,https://www.sec.gov/Archives/edgar/data/37996/000003799625000072/f-20250331.htm
Ford Motor Company,F,37996,Consumer Discretionary,10-K,2025-02-06,2024-12-31,0000037996-25-000013,0000037996-25-000013:f-20241231.htm,10-K,https://www.sec.gov/Archives/edgar/data/37996/000003799625000013/0000037996-25-000013-index.htm,https://www.sec.gov/Archives/edgar/data/37996/000003799625000013/f-20241231.htm
Fortinet,FTNT,1262039,Information Technology,10-Q,2026-05-08,2026-03-31,0001262039-26-000013,0001262039-26-000013:ftnt-20260331.htm,10-Q,https://www.sec.gov/Archives/edgar/data/1262039/000126203926000013/0001262039-26-000013-index.htm,https://www.sec.gov/Archives/edgar/data/1262039/000126203926000013/ftnt-20260331.htm
Fortinet,FTNT,1262039,Information Technology,10-K,2026-02-25,2025-12-31,0001262039-26-000007,0001262039-26-000007:ftnt-20251231.htm,10-K,https://www.sec.gov/Archives/edgar/data/1262039/000126203926000007/0001262039-26-000007-index.htm,https://www.sec.gov/Archives/edgar/data/1262039/000126203926000007/ftnt-20251231.htm
Fortinet,FTNT,1262039,Information Technology,10-Q,2025-05-08,2025-03-31,0001262039-25-000017,0001262039-25-000017:ftnt-20250331.htm,10-Q,https://www.sec.gov/Archives/edgar/data/1262039/000126203925000017/0001262039-25-000017-index.htm,https://www.sec.gov/Archives/edgar/data/1262039/000126203925000017/ftnt-20250331.htm
Fortinet,FTNT,1262039,Information Technology,10-Q,2025-08-08,2025-06-30,0001262039-25-000028,0001262039-25-000028:ftnt-20250630.htm,10-Q,https://www.sec.gov/Archives/edgar/data/1262039/000126203925000028/0001262039-25-000028-index.htm,https://www.sec.gov/Archives/edgar/data/1262039/000126203925000028/ftnt-20250630.htm
Fortinet,FTNT,1262039,Information Technology,10-Q,2025-11-07,2025-09-30,0001262039-25-000039,0001262039-25-000039:ftnt-20250930.htm,10-Q,https://www.sec.gov/Archives/edgar/data/1262039/000126203925000039/0001262039-25-000039-index.htm,https://www.sec.gov/Archives/edgar/data/1262039/000126203925000039/ftnt-20250930.htm
Fortinet,FTNT,1262039,Information Technology,10-K,2025-02-21,2024-12-31,0001262039-25-000011,0001262039-25-000011:ftnt-20241231.htm,10-K,https://www.sec.gov/Archives/edgar/data/1262039/000126203925000011/0001262039-25-000011-index.htm,https://www.sec.gov/Archives/edgar/data/1262039/000126203925000011/ftnt-20241231.htm
Fortive,FTV,1659166,Industrials,10-Q,2025-07-30,2025-06-27,0001659166-25-000120,0001659166-25-000120:ftv-20250627.htm,10-Q,https://www.sec.gov/Archives/edgar/data/1659166/000165916625000120/0001659166-25-000120-index.htm,https://www.sec.gov/Archives/edgar/data/1659166/000165916625000120/ftv-20250627.htm
Fortive,FTV,1659166,Industrials,8-K,2025-06-30,2025-06-27,0001659166-25-000104,0001659166-25-000104:ex991-pressrelease.htm,EX-99.1,https://www.sec.gov/Archives/edgar/data/1659166/000165916625000104/0001659166-25-000104-index.htm,https://www.sec.gov/Archives/edgar/data/1659166/000165916625000104/ex991-pressrelease.htm
Fortive,FTV,1659166,Industrials,10-Q,2025-10-29,2025-09-26,0001659166-25-000131,0001659166-25-000131:ftv-20250926.htm,10-Q,https://www.sec.gov/Archives/edgar/data/1659166/000165916625000131/0001659166-25-000131-index.htm,https://www.sec.gov/Archives/edgar/data/1659166/000165916625000131/ftv-20250926.htm
Fortive,FTV,1659166,Industrials,10-Q,2026-04-30,2026-04-03,0001659166-26-000013,0001659166-26-000013:ftv-20260403.htm,10-Q,https://www.sec.gov/Archives/edgar/data/1659166/000165916626000013/0001659166-26-000013-index.htm,https://www.sec.gov/Archives/edgar/data/1659166/000165916626000013/ftv-20260403.htm
Fortive,FTV,1659166,Industrials,10-Q,2025-05-01,2025-03-28,0001659166-25-000080,0001659166-25-000080:ftv-20250328.htm,10-Q,https://www.sec.gov/Archives/edgar/data/1659166/000165916625000080/0001659166-25-000080-index.htm,https://www.sec.gov/Archives/edgar/data/1659166/000165916625000080/ftv-20250328.htm
Fortive,FTV,1659166,Industrials,10-K,2026-02-25,2025-12-31,0001659166-26-000007,0001659166-26-000007:ftv-20251231.htm,10-K,https://www.sec.gov/Archives/edgar/data/1659166/000165916626000007/0001659166-26-000007-index.htm,https://www.sec.gov/Archives/edgar/data/1659166/000165916626000007/ftv-20251231.htm
Fortive,FTV,1659166,Industrials,10-K,2025-02-25,2024-12-31,0001659166-25-000024,0001659166-25-000024:ftv-20241231.htm,10-K,https://www.sec.gov/Archives/edgar/data/1659166/000165916625000024/0001659166-25-000024-index.htm,https://www.sec.gov/Archives/edgar/data/1659166/000165916625000024/ftv-20241231.htm
Freeport-McMoRan,FCX,831259,Materials,8-K,2025-07-23,2025-07-23,0000831259-25-000028,0000831259-25-000028:a2025fcx2ndqtrcc_final.htm,EX-99.2,https://www.sec.gov/Archives/edgar/data/831259/000083125925000028/0000831259-25-000028-index.htm,https://www.sec.gov/Archives/edgar/data/831259/000083125925000028/a2025fcx2ndqtrcc_final.htm
Freeport-McMoRan,FCX,831259,Materials,8-K,2025-07-23,2025-07-23,0000831259-25-000028,0000831259-25-000028:a2q2025exhibit991.htm,EX-99.1,https://www.sec.gov/Archives/edgar/data/831259/000083125925000028/0000831259-25-000028-index.htm,https://www.sec.gov/Archives/edgar/data/831259/000083125925000028/a2q2025exhibit991.htm
Freeport-McMoRan,FCX,831259,Materials,8-K,2025-04-24,2025-04-24,0000831259-25-000014,0000831259-25-000014:a2025fcx1stqtrcc_final.htm,EX-99.2,https://www.sec.gov/Archives/edgar/data/831259/000083125925000014/0000831259-25-000014-index.htm,https://www.sec.gov/Archives/edgar/data/831259/000083125925000014/a2025fcx1stqtrcc_final.htm
Freeport-McMoRan,FCX,831259,Materials,10-Q,2025-08-08,2025-06-30,0000831259-25-000031,0000831259-25-000031:fcx-20250630.htm,10-Q,https://www.sec.gov/Archives/edgar/data/831259/000083125925000031/0000831259-25-000031-index.htm,https://www.sec.gov/Archives/edgar/data/831259/000083125925000031/fcx-20250630.htm
Freeport-McMoRan,FCX,831259,Materials,8-K,2025-10-23,2025-10-23,0000831259-25-000048,0000831259-25-000048:a2025fcx3rdqtrfinsummary.htm,EX-99.2,https://www.sec.gov/Archives/edgar/data/831259/000083125925000048/0000831259-25-000048-index.htm,https://www.sec.gov/Archives/edgar/data/831259/000083125925000048/a2025fcx3rdqtrfinsummary.htm
Freeport-McMoRan,FCX,831259,Materials,8-K,2026-02-24,2026-02-18,0000831259-26-000014,0000831259-26-000014:fcxnewrelease21826.htm,EX-99.1,https://www.sec.gov/Archives/edgar/data/831259/000083125926000014/0000831259-26-000014-index.htm,https://www.sec.gov/Archives/edgar/data/831259/000083125926000014/fcxnewrelease21826.htm
Freeport-McMoRan,FCX,831259,Materials,8-K,2025-04-24,2025-04-24,0000831259-25-000014,0000831259-25-000014:a1q2025exhibit991.htm,EX-99.1,https://www.sec.gov/Archives/edgar/data/831259/000083125925000014/0000831259-25-000014-index.htm,https://www.sec.gov/Archives/edgar/data/831259/000083125925000014/a1q2025exhibit991.htm
Freeport-McMoRan,FCX,831259,Materials,8-K,2025-11-18,2025-11-18,0000831259-25-000052,0000831259-25-000052:fcx_251118.htm,EX-99.1,https://www.sec.gov/Archives/edgar/data/831259/000083125925000052/0000831259-25-000052-index.htm,https://www.sec.gov/Archives/edgar/data/831259/000083125925000052/fcx_251118.htm
Freeport-McMoRan,FCX,831259,Materials,8-K,2025-11-18,2025-11-18,0000831259-25-000052,0000831259-25-000052:fcxnov-18x2025cc_final.htm,EX-99.2,https://www.sec.gov/Archives/edgar/data/831259/000083125925000052/0000831259-25-000052-index.htm,https://www.sec.gov/Archives/edgar/data/831259/000083125925000052/fcxnov-18x2025cc_final.htm
Freeport-McMoRan,FCX,831259,Materials,10-Q,2025-05-08,2025-03-31,0000831259-25-000018,0000831259-25-000018:fcx-20250331.htm,10-Q,https://www.sec.gov/Archives/edgar/data/831259/000083125925000018/0000831259-25-000018-index.htm,https://www.sec.gov/Archives/edgar/data/831259/000083125925000018/fcx-20250331.htm
Freeport-McMoRan,FCX,831259,Materials,10-Q,2025-11-06,2025-09-30,0000831259-25-000050,0000831259-25-000050:fcx-20250930.htm,10-Q,https://www.sec.gov/Archives/edgar/data/831259/000083125925000050/0000831259-25-000050-index.htm,https://www.sec.gov/Archives/edgar/data/831259/000083125925000050/fcx-20250930.htm
Freeport-McMoRan,FCX,831259,Materials,8-K,2026-07-23,2026-07-23,0000831259-26-000033,0000831259-26-000033:fcx2q26cc_final.htm,EX-99.2,https://www.sec.gov/Archives/edgar/data/831259/000083125926000033/0000831259-26-000033-index.htm,https://www.sec.gov/Archives/edgar/data/831259/000083125926000033/fcx2q26cc_final.htm
Freeport-McMoRan,FCX,831259,Materials,8-K,2026-01-22,2026-01-22,0000831259-26-000006,0000831259-26-000006:fcx4q25cc_final.htm,EX-99.2,https://www.sec.gov/Archives/edgar/data/831259/000083125926000006/0000831259-26-000006-index.htm,https://www.sec.gov/Archives/edgar/data/831259/000083125926000006/fcx4q25cc_final.htm
Freeport-McMoRan,FCX,831259,Materials,8-K,2026-04-23,2026-04-23,0000831259-26-000021,0000831259-26-000021:fcx1q26cc_final.htm,EX-99.2,https://www.sec.gov/Archives/edgar/data/831259/000083125926000021/0000831259-26-000021-index.htm,https://www.sec.gov/Archives/edgar/data/831259/000083125926000021/fcx1q26cc_final.htm
Freeport-McMoRan,FCX,831259,Materials,10-Q,2026-05-08,2026-03-31,0000831259-26-000025,0000831259-26-000025:fcx-20260331.htm,10-Q,https://www.sec.gov/Archives/edgar/data/831259/000083125926000025/0000831259-26-000025-index.htm,https://www.sec.gov/Archives/edgar/data/831259/000083125926000025/fcx-20260331.htm
Freeport-McMoRan,FCX,831259,Materials,8-K,2026-04-23,2026-04-23,0000831259-26-000021,0000831259-26-000021:a1q2026exhibit991.htm,EX-99.1,https://www.sec.gov/Archives/edgar/data/831259/000083125926000021/0000831259-26-000021-index.htm,https://www.sec.gov/Archives/edgar/data/831259/000083125926000021/a1q2026exhibit991.htm
Freeport-McMoRan,FCX,831259,Materials,8-K,2025-01-23,2025-01-23,0000831259-25-000002,0000831259-25-000002:fcx_4q24xccxfinal.htm,EX-99.2,https://www.sec.gov/Archives/edgar/data/831259/000083125925000002/0000831259-25-000002-index.htm,https://www.sec.gov/Archives/edgar/data/831259/000083125925000002/fcx_4q24xccxfinal.htm
Freeport-McMoRan,FCX,831259,Materials,10-K,2026-02-13,2025-12-31,0000831259-26-000012,0000831259-26-000012:fcx-20251231.htm,10-K,https://www.sec.gov/Archives/edgar/data/831259/000083125926000012/0000831259-26-000012-index.htm,https://www.sec.gov/Archives/edgar/data/831259/000083125926000012/fcx-20251231.htm
Freeport-McMoRan,FCX,831259,Materials,8-K,2026-07-23,2026-07-23,0000831259-26-000033,0000831259-26-000033:a2q2026exhibit991.htm,EX-99.1,https://www.sec.gov/Archives/edgar/data/831259/000083125926000033/0000831259-26-000033-index.htm,https://www.sec.gov/Archives/edgar/data/831259/000083125926000033/a2q2026exhibit991.htm
Freeport-McMoRan,FCX,831259,Materials,8-K,2025-10-23,2025-10-23,0000831259-25-000048,0000831259-25-000048:a3q2025exhibit991.htm,EX-99.1,https://www.sec.gov/Archives/edgar/data/831259/000083125925000048/0000831259-25-000048-index.htm,https://www.sec.gov/Archives/edgar/data/831259/000083125925000048/a3q2025exhibit991.htm
Freeport-McMoRan,FCX,831259,Materials,8-K,2026-01-22,2026-01-22,0000831259-26-000006,0000831259-26-000006:a4q2025exhibit991.htm,EX-99.1,https://www.sec.gov/Archives/edgar/data/831259/000083125926000006/0000831259-26-000006-index.htm,https://www.sec.gov/Archives/edgar/data/831259/000083125926000006/a4q2025exhibit991.htm
Freeport-McMoRan,FCX,831259,Materials,10-K,2026-02-13,2025-12-31,0000831259-26-000012,0000831259-26-000012:a2025trsmorenci-finalxpubl.pdf,EX-96.3,https://www.sec.gov/Archives/edgar/data/831259/000083125926000012/0000831259-26-000012-index.htm,https://www.sec.gov/Archives/edgar/data/831259/000083125926000012/a2025trsmorenci-finalxpubl.pdf
Freeport-McMoRan,FCX,831259,Materials,10-K,2025-02-14,2024-12-31,0000831259-25-000006,0000831259-25-000006:fcx-20241231.htm,10-K,https://www.sec.gov/Archives/edgar/data/831259/000083125925000006/0000831259-25-000006-index.htm,https://www.sec.gov/Archives/edgar/data/831259/000083125925000006/fcx-20241231.htm
Garmin,GRMN,1121788,Consumer Discretionary,10-Q,2026-04-29,2026-03-28,0001193125-26-188908,0001193125-26-188908:grmn-20260328.htm,10-Q,https://www.sec.gov/Archives/edgar/data/1121788/000119312526188908/0001193125-26-188908-index.htm,https://www.sec.gov/Archives/edgar/data/1121788/000119312526188908/grmn-20260328.htm
GE Aerospace,GE,40545,Industrials,8-K,2025-04-22,2025-04-22,0000040545-25-000061,0000040545-25-000061:ge1q2025earningsrelease.htm,EX-99,https://www.sec.gov/Archives/edgar/data/40545/000004054525000061/0000040545-25-000061-index.htm,https://www.sec.gov/Archives/edgar/data/40545/000004054525000061/ge1q2025earningsrelease.htm
GE Aerospace,GE,40545,Industrials,10-Q,2026-04-21,2026-03-31,0000040545-26-000027,0000040545-26-000027:ge-20260331.htm,10-Q,https://www.sec.gov/Archives/edgar/data/40545/000004054526000027/0000040545-26-000027-index.htm,https://www.sec.gov/Archives/edgar/data/40545/000004054526000027/ge-20260331.htm
GE Aerospace,GE,40545,Industrials,10-Q,2026-07-16,2026-06-30,0000040545-26-000049,0000040545-26-000049:ge-20260630.htm,10-Q,https://www.sec.gov/Archives/edgar/data/40545/000004054526000049/0000040545-26-000049-index.htm,https://www.sec.gov/Archives/edgar/data/40545/000004054526000049/ge-20260630.htm
GE Aerospace,GE,40545,Industrials,8-K,2026-04-21,2026-04-21,0000040545-26-000026,0000040545-26-000026:ge1q2026earningsrelease.htm,EX-99,https://www.sec.gov/Archives/edgar/data/40545/000004054526000026/0000040545-26-000026-index.htm,https://www.sec.gov/Archives/edgar/data/40545/000004054526000026/ge1q2026earningsrelease.htm
GE Aerospace,GE,40545,Industrials,10-Q,2025-10-21,2025-09-30,0000040545-25-000132,0000040545-25-000132:ge-20250930.htm,10-Q,https://www.sec.gov/Archives/edgar/data/40545/000004054525000132/0000040545-25-000132-index.htm,https://www.sec.gov/Archives/edgar/data/40545/000004054525000132/ge-20250930.htm
GE Aerospace,GE,40545,Industrials,10-K,2026-01-29,2025-12-31,0000040545-26-000008,0000040545-26-000008:ge-20251231.htm,10-K,https://www.sec.gov/Archives/edgar/data/40545/000004054526000008/0000040545-26-000008-index.htm,https://www.sec.gov/Archives/edgar/data/40545/000004054526000008/ge-20251231.htm
GE Aerospace,GE,40545,Industrials,10-Q,2025-04-22,2025-03-31,0000040545-25-000062,0000040545-25-000062:ge-20250331.htm,10-Q,https://www.sec.gov/Archives/edgar/data/40545/000004054525000062/0000040545-25-000062-index.htm,https://www.sec.gov/Archives/edgar/data/40545/000004054525000062/ge-20250331.htm
GE Aerospace,GE,40545,Industrials,10-Q,2025-07-21,2025-06-30,0000040545-25-000111,0000040545-25-000111:ge-20250630.htm,10-Q,https://www.sec.gov/Archives/edgar/data/40545/000004054525000111/0000040545-25-000111-index.htm,https://www.sec.gov/Archives/edgar/data/40545/000004054525000111/ge-20250630.htm
GE HealthCare,GEHC,1932393,Health Care,8-K,2026-02-04,2026-02-04,0001932393-26-000006,0001932393-26-000006:release4q25earnings.htm,EX-99,https://www.sec.gov/Archives/edgar/data/1932393/000193239326000006/0001932393-26-000006-index.htm,https://www.sec.gov/Archives/edgar/data/1932393/000193239326000006/release4q25earnings.htm
GE HealthCare,GEHC,1932393,Health Care,8-K,2025-07-30,2025-07-30,0001932393-25-000048,0001932393-25-000048:release2q25earnings.htm,EX-99,https://www.sec.gov/Archives/edgar/data/1932393/000193239325000048/0001932393-25-000048-index.htm,https://www.sec.gov/Archives/edgar/data/1932393/000193239325000048/release2q25earnings.htm
GE HealthCare,GEHC,1932393,Health Care,8-K,2025-10-29,2025-10-29,0001932393-25-000052,0001932393-25-000052:release3q25earnings.htm,EX-99,https://www.sec.gov/Archives/edgar/data/1932393/000193239325000052/0001932393-25-000052-index.htm,https://www.sec.gov/Archives/edgar/data/1932393/000193239325000052/release3q25earnings.htm
GE HealthCare,GEHC,1932393,Health Care,8-K,2025-04-30,2025-04-30,0001932393-25-000013,0001932393-25-000013:release1q25earnings.htm,EX-99,https://www.sec.gov/Archives/edgar/data/1932393/000193239325000013/0001932393-25-000013-index.htm,https://www.sec.gov/Archives/edgar/data/1932393/000193239325000013/release1q25earnings.htm
GE HealthCare,GEHC,1932393,Health Care,8-K,2026-04-29,2026-04-29,0001932393-26-000030,0001932393-26-000030:release1q26earnings.htm,EX-99,https://www.sec.gov/Archives/edgar/data/1932393/000193239326000030/0001932393-26-000030-index.htm,https://www.sec.gov/Archives/edgar/data/1932393/000193239326000030/release1q26earnings.htm
GE HealthCare,GEHC,1932393,Health Care,8-K,2026-07-23,2026-07-21,0001932393-26-000039,0001932393-26-000039:form8-kex99_72126.htm,EX-99,https://www.sec.gov/Archives/edgar/data/1932393/000193239326000039/0001932393-26-000039-index.htm,https://www.sec.gov/Archives/edgar/data/1932393/000193239326000039/form8-kex99_72126.htm
GE HealthCare,GEHC,1932393,Health Care,10-Q,2025-04-30,2025-03-31,0001932393-25-000014,0001932393-25-000014:gehc1q202510qexhibit106.htm,EX-10.6,https://www.sec.gov/Archives/edgar/data/1932393/000193239325000014/0001932393-25-000014-index.htm,https://www.sec.gov/Archives/edgar/data/1932393/000193239325000014/gehc1q202510qexhibit106.htm
GE HealthCare,GEHC,1932393,Health Care,8-K,2025-02-13,2025-02-13,0001932393-25-000004,0001932393-25-000004:release4q24earnings.htm,EX-99,https://www.sec.gov/Archives/edgar/data/1932393/000193239325000004/0001932393-25-000004-index.htm,https://www.sec.gov/Archives/edgar/data/1932393/000193239325000004/release4q24earnings.htm
GE HealthCare,GEHC,1932393,Health Care,10-Q,2026-04-29,2026-03-31,0001932393-26-000031,0001932393-26-000031:gehc1q202610qexhibit106.htm,EX-10.6,https://www.sec.gov/Archives/edgar/data/1932393/000193239326000031/0001932393-26-000031-index.htm,https://www.sec.gov/Archives/edgar/data/1932393/000193239326000031/gehc1q202610qexhibit106.htm
GE HealthCare,GEHC,1932393,Health Care,10-Q,2025-04-30,2025-03-31,0001932393-25-000014,0001932393-25-000014:gehc-20250331.htm,10-Q,https://www.sec.gov/Archives/edgar/data/1932393/000193239325000014/0001932393-25-000014-index.htm,https://www.sec.gov/Archives/edgar/data/1932393/000193239325000014/gehc-20250331.htm
GE HealthCare,GEHC,1932393,Health Care,10-Q,2026-04-29,2026-03-31,0001932393-26-000031,0001932393-26-000031:gehc-20260331.htm,10-Q,https://www.sec.gov/Archives/edgar/data/1932393/000193239326000031/0001932393-26-000031-index.htm,https://www.sec.gov/Archives/edgar/data/1932393/000193239326000031/gehc-20260331.htm
GE HealthCare,GEHC,1932393,Health Care,10-K,2025-02-13,2024-12-31,0001932393-25-000005,0001932393-25-000005:gehc-20241231.htm,10-K,https://www.sec.gov/Archives/edgar/data/1932393/000193239325000005/0001932393-25-000005-index.htm,https://www.sec.gov/Archives/edgar/data/1932393/000193239325000005/gehc-20241231.htm
GE HealthCare,GEHC,1932393,Health Care,10-Q,2025-10-29,2025-09-30,0001932393-25-000053,0001932393-25-000053:gehc-20250930.htm,10-Q,https://www.sec.gov/Archives/edgar/data/1932393/000193239325000053/0001932393-25-000053-index.htm,https://www.sec.gov/Archives/edgar/data/1932393/000193239325000053/gehc-20250930.htm
GE HealthCare,GEHC,1932393,Health Care,10-Q,2025-07-30,2025-06-30,0001932393-25-000049,0001932393-25-000049:gehc-20250630.htm,10-Q,https://www.sec.gov/Archives/edgar/data/1932393/000193239325000049/0001932393-25-000049-index.htm,https://www.sec.gov/Archives/edgar/data/1932393/000193239325000049/gehc-20250630.htm
GE HealthCare,GEHC,1932393,Health Care,10-K,2026-02-04,2025-12-31,0001932393-26-000007,0001932393-26-000007:gehc-20251231.htm,10-K,https://www.sec.gov/Archives/edgar/data/1932393/000193239326000007/0001932393-26-000007-index.htm,https://www.sec.gov/Archives/edgar/data/1932393/000193239326000007/gehc-20251231.htm
GE Vernova,GEV,1996810,Industrials,8-K,2025-07-23,2025-07-23,0001996810-25-000132,0001996810-25-000132:gevpressrelease2q25.htm,EX-99,https://www.sec.gov/Archives/edgar/data/1996810/000199681025000132/0001996810-25-000132-index.htm,https://www.sec.gov/Archives/edgar/data/1996810/000199681025000132/gevpressrelease2q25.htm
GE Vernova,GEV,1996810,Industrials,10-K,2026-01-29,2025-12-31,0001996810-26-000015,0001996810-26-000015:gev-20251231.htm,10-K,https://www.sec.gov/Archives/edgar/data/1996810/000199681026000015/0001996810-26-000015-index.htm,https://www.sec.gov/Archives/edgar/data/1996810/000199681026000015/gev-20251231.htm
GE Vernova,GEV,1996810,Industrials,10-K,2025-02-06,2024-12-31,0001996810-25-000011,0001996810-25-000011:gev-20241231.htm,10-K,https://www.sec.gov/Archives/edgar/data/1996810/000199681025000011/0001996810-25-000011-index.htm,https://www.sec.gov/Archives/edgar/data/1996810/000199681025000011/gev-20241231.htm
Gen Digital,GEN,849399,Information Technology,10-Q,2026-02-06,2026-01-02,0000849399-26-000004,0000849399-26-000004:gen-20260102.htm,10-Q,https://www.sec.gov/Archives/edgar/data/849399/000084939926000004/0000849399-26-000004-index.htm,https://www.sec.gov/Archives/edgar/data/849399/000084939926000004/gen-20260102.htm
Gen Digital,GEN,849399,Information Technology,10-Q,2025-08-13,2025-07-04,0000849399-25-000059,0000849399-25-000059:gen-20250704.htm,10-Q,https://www.sec.gov/Archives/edgar/data/849399/000084939925000059/0000849399-25-000059-index.htm,https://www.sec.gov/Archives/edgar/data/849399/000084939925000059/gen-20250704.htm
Gen Digital,GEN,849399,Information Technology,10-Q,2025-11-07,2025-10-03,0000849399-25-000092,0000849399-25-000092:gen-20251003.htm,10-Q,https://www.sec.gov/Archives/edgar/data/849399/000084939925000092/0000849399-25-000092-index.htm,https://www.sec.gov/Archives/edgar/data/849399/000084939925000092/gen-20251003.htm
Gen Digital,GEN,849399,Information Technology,10-K,2025-05-15,2025-03-28,0000849399-25-000033,0000849399-25-000033:gen-20250328.htm,10-K,https://www.sec.gov/Archives/edgar/data/849399/000084939925000033/0000849399-25-000033-index.htm,https://www.sec.gov/Archives/edgar/data/849399/000084939925000033/gen-20250328.htm
Gen Digital,GEN,849399,Information Technology,10-K,2026-05-21,2026-04-03,0000849399-26-000017,0000849399-26-000017:gen-20260403.htm,10-K,https://www.sec.gov/Archives/edgar/data/849399/000084939926000017/0000849399-26-000017-index.htm,https://www.sec.gov/Archives/edgar/data/849399/000084939926000017/gen-20260403.htm
Generac,GNRC,1474735,Industrials,8-K,2025-04-30,2025-04-30,0001437749-25-013608,0001437749-25-013608:ex_808112.htm,EX-99.1,https://www.sec.gov/Archives/edgar/data/1474735/000143774925013608/0001437749-25-013608-index.htm,https://www.sec.gov/Archives/edgar/data/1474735/000143774925013608/ex_808112.htm
Generac,GNRC,1474735,Industrials,8-K,2025-07-30,2025-07-30,0001437749-25-023858,0001437749-25-023858:ex_845273.htm,EX-99.1,https://www.sec.gov/Archives/edgar/data/1474735/000143774925023858/0001437749-25-023858-index.htm,https://www.sec.gov/Archives/edgar/data/1474735/000143774925023858/ex_845273.htm
Generac,GNRC,1474735,Industrials,8-K,2026-04-29,2026-04-29,0001437749-26-013726,0001437749-26-013726:ex_952511.htm,EX-99.1,https://www.sec.gov/Archives/edgar/data/1474735/000143774926013726/0001437749-26-013726-index.htm,https://www.sec.gov/Archives/edgar/data/1474735/000143774926013726/ex_952511.htm
Generac,GNRC,1474735,Industrials,10-Q,2026-05-05,2026-03-31,0001437749-26-014882,0001437749-26-014882:gnrc20260331_10q.htm,10-Q,https://www.sec.gov/Archives/edgar/data/1474735/000143774926014882/0001437749-26-014882-index.htm,https://www.sec.gov/Archives/edgar/data/1474735/000143774926014882/gnrc20260331_10q.htm
Generac,GNRC,1474735,Industrials,10-Q,2025-08-05,2025-06-30,0001437749-25-024879,0001437749-25-024879:gnrc20250630_10q.htm,10-Q,https://www.sec.gov/Archives/edgar/data/1474735/000143774925024879/0001437749-25-024879-index.htm,https://www.sec.gov/Archives/edgar/data/1474735/000143774925024879/gnrc20250630_10q.htm
Generac,GNRC,1474735,Industrials,10-Q,2025-11-04,2025-09-30,0001437749-25-033048,0001437749-25-033048:gnrc20250930_10q.htm,10-Q,https://www.sec.gov/Archives/edgar/data/1474735/000143774925033048/0001437749-25-033048-index.htm,https://www.sec.gov/Archives/edgar/data/1474735/000143774925033048/gnrc20250930_10q.htm
Generac,GNRC,1474735,Industrials,10-K,2026-02-18,2025-12-31,0001437749-26-004568,0001437749-26-004568:gnrc20251231_10k.htm,10-K,https://www.sec.gov/Archives/edgar/data/1474735/000143774926004568/0001437749-26-004568-index.htm,https://www.sec.gov/Archives/edgar/data/1474735/000143774926004568/gnrc20251231_10k.htm
General Mills,GIS,40704,Consumer Staples,8-K,2025-03-19,2025-03-19,0001193125-25-057150,0001193125-25-057150:d902176dex99.htm,EX-99,https://www.sec.gov/Archives/edgar/data/40704/000119312525057150/0001193125-25-057150-index.htm,https://www.sec.gov/Archives/edgar/data/40704/000119312525057150/d902176dex99.htm
General Mills,GIS,40704,Consumer Staples,10-Q,2025-03-19,2025-02-23,0001193125-25-057880,0001193125-25-057880:d899819d10q.htm,10-Q,https://www.sec.gov/Archives/edgar/data/40704/000119312525057880/0001193125-25-057880-index.htm,https://www.sec.gov/Archives/edgar/data/40704/000119312525057880/d899819d10q.htm
General Mills,GIS,40704,Consumer Staples,10-K,2025-06-26,2025-05-25,0001193125-25-147079,0001193125-25-147079:d938443d10k.htm,10-K,https://www.sec.gov/Archives/edgar/data/40704/000119312525147079/0001193125-25-147079-index.htm,https://www.sec.gov/Archives/edgar/data/40704/000119312525147079/d938443d10k.htm
General Motors,GM,1467858,Consumer Discretionary,10-Q,2025-10-21,2025-09-30,0001467858-25-000143,0001467858-25-000143:gm-20250930.htm,10-Q,https://www.sec.gov/Archives/edgar/data/1467858/000146785825000143/0001467858-25-000143-index.htm,https://www.sec.gov/Archives/edgar/data/1467858/000146785825000143/gm-20250930.htm
General Motors,GM,1467858,Consumer Discretionary,10-Q,2025-07-22,2025-06-30,0001467858-25-000121,0001467858-25-000121:gm-20250630.htm,10-Q,https://www.sec.gov/Archives/edgar/data/1467858/000146785825000121/0001467858-25-000121-index.htm,https://www.sec.gov/Archives/edgar/data/1467858/000146785825000121/gm-20250630.htm
General Motors,GM,1467858,Consumer Discretionary,8-K,2025-05-01,2025-05-01,0001467858-25-000093,0001467858-25-000093:gm-20250501.htm,8-K,https://www.sec.gov/Archives/edgar/data/1467858/000146785825000093/0001467858-25-000093-index.htm,https://www.sec.gov/Archives/edgar/data/1467858/000146785825000093/gm-20250501.htm
General Motors,GM,1467858,Consumer Discretionary,10-Q,2025-05-01,2025-03-31,0001467858-25-000096,0001467858-25-000096:gm-20250331.htm,10-Q,https://www.sec.gov/Archives/edgar/data/1467858/000146785825000096/0001467858-25-000096-index.htm,https://www.sec.gov/Archives/edgar/data/1467858/000146785825000096/gm-20250331.htm
General Motors,GM,1467858,Consumer Discretionary,10-Q,2026-04-28,2026-03-31,0001467858-26-000035,0001467858-26-000035:gm-20260331.htm,10-Q,https://www.sec.gov/Archives/edgar/data/1467858/000146785826000035/0001467858-26-000035-index.htm,https://www.sec.gov/Archives/edgar/data/1467858/000146785826000035/gm-20260331.htm
General Motors,GM,1467858,Consumer Discretionary,10-Q,2026-07-21,2026-06-30,0001467858-26-000051,0001467858-26-000051:gm-20260630.htm,10-Q,https://www.sec.gov/Archives/edgar/data/1467858/000146785826000051/0001467858-26-000051-index.htm,https://www.sec.gov/Archives/edgar/data/1467858/000146785826000051/gm-20260630.htm
General Motors,GM,1467858,Consumer Discretionary,10-K,2026-01-27,2025-12-31,0001467858-26-000013,0001467858-26-000013:gm-20251231.htm,10-K,https://www.sec.gov/Archives/edgar/data/1467858/000146785826000013/0001467858-26-000013-index.htm,https://www.sec.gov/Archives/edgar/data/1467858/000146785826000013/gm-20251231.htm
General Motors,GM,1467858,Consumer Discretionary,8-K,2026-04-28,2026-04-28,0001467858-26-000033,0001467858-26-000033:gmq12026pressreleaseandfin.htm,EX-99.1,https://www.sec.gov/Archives/edgar/data/1467858/000146785826000033/0001467858-26-000033-index.htm,https://www.sec.gov/Archives/edgar/data/1467858/000146785826000033/gmq12026pressreleaseandfin.htm
General Motors,GM,1467858,Consumer Discretionary,10-K,2025-01-28,2024-12-31,0001467858-25-000032,0001467858-25-000032:gm-20241231.htm,10-K,https://www.sec.gov/Archives/edgar/data/1467858/000146785825000032/0001467858-25-000032-index.htm,https://www.sec.gov/Archives/edgar/data/1467858/000146785825000032/gm-20241231.htm
Genuine Parts Company,GPC,40987,Consumer Discretionary,10-Q,2025-04-22,2025-03-31,0000040987-25-000070,0000040987-25-000070:gpc-20250331.htm,10-Q,https://www.sec.gov/Archives/edgar/data/40987/000004098725000070/0000040987-25-000070-index.htm,https://www.sec.gov/Archives/edgar/data/40987/000004098725000070/gpc-20250331.htm
Genuine Parts Company,GPC,40987,Consumer Discretionary,10-Q,2026-04-21,2026-03-31,0000040987-26-000017,0000040987-26-000017:gpc-20260331.htm,10-Q,https://www.sec.gov/Archives/edgar/data/40987/000004098726000017/0000040987-26-000017-index.htm,https://www.sec.gov/Archives/edgar/data/40987/000004098726000017/gpc-20260331.htm
Genuine Parts Company,GPC,40987,Consumer Discretionary,10-Q,2025-07-22,2025-06-30,0000040987-25-000144,0000040987-25-000144:gpc-20250630.htm,10-Q,https://www.sec.gov/Archives/edgar/data/40987/000004098725000144/0000040987-25-000144-index.htm,https://www.sec.gov/Archives/edgar/data/40987/000004098725000144/gpc-20250630.htm
Genuine Parts Company,GPC,40987,Consumer Discretionary,8-K,2025-07-22,2025-07-22,0000040987-25-000141,0000040987-25-000141:gpc-earnq22025.htm,EX-99.1,https://www.sec.gov/Archives/edgar/data/40987/000004098725000141/0000040987-25-000141-index.htm,https://www.sec.gov/Archives/edgar/data/40987/000004098725000141/gpc-earnq22025.htm
Genuine Parts Company,GPC,40987,Consumer Discretionary,10-K,2026-02-20,2025-12-31,0000040987-26-000003,0000040987-26-000003:gpc-20251231.htm,10-K,https://www.sec.gov/Archives/edgar/data/40987/000004098726000003/0000040987-26-000003-index.htm,https://www.sec.gov/Archives/edgar/data/40987/000004098726000003/gpc-20251231.htm
Genuine Parts Company,GPC,40987,Consumer Discretionary,10-Q,2026-07-21,2026-06-30,0000040987-26-000033,0000040987-26-000033:gpc-20260630.htm,10-Q,https://www.sec.gov/Archives/edgar/data/40987/000004098726000033/0000040987-26-000033-index.htm,https://www.sec.gov/Archives/edgar/data/40987/000004098726000033/gpc-20260630.htm
Genuine Parts Company,GPC,40987,Consumer Discretionary,10-Q,2025-10-21,2025-09-30,0000040987-25-000196,0000040987-25-000196:gpc-20250930.htm,10-Q,https://www.sec.gov/Archives/edgar/data/40987/000004098725000196/0000040987-25-000196-index.htm,https://www.sec.gov/Archives/edgar/data/40987/000004098725000196/gpc-20250930.htm
Genuine Parts Company,GPC,40987,Consumer Discretionary,10-K,2025-02-21,2024-12-31,0000040987-25-000026,0000040987-25-000026:gpc-20241231.htm,10-K,https://www.sec.gov/Archives/edgar/data/40987/000004098725000026/0000040987-25-000026-index.htm,https://www.sec.gov/Archives/edgar/data/40987/000004098725000026/gpc-20241231.htm
Gilead Sciences,GILD,882095,Health Care,10-Q,2026-05-07,2026-03-31,0000882095-26-000024,0000882095-26-000024:gild-20260331.htm,10-Q,https://www.sec.gov/Archives/edgar/data/882095/000088209526000024/0000882095-26-000024-index.htm,https://www.sec.gov/Archives/edgar/data/882095/000088209526000024/gild-20260331.htm
Gilead Sciences,GILD,882095,Health Care,10-Q,2025-11-07,2025-09-30,0000882095-25-000047,0000882095-25-000047:gild-20250930.htm,10-Q,https://www.sec.gov/Archives/edgar/data/882095/000088209525000047/0000882095-25-000047-index.htm,https://www.sec.gov/Archives/edgar/data/882095/000088209525000047/gild-20250930.htm
Gilead Sciences,GILD,882095,Health Care,10-K,2026-02-24,2025-12-31,0000882095-26-000006,0000882095-26-000006:gild-20251231.htm,10-K,https://www.sec.gov/Archives/edgar/data/882095/000088209526000006/0000882095-26-000006-index.htm,https://www.sec.gov/Archives/edgar/data/882095/000088209526000006/gild-20251231.htm
Global Payments,GPN,1123360,Financials,8-K,2025-11-04,2025-11-04,0001123360-25-000080,0001123360-25-000080:gpn-20251104_d3.htm,EX-99.2,https://www.sec.gov/Archives/edgar/data/1123360/000112336025000080/0001123360-25-000080-index.htm,https://www.sec.gov/Archives/edgar/data/1123360/000112336025000080/gpn-20251104_d3.htm
Global Payments,GPN,1123360,Financials,10-Q,2025-05-06,2025-03-31,0001123360-25-000030,0001123360-25-000030:gpn-20250331.htm,10-Q,https://www.sec.gov/Archives/edgar/data/1123360/000112336025000030/0001123360-25-000030-index.htm,https://www.sec.gov/Archives/edgar/data/1123360/000112336025000030/gpn-20250331.htm
Global Payments,GPN,1123360,Financials,10-Q,2026-05-08,2026-03-31,0001123360-26-000072,0001123360-26-000072:gpn-20260331.htm,10-Q,https://www.sec.gov/Archives/edgar/data/1123360/000112336026000072/0001123360-26-000072-index.htm,https://www.sec.gov/Archives/edgar/data/1123360/000112336026000072/gpn-20260331.htm
Global Payments,GPN,1123360,Financials,10-Q,2025-11-04,2025-09-30,0001123360-25-000077,0001123360-25-000077:gpn-20250930.htm,10-Q,https://www.sec.gov/Archives/edgar/data/1123360/000112336025000077/0001123360-25-000077-index.htm,https://www.sec.gov/Archives/edgar/data/1123360/000112336025000077/gpn-20250930.htm
Global Payments,GPN,1123360,Financials,10-Q,2025-08-06,2025-06-30,0001123360-25-000040,0001123360-25-000040:gpn-20250630.htm,10-Q,https://www.sec.gov/Archives/edgar/data/1123360/000112336025000040/0001123360-25-000040-index.htm,https://www.sec.gov/Archives/edgar/data/1123360/000112336025000040/gpn-20250630.htm
Global Payments,GPN,1123360,Financials,10-K,2026-02-20,2025-12-31,0001123360-26-000008,0001123360-26-000008:gpn-20251231.htm,10-K,https://www.sec.gov/Archives/edgar/data/1123360/000112336026000008/0001123360-26-000008-index.htm,https://www.sec.gov/Archives/edgar/data/1123360/000112336026000008/gpn-20251231.htm
Globe Life,GL,320335,Financials,8-K,2025-04-30,2025-04-30,0000320335-25-000027,0000320335-25-000027:q1fy2025earningsrelease.htm,EX-99.1,https://www.sec.gov/Archives/edgar/data/320335/000032033525000027/0000320335-25-000027-index.htm,https://www.sec.gov/Archives/edgar/data/320335/000032033525000027/q1fy2025earningsrelease.htm
Globe Life,GL,320335,Financials,8-K,2025-10-22,2025-10-22,0000320335-25-000060,0000320335-25-000060:q3fy2025earningsrelease.htm,EX-99.1,https://www.sec.gov/Archives/edgar/data/320335/000032033525000060/0000320335-25-000060-index.htm,https://www.sec.gov/Archives/edgar/data/320335/000032033525000060/q3fy2025earningsrelease.htm
Globe Life,GL,320335,Financials,8-K,2026-07-22,2026-07-22,0000320335-26-000203,0000320335-26-000203:q2fy2026earningsrelease.htm,EX-99.1,https://www.sec.gov/Archives/edgar/data/320335/000032033526000203/0000320335-26-000203-index.htm,https://www.sec.gov/Archives/edgar/data/320335/000032033526000203/q2fy2026earningsrelease.htm
Globe Life,GL,320335,Financials,8-K,2025-07-23,2025-07-23,0000320335-25-000040,0000320335-25-000040:q2fy2025earningsrelease.htm,EX-99.1,https://www.sec.gov/Archives/edgar/data/320335/000032033525000040/0000320335-25-000040-index.htm,https://www.sec.gov/Archives/edgar/data/320335/000032033525000040/q2fy2025earningsrelease.htm
Globe Life,GL,320335,Financials,8-K,2026-04-22,2026-04-22,0000320335-26-000143,0000320335-26-000143:q1fy2026earningsrelease.htm,EX-99.1,https://www.sec.gov/Archives/edgar/data/320335/000032033526000143/0000320335-26-000143-index.htm,https://www.sec.gov/Archives/edgar/data/320335/000032033526000143/q1fy2026earningsrelease.htm
Globe Life,GL,320335,Financials,8-K,2026-02-04,2026-02-04,0000320335-26-000029,0000320335-26-000029:q4fy2025earningsrelease.htm,EX-99.1,https://www.sec.gov/Archives/edgar/data/320335/000032033526000029/0000320335-26-000029-index.htm,https://www.sec.gov/Archives/edgar/data/320335/000032033526000029/q4fy2025earningsrelease.htm
Globe Life,GL,320335,Financials,10-Q,2025-05-07,2025-03-31,0000320335-25-000032,0000320335-25-000032:gl-20250331.htm,10-Q,https://www.sec.gov/Archives/edgar/data/320335/000032033525000032/0000320335-25-000032-index.htm,https://www.sec.gov/Archives/edgar/data/320335/000032033525000032/gl-20250331.htm
Globe Life,GL,320335,Financials,10-Q,2026-05-07,2026-03-31,0000320335-26-000169,0000320335-26-000169:gl-20260331.htm,10-Q,https://www.sec.gov/Archives/edgar/data/320335/000032033526000169/0000320335-26-000169-index.htm,https://www.sec.gov/Archives/edgar/data/320335/000032033526000169/gl-20260331.htm
Globe Life,GL,320335,Financials,10-Q,2025-08-06,2025-06-30,0000320335-25-000046,0000320335-25-000046:gl-20250630.htm,10-Q,https://www.sec.gov/Archives/edgar/data/320335/000032033525000046/0000320335-25-000046-index.htm,https://www.sec.gov/Archives/edgar/data/320335/000032033525000046/gl-20250630.htm
Globe Life,GL,320335,Financials,10-Q,2025-11-05,2025-09-30,0000320335-25-000064,0000320335-25-000064:gl-20250930.htm,10-Q,https://www.sec.gov/Archives/edgar/data/320335/000032033525000064/0000320335-25-000064-index.htm,https://www.sec.gov/Archives/edgar/data/320335/000032033525000064/gl-20250930.htm
Globe Life,GL,320335,Financials,10-K,2026-02-25,2025-12-31,0000320335-26-000090,0000320335-26-000090:gl-20251231.htm,10-K,https://www.sec.gov/Archives/edgar/data/320335/000032033526000090/0000320335-26-000090-index.htm,https://www.sec.gov/Archives/edgar/data/320335/000032033526000090/gl-20251231.htm
GoDaddy,GDDY,1609711,Information Technology,10-Q,2026-05-01,2026-03-31,0001609711-26-000037,0001609711-26-000037:gddy-20260331.htm,10-Q,https://www.sec.gov/Archives/edgar/data/1609711/000160971126000037/0001609711-26-000037-index.htm,https://www.sec.gov/Archives/edgar/data/1609711/000160971126000037/gddy-20260331.htm
GoDaddy,GDDY,1609711,Information Technology,10-Q,2025-10-31,2025-09-30,0001609711-25-000209,0001609711-25-000209:gddy-20250930.htm,10-Q,https://www.sec.gov/Archives/edgar/data/1609711/000160971125000209/0001609711-25-000209-index.htm,https://www.sec.gov/Archives/edgar/data/1609711/000160971125000209/gddy-20250930.htm
GoDaddy,GDDY,1609711,Information Technology,10-Q,2025-08-08,2025-06-30,0001609711-25-000154,0001609711-25-000154:gddy-20250630.htm,10-Q,https://www.sec.gov/Archives/edgar/data/1609711/000160971125000154/0001609711-25-000154-index.htm,https://www.sec.gov/Archives/edgar/data/1609711/000160971125000154/gddy-20250630.htm
GoDaddy,GDDY,1609711,Information Technology,10-K,2026-02-25,2025-12-31,0001609711-26-000010,0001609711-26-000010:gddy-20251231.htm,10-K,https://www.sec.gov/Archives/edgar/data/1609711/000160971126000010/0001609711-26-000010-index.htm,https://www.sec.gov/Archives/edgar/data/1609711/000160971126000010/gddy-20251231.htm
Halliburton,HAL,45012,Energy,10-Q,2026-04-24,2026-03-31,0000045012-26-000039,0000045012-26-000039:hal-20260331.htm,10-Q,https://www.sec.gov/Archives/edgar/data/45012/000004501226000039/0000045012-26-000039-index.htm,https://www.sec.gov/Archives/edgar/data/45012/000004501226000039/hal-20260331.htm
Halliburton,HAL,45012,Energy,10-K,2026-02-06,2025-12-31,0000045012-26-000015,0000045012-26-000015:hal-20251231.htm,10-K,https://www.sec.gov/Archives/edgar/data/45012/000004501226000015/0000045012-26-000015-index.htm,https://www.sec.gov/Archives/edgar/data/45012/000004501226000015/hal-20251231.htm
Halliburton,HAL,45012,Energy,10-Q,2026-07-24,2026-06-30,0000045012-26-000061,0000045012-26-000061:hal-20260630.htm,10-Q,https://www.sec.gov/Archives/edgar/data/45012/000004501226000061/0000045012-26-000061-index.htm,https://www.sec.gov/Archives/edgar/data/45012/000004501226000061/hal-20260630.htm
Halliburton,HAL,45012,Energy,10-Q,2025-07-25,2025-06-30,0000045012-25-000057,0000045012-25-000057:hal-20250630.htm,10-Q,https://www.sec.gov/Archives/edgar/data/45012/000004501225000057/0000045012-25-000057-index.htm,https://www.sec.gov/Archives/edgar/data/45012/000004501225000057/hal-20250630.htm
Halliburton,HAL,45012,Energy,10-Q,2025-10-24,2025-09-30,0000045012-25-000069,0000045012-25-000069:hal-20250930.htm,10-Q,https://www.sec.gov/Archives/edgar/data/45012/000004501225000069/0000045012-25-000069-index.htm,https://www.sec.gov/Archives/edgar/data/45012/000004501225000069/hal-20250930.htm
Halliburton,HAL,45012,Energy,10-K,2025-02-12,2024-12-31,0000045012-25-000010,0000045012-25-000010:hal-20241231.htm,10-K,https://www.sec.gov/Archives/edgar/data/45012/000004501225000010/0000045012-25-000010-index.htm,https://www.sec.gov/Archives/edgar/data/45012/000004501225000010/hal-20241231.htm
Hasbro,HAS,46080,Consumer Discretionary,10-K,2026-02-25,2025-12-28,0000046080-26-000011,0000046080-26-000011:has-20251228.htm,10-K,https://www.sec.gov/Archives/edgar/data/46080/000004608026000011/0000046080-26-000011-index.htm,https://www.sec.gov/Archives/edgar/data/46080/000004608026000011/has-20251228.htm
Hasbro,HAS,46080,Consumer Discretionary,8-K,2025-04-24,2025-04-24,0000046080-25-000063,0000046080-25-000063:exhibit991q12025.htm,EX-99.1,https://www.sec.gov/Archives/edgar/data/46080/000004608025000063/0000046080-25-000063-index.htm,https://www.sec.gov/Archives/edgar/data/46080/000004608025000063/exhibit991q12025.htm
Hasbro,HAS,46080,Consumer Discretionary,8-K,2025-10-23,2025-10-23,0000046080-25-000156,0000046080-25-000156:exhibit991q32025.htm,EX-99.1,https://www.sec.gov/Archives/edgar/data/46080/000004608025000156/0000046080-25-000156-index.htm,https://www.sec.gov/Archives/edgar/data/46080/000004608025000156/exhibit991q32025.htm
Hasbro,HAS,46080,Consumer Discretionary,8-K,2026-07-21,2026-07-21,0000046080-26-000044,0000046080-26-000044:exhibit991q22026.htm,EX-99.1,https://www.sec.gov/Archives/edgar/data/46080/000004608026000044/0000046080-26-000044-index.htm,https://www.sec.gov/Archives/edgar/data/46080/000004608026000044/exhibit991q22026.htm
Hasbro,HAS,46080,Consumer Discretionary,10-Q,2025-11-05,2025-09-28,0000046080-25-000164,0000046080-25-000164:has-20250928.htm,10-Q,https://www.sec.gov/Archives/edgar/data/46080/000004608025000164/0000046080-25-000164-index.htm,https://www.sec.gov/Archives/edgar/data/46080/000004608025000164/has-20250928.htm
Hasbro,HAS,46080,Consumer Discretionary,8-K,2026-05-20,2026-05-20,0000046080-26-000029,0000046080-26-000029:exhibit991q12026.htm,EX-99.1,https://www.sec.gov/Archives/edgar/data/46080/000004608026000029/0000046080-26-000029-index.htm,https://www.sec.gov/Archives/edgar/data/46080/000004608026000029/exhibit991q12026.htm
Hasbro,HAS,46080,Consumer Discretionary,8-K,2025-02-20,2025-02-20,0000046080-25-000008,0000046080-25-000008:exhibit991q42024.htm,EX-99.1,https://www.sec.gov/Archives/edgar/data/46080/000004608025000008/0000046080-25-000008-index.htm,https://www.sec.gov/Archives/edgar/data/46080/000004608025000008/exhibit991q42024.htm
Hasbro,HAS,46080,Consumer Discretionary,8-K,2026-02-10,2026-02-10,0000046080-26-000006,0000046080-26-000006:exhibit991q42025.htm,EX-99.1,https://www.sec.gov/Archives/edgar/data/46080/000004608026000006/0000046080-26-000006-index.htm,https://www.sec.gov/Archives/edgar/data/46080/000004608026000006/exhibit991q42025.htm
Hasbro,HAS,46080,Consumer Discretionary,10-Q,2025-07-31,2025-06-29,0000046080-25-000128,0000046080-25-000128:has-20250629.htm,10-Q,https://www.sec.gov/Archives/edgar/data/46080/000004608025000128/0000046080-25-000128-index.htm,https://www.sec.gov/Archives/edgar/data/46080/000004608025000128/has-20250629.htm
Hasbro,HAS,46080,Consumer Discretionary,10-Q,2026-05-13,2026-03-29,0000046080-26-000026,0000046080-26-000026:has-20260329.htm,10-Q,https://www.sec.gov/Archives/edgar/data/46080/000004608026000026/0000046080-26-000026-index.htm,https://www.sec.gov/Archives/edgar/data/46080/000004608026000026/has-20260329.htm
Hasbro,HAS,46080,Consumer Discretionary,10-K,2025-02-27,2024-12-29,0000046080-25-000027,0000046080-25-000027:has-20241229.htm,10-K,https://www.sec.gov/Archives/edgar/data/46080/000004608025000027/0000046080-25-000027-index.htm,https://www.sec.gov/Archives/edgar/data/46080/000004608025000027/has-20241229.htm
HCA Healthcare,HCA,860730,Health Care,10-Q,2025-10-30,2025-09-30,0001193125-25-258667,0001193125-25-258667:hca-20250930.htm,10-Q,https://www.sec.gov/Archives/edgar/data/860730/000119312525258667/0001193125-25-258667-index.htm,https://www.sec.gov/Archives/edgar/data/860730/000119312525258667/hca-20250930.htm
HCA Healthcare,HCA,860730,Health Care,10-Q,2025-08-04,2025-06-30,0000950170-25-102056,0000950170-25-102056:hca-20250630.htm,10-Q,https://www.sec.gov/Archives/edgar/data/860730/000095017025102056/0000950170-25-102056-index.htm,https://www.sec.gov/Archives/edgar/data/860730/000095017025102056/hca-20250630.htm
HCA Healthcare,HCA,860730,Health Care,10-K,2026-02-10,2025-12-31,0001193125-26-044769,0001193125-26-044769:hca-20251231.htm,10-K,https://www.sec.gov/Archives/edgar/data/860730/000119312526044769/0001193125-26-044769-index.htm,https://www.sec.gov/Archives/edgar/data/860730/000119312526044769/hca-20251231.htm
Healthpeak Properties,DOC,765880,Real Estate,10-Q,2026-05-06,2026-03-31,0001628280-26-031287,0001628280-26-031287:peak-20260331.htm,10-Q,https://www.sec.gov/Archives/edgar/data/765880/000162828026031287/0001628280-26-031287-index.htm,https://www.sec.gov/Archives/edgar/data/765880/000162828026031287/peak-20260331.htm
Healthpeak Properties,DOC,765880,Real Estate,10-Q,2025-10-24,2025-09-30,0001628280-25-046273,0001628280-25-046273:peak-20250930.htm,10-Q,https://www.sec.gov/Archives/edgar/data/765880/000162828025046273/0001628280-25-046273-index.htm,https://www.sec.gov/Archives/edgar/data/765880/000162828025046273/peak-20250930.htm
Healthpeak Properties,DOC,765880,Real Estate,10-Q,2025-07-25,2025-06-30,0001628280-25-036063,0001628280-25-036063:peak-20250630.htm,10-Q,https://www.sec.gov/Archives/edgar/data/765880/000162828025036063/0001628280-25-036063-index.htm,https://www.sec.gov/Archives/edgar/data/765880/000162828025036063/peak-20250630.htm
Healthpeak Properties,DOC,765880,Real Estate,10-Q,2025-04-25,2025-03-31,0001628280-25-019948,0001628280-25-019948:peak-20250331.htm,10-Q,https://www.sec.gov/Archives/edgar/data/765880/000162828025019948/0001628280-25-019948-index.htm,https://www.sec.gov/Archives/edgar/data/765880/000162828025019948/peak-20250331.htm
Healthpeak Properties,DOC,765880,Real Estate,10-K,2026-02-03,2025-12-31,0001628280-26-005044,0001628280-26-005044:peak-20251231.htm,10-K,https://www.sec.gov/Archives/edgar/data/765880/000162828026005044/0001628280-26-005044-index.htm,https://www.sec.gov/Archives/edgar/data/765880/000162828026005044/peak-20251231.htm
Henry Schein,HSIC,1000228,Health Care,10-Q,2025-08-05,2025-06-28,0001000228-25-000045,0001000228-25-000045:hsic-20250628.htm,10-Q,https://www.sec.gov/Archives/edgar/data/1000228/000100022825000045/0001000228-25-000045-index.htm,https://www.sec.gov/Archives/edgar/data/1000228/000100022825000045/hsic-20250628.htm
Henry Schein,HSIC,1000228,Health Care,10-Q,2025-11-04,2025-09-27,0001000228-25-000066,0001000228-25-000066:hsic-20250927.htm,10-Q,https://www.sec.gov/Archives/edgar/data/1000228/000100022825000066/0001000228-25-000066-index.htm,https://www.sec.gov/Archives/edgar/data/1000228/000100022825000066/hsic-20250927.htm
Henry Schein,HSIC,1000228,Health Care,10-Q,2025-05-05,2025-03-29,0001000228-25-000025,0001000228-25-000025:hsic-20250329.htm,10-Q,https://www.sec.gov/Archives/edgar/data/1000228/000100022825000025/0001000228-25-000025-index.htm,https://www.sec.gov/Archives/edgar/data/1000228/000100022825000025/hsic-20250329.htm
Hershey Company (The),HSY,47111,Consumer Staples,8-K,2026-04-30,2026-04-30,0001628280-26-028569,0001628280-26-028569:exhibit991_2026xq1.htm,EX-99.1,https://www.sec.gov/Archives/edgar/data/47111/000162828026028569/0001628280-26-028569-index.htm,https://www.sec.gov/Archives/edgar/data/47111/000162828026028569/exhibit991_2026xq1.htm
Hershey Company (The),HSY,47111,Consumer Staples,8-K,2025-10-30,2025-10-30,0001628280-25-047294,0001628280-25-047294:exhibit991_2025xq3.htm,EX-99.1,https://www.sec.gov/Archives/edgar/data/47111/000162828025047294/0001628280-25-047294-index.htm,https://www.sec.gov/Archives/edgar/data/47111/000162828025047294/exhibit991_2025xq3.htm
Hershey Company (The),HSY,47111,Consumer Staples,8-K,2025-05-01,2025-05-01,0000047111-25-000040,0000047111-25-000040:exhibit991_2025xq1.htm,EX-99.1,https://www.sec.gov/Archives/edgar/data/47111/000004711125000040/0000047111-25-000040-index.htm,https://www.sec.gov/Archives/edgar/data/47111/000004711125000040/exhibit991_2025xq1.htm
Hershey Company (The),HSY,47111,Consumer Staples,8-K,2025-07-30,2025-07-30,0000047111-25-000109,0000047111-25-000109:exhibit991_2025xq2.htm,EX-99.1,https://www.sec.gov/Archives/edgar/data/47111/000004711125000109/0000047111-25-000109-index.htm,https://www.sec.gov/Archives/edgar/data/47111/000004711125000109/exhibit991_2025xq2.htm
Hershey Company (The),HSY,47111,Consumer Staples,8-K,2026-02-05,2026-02-05,0001628280-26-005604,0001628280-26-005604:exhibit991-q42025.htm,EX-99.1,https://www.sec.gov/Archives/edgar/data/47111/000162828026005604/0001628280-26-005604-index.htm,https://www.sec.gov/Archives/edgar/data/47111/000162828026005604/exhibit991-q42025.htm
Hershey Company (The),HSY,47111,Consumer Staples,10-Q,2025-10-30,2025-09-28,0001628280-25-047471,0001628280-25-047471:hsy-20250928.htm,10-Q,https://www.sec.gov/Archives/edgar/data/47111/000162828025047471/0001628280-25-047471-index.htm,https://www.sec.gov/Archives/edgar/data/47111/000162828025047471/hsy-20250928.htm
Hershey Company (The),HSY,47111,Consumer Staples,10-Q,2026-04-30,2026-03-29,0001628280-26-028682,0001628280-26-028682:hsy-20260329.htm,10-Q,https://www.sec.gov/Archives/edgar/data/47111/000162828026028682/0001628280-26-028682-index.htm,https://www.sec.gov/Archives/edgar/data/47111/000162828026028682/hsy-20260329.htm
Hershey Company (The),HSY,47111,Consumer Staples,10-K,2026-02-17,2025-12-31,0001628280-26-008586,0001628280-26-008586:hsy-20251231.htm,10-K,https://www.sec.gov/Archives/edgar/data/47111/000162828026008586/0001628280-26-008586-index.htm,https://www.sec.gov/Archives/edgar/data/47111/000162828026008586/hsy-20251231.htm
Hershey Company (The),HSY,47111,Consumer Staples,10-Q,2025-05-01,2025-03-30,0000047111-25-000044,0000047111-25-000044:hsy-20250330.htm,10-Q,https://www.sec.gov/Archives/edgar/data/47111/000004711125000044/0000047111-25-000044-index.htm,https://www.sec.gov/Archives/edgar/data/47111/000004711125000044/hsy-20250330.htm
Hershey Company (The),HSY,47111,Consumer Staples,10-Q,2025-07-30,2025-06-29,0000047111-25-000112,0000047111-25-000112:hsy-20250629.htm,10-Q,https://www.sec.gov/Archives/edgar/data/47111/000004711125000112/0000047111-25-000112-index.htm,https://www.sec.gov/Archives/edgar/data/47111/000004711125000112/hsy-20250629.htm
Hewlett Packard Enterprise,HPE,1645590,Information Technology,10-Q,2026-03-10,2026-01-31,0001645590-26-000032,0001645590-26-000032:hpe-20260131.htm,10-Q,https://www.sec.gov/Archives/edgar/data/1645590/000164559026000032/0001645590-26-000032-index.htm,https://www.sec.gov/Archives/edgar/data/1645590/000164559026000032/hpe-20260131.htm
Hewlett Packard Enterprise,HPE,1645590,Information Technology,10-Q,2026-06-02,2026-04-30,0001645590-26-000055,0001645590-26-000055:hpe-20260430.htm,10-Q,https://www.sec.gov/Archives/edgar/data/1645590/000164559026000055/0001645590-26-000055-index.htm,https://www.sec.gov/Archives/edgar/data/1645590/000164559026000055/hpe-20260430.htm
Hewlett Packard Enterprise,HPE,1645590,Information Technology,10-Q,2025-09-04,2025-07-31,0001645590-25-000101,0001645590-25-000101:hpe-20250731.htm,10-Q,https://www.sec.gov/Archives/edgar/data/1645590/000164559025000101/0001645590-25-000101-index.htm,https://www.sec.gov/Archives/edgar/data/1645590/000164559025000101/hpe-20250731.htm
Hewlett Packard Enterprise,HPE,1645590,Information Technology,10-Q,2025-06-04,2025-04-30,0001645590-25-000068,0001645590-25-000068:hpe-20250430.htm,10-Q,https://www.sec.gov/Archives/edgar/data/1645590/000164559025000068/0001645590-25-000068-index.htm,https://www.sec.gov/Archives/edgar/data/1645590/000164559025000068/hpe-20250430.htm
Hewlett Packard Enterprise,HPE,1645590,Information Technology,10-K,2025-12-18,2025-10-31,0001645590-25-000130,0001645590-25-000130:hpe-20251031.htm,10-K,https://www.sec.gov/Archives/edgar/data/1645590/000164559025000130/0001645590-25-000130-index.htm,https://www.sec.gov/Archives/edgar/data/1645590/000164559025000130/hpe-20251031.htm
Home Depot (The),HD,354950,Consumer Discretionary,10-Q,2026-05-27,2026-05-03,0001628280-26-038247,0001628280-26-038247:hd-20260503.htm,10-Q,https://www.sec.gov/Archives/edgar/data/354950/000162828026038247/0001628280-26-038247-index.htm,https://www.sec.gov/Archives/edgar/data/354950/000162828026038247/hd-20260503.htm
Home Depot (The),HD,354950,Consumer Discretionary,10-Q,2025-05-28,2025-05-04,0000354950-25-000165,0000354950-25-000165:hd-20250504.htm,10-Q,https://www.sec.gov/Archives/edgar/data/354950/000035495025000165/0000354950-25-000165-index.htm,https://www.sec.gov/Archives/edgar/data/354950/000035495025000165/hd-20250504.htm
Home Depot (The),HD,354950,Consumer Discretionary,10-K,2026-03-18,2026-02-01,0001628280-26-019436,0001628280-26-019436:hd-20260201.htm,10-K,https://www.sec.gov/Archives/edgar/data/354950/000162828026019436/0001628280-26-019436-index.htm,https://www.sec.gov/Archives/edgar/data/354950/000162828026019436/hd-20260201.htm
Honeywell Aerospace,HONA,2089271,Industrials,8-K,2026-06-15,2026-06-14,0001628280-26-043193,0001628280-26-043193:exhibit991-informationstat.htm,EX-99.1,https://www.sec.gov/Archives/edgar/data/2089271/000162828026043193/0001628280-26-043193-index.htm,https://www.sec.gov/Archives/edgar/data/2089271/000162828026043193/exhibit991-informationstat.htm
Honeywell Technologies,HON,773840,Industrials,10-Q,2026-04-23,2026-03-31,0000773840-26-000057,0000773840-26-000057:hon-20260331.htm,10-Q,https://www.sec.gov/Archives/edgar/data/773840/000077384026000057/0000773840-26-000057-index.htm,https://www.sec.gov/Archives/edgar/data/773840/000077384026000057/hon-20260331.htm
Host Hotels & Resorts,HST,1070750,Real Estate,10-Q,2025-05-02,2025-03-31,0001070750-25-000097,0001070750-25-000097:hst-20250331.htm,10-Q,https://www.sec.gov/Archives/edgar/data/1070750/000107075025000097/0001070750-25-000097-index.htm,https://www.sec.gov/Archives/edgar/data/1070750/000107075025000097/hst-20250331.htm
Host Hotels & Resorts,HST,1070750,Real Estate,10-K,2026-02-25,2025-12-31,0001070750-26-000054,0001070750-26-000054:hst-20251231.htm,10-K,https://www.sec.gov/Archives/edgar/data/1070750/000107075026000054/0001070750-26-000054-index.htm,https://www.sec.gov/Archives/edgar/data/1070750/000107075026000054/hst-20251231.htm
Howmet Aerospace,HWM,4281,Industrials,8-K,2025-05-01,2025-05-01,0001104659-25-043005,0001104659-25-043005:tm2513739d1_ex99-1.htm,EX-99.1,https://www.sec.gov/Archives/edgar/data/4281/000110465925043005/0001104659-25-043005-index.htm,https://www.sec.gov/Archives/edgar/data/4281/000110465925043005/tm2513739d1_ex99-1.htm
Howmet Aerospace,HWM,4281,Industrials,10-Q,2025-05-01,2025-03-31,0000004281-25-000019,0000004281-25-000019:hwm-20250331.htm,10-Q,https://www.sec.gov/Archives/edgar/data/4281/000000428125000019/0000004281-25-000019-index.htm,https://www.sec.gov/Archives/edgar/data/4281/000000428125000019/hwm-20250331.htm
Howmet Aerospace,HWM,4281,Industrials,8-K,2025-11-03,2025-11-03,0001104659-25-105565,0001104659-25-105565:tm2530095d1_ex99-1.htm,EX-99.1,https://www.sec.gov/Archives/edgar/data/4281/000110465925105565/0001104659-25-105565-index.htm,https://www.sec.gov/Archives/edgar/data/4281/000110465925105565/tm2530095d1_ex99-1.htm
Howmet Aerospace,HWM,4281,Industrials,8-K,2025-11-17,2025-11-17,0001104659-25-112874,0001104659-25-112874:tm2531260d1_8k.htm,8-K,https://www.sec.gov/Archives/edgar/data/4281/000110465925112874/0001104659-25-112874-index.htm,https://www.sec.gov/Archives/edgar/data/4281/000110465925112874/tm2531260d1_8k.htm
Howmet Aerospace,HWM,4281,Industrials,8-K,2026-02-17,2026-02-17,0001104659-26-016568,0001104659-26-016568:tm266060d2_ex99-1.htm,EX-99.1,https://www.sec.gov/Archives/edgar/data/4281/000110465926016568/0001104659-26-016568-index.htm,https://www.sec.gov/Archives/edgar/data/4281/000110465926016568/tm266060d2_ex99-1.htm
Howmet Aerospace,HWM,4281,Industrials,10-Q,2025-07-31,2025-06-30,0000004281-25-000033,0000004281-25-000033:hwm-20250630.htm,10-Q,https://www.sec.gov/Archives/edgar/data/4281/000000428125000033/0000004281-25-000033-index.htm,https://www.sec.gov/Archives/edgar/data/4281/000000428125000033/hwm-20250630.htm
Howmet Aerospace,HWM,4281,Industrials,8-K,2025-04-16,2025-04-16,0001104659-25-035540,0001104659-25-035540:tm2512489d1_8k.htm,8-K,https://www.sec.gov/Archives/edgar/data/4281/000110465925035540/0001104659-25-035540-index.htm,https://www.sec.gov/Archives/edgar/data/4281/000110465925035540/tm2512489d1_8k.htm
Howmet Aerospace,HWM,4281,Industrials,8-K,2026-02-17,2026-02-17,0001104659-26-015914,0001104659-26-015914:tm266225-2_8k.htm,8-K,https://www.sec.gov/Archives/edgar/data/4281/000110465926015914/0001104659-26-015914-index.htm,https://www.sec.gov/Archives/edgar/data/4281/000110465926015914/tm266225-2_8k.htm
Howmet Aerospace,HWM,4281,Industrials,8-K,2025-11-03,2025-11-03,0001104659-25-105308,0001104659-25-105308:tm2530022d1_8k.htm,8-K,https://www.sec.gov/Archives/edgar/data/4281/000110465925105308/0001104659-25-105308-index.htm,https://www.sec.gov/Archives/edgar/data/4281/000110465925105308/tm2530022d1_8k.htm
Howmet Aerospace,HWM,4281,Industrials,8-K,2025-11-12,2025-11-12,0001104659-25-110371,0001104659-25-110371:tm2530095d3_8k.htm,8-K,https://www.sec.gov/Archives/edgar/data/4281/000110465925110371/0001104659-25-110371-index.htm,https://www.sec.gov/Archives/edgar/data/4281/000110465925110371/tm2530095d3_8k.htm
Howmet Aerospace,HWM,4281,Industrials,8-K,2026-03-03,2026-03-03,0001104659-26-022905,0001104659-26-022905:tm267842d1_8k.htm,8-K,https://www.sec.gov/Archives/edgar/data/4281/000110465926022905/0001104659-26-022905-index.htm,https://www.sec.gov/Archives/edgar/data/4281/000110465926022905/tm267842d1_8k.htm
Howmet Aerospace,HWM,4281,Industrials,8-K,2026-03-10,2026-03-10,0001104659-26-025539,0001104659-26-025539:tm268347d1_ex99-1.htm,EX-99.1,https://www.sec.gov/Archives/edgar/data/4281/000110465926025539/0001104659-26-025539-index.htm,https://www.sec.gov/Archives/edgar/data/4281/000110465926025539/tm268347d1_ex99-1.htm
Howmet Aerospace,HWM,4281,Industrials,10-Q,2025-10-30,2025-09-30,0001628280-25-047584,0001628280-25-047584:hwm-20250930.htm,10-Q,https://www.sec.gov/Archives/edgar/data/4281/000162828025047584/0001628280-25-047584-index.htm,https://www.sec.gov/Archives/edgar/data/4281/000162828025047584/hwm-20250930.htm
Howmet Aerospace,HWM,4281,Industrials,8-K,2026-05-07,2026-05-07,0001104659-26-056645,0001104659-26-056645:tm2613779d1_ex99-1.htm,EX-99.1,https://www.sec.gov/Archives/edgar/data/4281/000110465926056645/0001104659-26-056645-index.htm,https://www.sec.gov/Archives/edgar/data/4281/000110465926056645/tm2613779d1_ex99-1.htm
Howmet Aerospace,HWM,4281,Industrials,8-K,2025-10-30,2025-10-30,0001104659-25-104005,0001104659-25-104005:tm2529740d1_ex99-1.htm,EX-99.1,https://www.sec.gov/Archives/edgar/data/4281/000110465925104005/0001104659-25-104005-index.htm,https://www.sec.gov/Archives/edgar/data/4281/000110465925104005/tm2529740d1_ex99-1.htm
Howmet Aerospace,HWM,4281,Industrials,8-K,2025-07-31,2025-07-31,0001104659-25-072451,0001104659-25-072451:tm2522109d1_ex99-1.htm,EX-99.1,https://www.sec.gov/Archives/edgar/data/4281/000110465925072451/0001104659-25-072451-index.htm,https://www.sec.gov/Archives/edgar/data/4281/000110465925072451/tm2522109d1_ex99-1.htm
Howmet Aerospace,HWM,4281,Industrials,8-K,2026-05-28,2026-05-28,0001104659-26-067497,0001104659-26-067497:hwm-20260528.htm,8-K,https://www.sec.gov/Archives/edgar/data/4281/000110465926067497/0001104659-26-067497-index.htm,https://www.sec.gov/Archives/edgar/data/4281/000110465926067497/hwm-20260528.htm
Howmet Aerospace,HWM,4281,Industrials,10-Q,2026-05-07,2026-03-31,0000004281-26-000019,0000004281-26-000019:hwm-20260331.htm,10-Q,https://www.sec.gov/Archives/edgar/data/4281/000000428126000019/0000004281-26-000019-index.htm,https://www.sec.gov/Archives/edgar/data/4281/000000428126000019/hwm-20260331.htm
Howmet Aerospace,HWM,4281,Industrials,8-K,2026-02-12,2026-02-12,0001104659-26-013832,0001104659-26-013832:tm266060d1_ex99-1.htm,EX-99.1,https://www.sec.gov/Archives/edgar/data/4281/000110465926013832/0001104659-26-013832-index.htm,https://www.sec.gov/Archives/edgar/data/4281/000110465926013832/tm266060d1_ex99-1.htm
Howmet Aerospace,HWM,4281,Industrials,8-K,2026-05-28,2026-05-28,0001104659-26-067497,0001104659-26-067497:hwm-20260528_d2.htm,EX-99.1,https://www.sec.gov/Archives/edgar/data/4281/000110465926067497/0001104659-26-067497-index.htm,https://www.sec.gov/Archives/edgar/data/4281/000110465926067497/hwm-20260528_d2.htm
Howmet Aerospace,HWM,4281,Industrials,10-K,2026-02-12,2025-12-31,0000004281-26-000012,0000004281-26-000012:hwm-20251231.htm,10-K,https://www.sec.gov/Archives/edgar/data/4281/000000428126000012/0000004281-26-000012-index.htm,https://www.sec.gov/Archives/edgar/data/4281/000000428126000012/hwm-20251231.htm
HP Inc.,HPQ,47217,Information Technology,10-Q,2025-05-29,2025-04-30,0000047217-25-000043,0000047217-25-000043:hpq-20250430.htm,10-Q,https://www.sec.gov/Archives/edgar/data/47217/000004721725000043/0000047217-25-000043-index.htm,https://www.sec.gov/Archives/edgar/data/47217/000004721725000043/hpq-20250430.htm
HP Inc.,HPQ,47217,Information Technology,10-Q,2025-08-28,2025-07-31,0000047217-25-000063,0000047217-25-000063:hpq-20250731.htm,10-Q,https://www.sec.gov/Archives/edgar/data/47217/000004721725000063/0000047217-25-000063-index.htm,https://www.sec.gov/Archives/edgar/data/47217/000004721725000063/hpq-20250731.htm
HP Inc.,HPQ,47217,Information Technology,8-K,2025-02-27,2025-02-27,0000047217-25-000023,0000047217-25-000023:hp013125exhibit991q125.htm,EX-99.1,https://www.sec.gov/Archives/edgar/data/47217/000004721725000023/0000047217-25-000023-index.htm,https://www.sec.gov/Archives/edgar/data/47217/000004721725000023/hp013125exhibit991q125.htm
HP Inc.,HPQ,47217,Information Technology,10-K,2025-12-10,2025-10-31,0000047217-25-000071,0000047217-25-000071:hpq-20251031.htm,10-K,https://www.sec.gov/Archives/edgar/data/47217/000004721725000071/0000047217-25-000071-index.htm,https://www.sec.gov/Archives/edgar/data/47217/000004721725000071/hpq-20251031.htm
HP Inc.,HPQ,47217,Information Technology,10-Q,2025-02-28,2025-01-31,0000047217-25-000025,0000047217-25-000025:hpq-20250131.htm,10-Q,https://www.sec.gov/Archives/edgar/data/47217/000004721725000025/0000047217-25-000025-index.htm,https://www.sec.gov/Archives/edgar/data/47217/000004721725000025/hpq-20250131.htm
HP Inc.,HPQ,47217,Information Technology,10-Q,2026-02-25,2026-01-31,0000047217-26-000011,0000047217-26-000011:hpq-20260131.htm,10-Q,https://www.sec.gov/Archives/edgar/data/47217/000004721726000011/0000047217-26-000011-index.htm,https://www.sec.gov/Archives/edgar/data/47217/000004721726000011/hpq-20260131.htm
HP Inc.,HPQ,47217,Information Technology,10-Q,2026-05-28,2026-04-30,0000047217-26-000029,0000047217-26-000029:hpq-20260430.htm,10-Q,https://www.sec.gov/Archives/edgar/data/47217/000004721726000029/0000047217-26-000029-index.htm,https://www.sec.gov/Archives/edgar/data/47217/000004721726000029/hpq-20260430.htm
Hubbell Incorporated,HUBB,48898,Industrials,8-K,2026-05-04,2026-05-01,0001193125-26-204099,0001193125-26-204099:d133302dex21.htm,EX-2.1,https://www.sec.gov/Archives/edgar/data/48898/000119312526204099/0001193125-26-204099-index.htm,https://www.sec.gov/Archives/edgar/data/48898/000119312526204099/d133302dex21.htm
Hubbell Incorporated,HUBB,48898,Industrials,10-Q,2025-07-30,2025-06-30,0001628280-25-036564,0001628280-25-036564:hubb-20250630.htm,10-Q,https://www.sec.gov/Archives/edgar/data/48898/000162828025036564/0001628280-25-036564-index.htm,https://www.sec.gov/Archives/edgar/data/48898/000162828025036564/hubb-20250630.htm
Hubbell Incorporated,HUBB,48898,Industrials,10-Q,2025-10-29,2025-09-30,0001628280-25-046924,0001628280-25-046924:hubb-20250930.htm,10-Q,https://www.sec.gov/Archives/edgar/data/48898/000162828025046924/0001628280-25-046924-index.htm,https://www.sec.gov/Archives/edgar/data/48898/000162828025046924/hubb-20250930.htm
Hubbell Incorporated,HUBB,48898,Industrials,10-Q,2026-05-01,2026-03-31,0001628280-26-029110,0001628280-26-029110:hubb-20260331.htm,10-Q,https://www.sec.gov/Archives/edgar/data/48898/000162828026029110/0001628280-26-029110-index.htm,https://www.sec.gov/Archives/edgar/data/48898/000162828026029110/hubb-20260331.htm
Hubbell Incorporated,HUBB,48898,Industrials,10-Q,2025-05-02,2025-03-31,0001628280-25-021677,0001628280-25-021677:hubb-20250331.htm,10-Q,https://www.sec.gov/Archives/edgar/data/48898/000162828025021677/0001628280-25-021677-index.htm,https://www.sec.gov/Archives/edgar/data/48898/000162828025021677/hubb-20250331.htm
Hubbell Incorporated,HUBB,48898,Industrials,10-K,2026-02-12,2025-12-31,0001628280-26-007500,0001628280-26-007500:hubb-20251231.htm,10-K,https://www.sec.gov/Archives/edgar/data/48898/000162828026007500/0001628280-26-007500-index.htm,https://www.sec.gov/Archives/edgar/data/48898/000162828026007500/hubb-20251231.htm
Huntington Bancshares,HBAN,49196,Financials,10-Q,2025-04-29,2025-03-31,0000049196-25-000038,0000049196-25-000038:hban-20250331.htm,10-Q,https://www.sec.gov/Archives/edgar/data/49196/000004919625000038/0000049196-25-000038-index.htm,https://www.sec.gov/Archives/edgar/data/49196/000004919625000038/hban-20250331.htm
Huntington Bancshares,HBAN,49196,Financials,10-Q,2026-04-30,2026-03-31,0000049196-26-000043,0000049196-26-000043:hban-20260331.htm,10-Q,https://www.sec.gov/Archives/edgar/data/49196/000004919626000043/0000049196-26-000043-index.htm,https://www.sec.gov/Archives/edgar/data/49196/000004919626000043/hban-20260331.htm
Huntington Bancshares,HBAN,49196,Financials,10-Q,2025-10-28,2025-09-30,0000049196-25-000079,0000049196-25-000079:hban-20250930.htm,10-Q,https://www.sec.gov/Archives/edgar/data/49196/000004919625000079/0000049196-25-000079-index.htm,https://www.sec.gov/Archives/edgar/data/49196/000004919625000079/hban-20250930.htm
Huntington Bancshares,HBAN,49196,Financials,10-Q,2025-07-29,2025-06-30,0000049196-25-000063,0000049196-25-000063:hban-20250630.htm,10-Q,https://www.sec.gov/Archives/edgar/data/49196/000004919625000063/0000049196-25-000063-index.htm,https://www.sec.gov/Archives/edgar/data/49196/000004919625000063/hban-20250630.htm
Huntington Ingalls Industries,HII,1501585,Industrials,10-K,2026-02-05,2025-12-31,0001501585-26-000006,0001501585-26-000006:hii-20251231.htm,10-K,https://www.sec.gov/Archives/edgar/data/1501585/000150158526000006/0001501585-26-000006-index.htm,https://www.sec.gov/Archives/edgar/data/1501585/000150158526000006/hii-20251231.htm
IBM,IBM,51143,Information Technology,8-K,2025-04-24,2025-04-23,0000051143-25-000031,0000051143-25-000031:ibmex99-1.htm,EX-99.1,https://www.sec.gov/Archives/edgar/data/51143/000005114325000031/0000051143-25-000031-index.htm,https://www.sec.gov/Archives/edgar/data/51143/000005114325000031/ibmex99-1.htm
IDEX Corporation,IEX,832101,Industrials,8-K,2025-05-01,2025-05-01,0000832101-25-000015,0000832101-25-000015:iex-20250331xex991.htm,EX-99.1,https://www.sec.gov/Archives/edgar/data/832101/000083210125000015/0000832101-25-000015-index.htm,https://www.sec.gov/Archives/edgar/data/832101/000083210125000015/iex-20250331xex991.htm
IDEX Corporation,IEX,832101,Industrials,10-Q,2026-04-29,2026-03-31,0000832101-26-000009,0000832101-26-000009:iex-20260331.htm,10-Q,https://www.sec.gov/Archives/edgar/data/832101/000083210126000009/0000832101-26-000009-index.htm,https://www.sec.gov/Archives/edgar/data/832101/000083210126000009/iex-20260331.htm
IDEX Corporation,IEX,832101,Industrials,10-Q,2025-07-30,2025-06-30,0000832101-25-000032,0000832101-25-000032:iex-20250630.htm,10-Q,https://www.sec.gov/Archives/edgar/data/832101/000083210125000032/0000832101-25-000032-index.htm,https://www.sec.gov/Archives/edgar/data/832101/000083210125000032/iex-20250630.htm
Idexx Laboratories,IDXX,874716,Health Care,10-Q,2025-05-01,2025-03-31,0000874716-25-000062,0000874716-25-000062:idxx-20250331.htm,10-Q,https://www.sec.gov/Archives/edgar/data/874716/000087471625000062/0000874716-25-000062-index.htm,https://www.sec.gov/Archives/edgar/data/874716/000087471625000062/idxx-20250331.htm
Idexx Laboratories,IDXX,874716,Health Care,10-Q,2025-08-04,2025-06-30,0000874716-25-000121,0000874716-25-000121:idxx-20250630.htm,10-Q,https://www.sec.gov/Archives/edgar/data/874716/000087471625000121/0000874716-25-000121-index.htm,https://www.sec.gov/Archives/edgar/data/874716/000087471625000121/idxx-20250630.htm
Idexx Laboratories,IDXX,874716,Health Care,10-Q,2025-11-03,2025-09-30,0000874716-25-000165,0000874716-25-000165:idxx-20250930.htm,10-Q,https://www.sec.gov/Archives/edgar/data/874716/000087471625000165/0000874716-25-000165-index.htm,https://www.sec.gov/Archives/edgar/data/874716/000087471625000165/idxx-20250930.htm
Idexx Laboratories,IDXX,874716,Health Care,8-K,2026-05-05,2026-05-05,0001104659-26-055203,0001104659-26-055203:tm2613510d1_ex99-1.htm,EX-99.1,https://www.sec.gov/Archives/edgar/data/874716/000110465926055203/0001104659-26-055203-index.htm,https://www.sec.gov/Archives/edgar/data/874716/000110465926055203/tm2613510d1_ex99-1.htm
Idexx Laboratories,IDXX,874716,Health Care,8-K,2026-02-02,2026-02-02,0001104659-26-008904,0001104659-26-008904:tm264623d1_ex99-1.htm,EX-99.1,https://www.sec.gov/Archives/edgar/data/874716/000110465926008904/0001104659-26-008904-index.htm,https://www.sec.gov/Archives/edgar/data/874716/000110465926008904/tm264623d1_ex99-1.htm
Idexx Laboratories,IDXX,874716,Health Care,10-Q,2026-05-05,2026-03-31,0000874716-26-000076,0000874716-26-000076:idxx-20260331.htm,10-Q,https://www.sec.gov/Archives/edgar/data/874716/000087471626000076/0000874716-26-000076-index.htm,https://www.sec.gov/Archives/edgar/data/874716/000087471626000076/idxx-20260331.htm
Idexx Laboratories,IDXX,874716,Health Care,10-K,2026-02-20,2025-12-31,0000874716-26-000038,0000874716-26-000038:idxx-20251231.htm,10-K,https://www.sec.gov/Archives/edgar/data/874716/000087471626000038/0000874716-26-000038-index.htm,https://www.sec.gov/Archives/edgar/data/874716/000087471626000038/idxx-20251231.htm
Illinois Tool Works,ITW,49826,Industrials,8-K,2025-04-30,2025-04-30,0000049826-25-000011,0000049826-25-000011:a20250331-1q25ex991pressre.htm,EX-99.1,https://www.sec.gov/Archives/edgar/data/49826/000004982625000011/0000049826-25-000011-index.htm,https://www.sec.gov/Archives/edgar/data/49826/000004982625000011/a20250331-1q25ex991pressre.htm
Illinois Tool Works,ITW,49826,Industrials,8-K,2025-07-30,2025-07-30,0000049826-25-000034,0000049826-25-000034:a20250630-2q25ex991pressre.htm,EX-99.1,https://www.sec.gov/Archives/edgar/data/49826/000004982625000034/0000049826-25-000034-index.htm,https://www.sec.gov/Archives/edgar/data/49826/000004982625000034/a20250630-2q25ex991pressre.htm
Illinois Tool Works,ITW,49826,Industrials,8-K,2026-02-03,2026-02-03,0000049826-26-000003,0000049826-26-000003:a20251231-4q25ex991pressre.htm,EX-99.1,https://www.sec.gov/Archives/edgar/data/49826/000004982626000003/0000049826-26-000003-index.htm,https://www.sec.gov/Archives/edgar/data/49826/000004982626000003/a20251231-4q25ex991pressre.htm
Illinois Tool Works,ITW,49826,Industrials,8-K,2025-10-24,2025-10-24,0000049826-25-000050,0000049826-25-000050:a20250930-3q25ex991pressre.htm,EX-99.1,https://www.sec.gov/Archives/edgar/data/49826/000004982625000050/0000049826-25-000050-index.htm,https://www.sec.gov/Archives/edgar/data/49826/000004982625000050/a20250930-3q25ex991pressre.htm
Illinois Tool Works,ITW,49826,Industrials,10-Q,2026-05-07,2026-03-31,0000049826-26-000028,0000049826-26-000028:itw-20260331.htm,10-Q,https://www.sec.gov/Archives/edgar/data/49826/000004982626000028/0000049826-26-000028-index.htm,https://www.sec.gov/Archives/edgar/data/49826/000004982626000028/itw-20260331.htm
Illinois Tool Works,ITW,49826,Industrials,10-Q,2025-05-01,2025-03-31,0000049826-25-000014,0000049826-25-000014:itw-20250331.htm,10-Q,https://www.sec.gov/Archives/edgar/data/49826/000004982625000014/0000049826-25-000014-index.htm,https://www.sec.gov/Archives/edgar/data/49826/000004982625000014/itw-20250331.htm
Illinois Tool Works,ITW,49826,Industrials,10-Q,2025-08-01,2025-06-30,0000049826-25-000037,0000049826-25-000037:itw-20250630.htm,10-Q,https://www.sec.gov/Archives/edgar/data/49826/000004982625000037/0000049826-25-000037-index.htm,https://www.sec.gov/Archives/edgar/data/49826/000004982625000037/itw-20250630.htm
Illinois Tool Works,ITW,49826,Industrials,10-Q,2025-10-24,2025-09-30,0000049826-25-000057,0000049826-25-000057:itw-20250930.htm,10-Q,https://www.sec.gov/Archives/edgar/data/49826/000004982625000057/0000049826-25-000057-index.htm,https://www.sec.gov/Archives/edgar/data/49826/000004982625000057/itw-20250930.htm
Illinois Tool Works,ITW,49826,Industrials,10-K,2026-02-13,2025-12-31,0000049826-26-000008,0000049826-26-000008:itw-20251231.htm,10-K,https://www.sec.gov/Archives/edgar/data/49826/000004982626000008/0000049826-26-000008-index.htm,https://www.sec.gov/Archives/edgar/data/49826/000004982626000008/itw-20251231.htm
Incyte,INCY,879169,Health Care,10-Q,2026-04-28,2026-03-31,0000879169-26-000026,0000879169-26-000026:incy-20260331.htm,10-Q,https://www.sec.gov/Archives/edgar/data/879169/000087916926000026/0000879169-26-000026-index.htm,https://www.sec.gov/Archives/edgar/data/879169/000087916926000026/incy-20260331.htm
Incyte,INCY,879169,Health Care,10-Q,2025-04-29,2025-03-31,0000879169-25-000056,0000879169-25-000056:incy-20250331.htm,10-Q,https://www.sec.gov/Archives/edgar/data/879169/000087916925000056/0000879169-25-000056-index.htm,https://www.sec.gov/Archives/edgar/data/879169/000087916925000056/incy-20250331.htm
Incyte,INCY,879169,Health Care,10-Q,2025-10-28,2025-09-30,0000879169-25-000118,0000879169-25-000118:incy-20250930.htm,10-Q,https://www.sec.gov/Archives/edgar/data/879169/000087916925000118/0000879169-25-000118-index.htm,https://www.sec.gov/Archives/edgar/data/879169/000087916925000118/incy-20250930.htm
Incyte,INCY,879169,Health Care,10-Q,2025-07-29,2025-06-30,0000879169-25-000103,0000879169-25-000103:incy-20250630.htm,10-Q,https://www.sec.gov/Archives/edgar/data/879169/000087916925000103/0000879169-25-000103-index.htm,https://www.sec.gov/Archives/edgar/data/879169/000087916925000103/incy-20250630.htm
Incyte,INCY,879169,Health Care,10-K,2026-02-10,2025-12-31,0000879169-26-000010,0000879169-26-000010:incy-20251231.htm,10-K,https://www.sec.gov/Archives/edgar/data/879169/000087916926000010/0000879169-26-000010-index.htm,https://www.sec.gov/Archives/edgar/data/879169/000087916926000010/incy-20251231.htm
Ingersoll Rand,IR,1699150,Industrials,8-K,2025-07-31,2025-07-31,0001628280-25-037035,0001628280-25-037035:ir2025q2ex991.htm,EX-99.1,https://www.sec.gov/Archives/edgar/data/1699150/000162828025037035/0001628280-25-037035-index.htm,https://www.sec.gov/Archives/edgar/data/1699150/000162828025037035/ir2025q2ex991.htm
Ingersoll Rand,IR,1699150,Industrials,8-K,2026-04-28,2026-04-28,0001628280-26-027949,0001628280-26-027949:ir2026q1ex991.htm,EX-99.1,https://www.sec.gov/Archives/edgar/data/1699150/000162828026027949/0001628280-26-027949-index.htm,https://www.sec.gov/Archives/edgar/data/1699150/000162828026027949/ir2026q1ex991.htm
Ingersoll Rand,IR,1699150,Industrials,10-Q,2025-10-31,2025-09-30,0001628280-25-047838,0001628280-25-047838:iri-20250930.htm,10-Q,https://www.sec.gov/Archives/edgar/data/1699150/000162828025047838/0001628280-25-047838-index.htm,https://www.sec.gov/Archives/edgar/data/1699150/000162828025047838/iri-20250930.htm
Ingersoll Rand,IR,1699150,Industrials,10-Q,2026-04-29,2026-03-31,0001628280-26-028401,0001628280-26-028401:iri-20260331.htm,10-Q,https://www.sec.gov/Archives/edgar/data/1699150/000162828026028401/0001628280-26-028401-index.htm,https://www.sec.gov/Archives/edgar/data/1699150/000162828026028401/iri-20260331.htm
Ingersoll Rand,IR,1699150,Industrials,10-K,2026-02-17,2025-12-31,0001628280-26-008617,0001628280-26-008617:iri-20251231.htm,10-K,https://www.sec.gov/Archives/edgar/data/1699150/000162828026008617/0001628280-26-008617-index.htm,https://www.sec.gov/Archives/edgar/data/1699150/000162828026008617/iri-20251231.htm
Ingersoll Rand,IR,1699150,Industrials,10-Q,2025-05-02,2025-03-31,0001628280-25-021883,0001628280-25-021883:iri-20250331.htm,10-Q,https://www.sec.gov/Archives/edgar/data/1699150/000162828025021883/0001628280-25-021883-index.htm,https://www.sec.gov/Archives/edgar/data/1699150/000162828025021883/iri-20250331.htm
Ingersoll Rand,IR,1699150,Industrials,10-Q,2025-07-31,2025-06-30,0001628280-25-037049,0001628280-25-037049:iri-20250630.htm,10-Q,https://www.sec.gov/Archives/edgar/data/1699150/000162828025037049/0001628280-25-037049-index.htm,https://www.sec.gov/Archives/edgar/data/1699150/000162828025037049/iri-20250630.htm
Insulet Corporation,PODD,1145197,Health Care,10-Q,2025-11-06,2025-09-30,0001145197-25-000069,0001145197-25-000069:podd-20250930.htm,10-Q,https://www.sec.gov/Archives/edgar/data/1145197/000114519725000069/0001145197-25-000069-index.htm,https://www.sec.gov/Archives/edgar/data/1145197/000114519725000069/podd-20250930.htm
Insulet Corporation,PODD,1145197,Health Care,10-K,2026-02-18,2025-12-31,0001145197-26-000028,0001145197-26-000028:podd-exx1051_20251231x10k.htm,EX-10.51,https://www.sec.gov/Archives/edgar/data/1145197/000114519726000028/0001145197-26-000028-index.htm,https://www.sec.gov/Archives/edgar/data/1145197/000114519726000028/podd-exx1051_20251231x10k.htm
Insulet Corporation,PODD,1145197,Health Care,10-K,2026-02-18,2025-12-31,0001145197-26-000028,0001145197-26-000028:podd-20251231.htm,10-K,https://www.sec.gov/Archives/edgar/data/1145197/000114519726000028/0001145197-26-000028-index.htm,https://www.sec.gov/Archives/edgar/data/1145197/000114519726000028/podd-20251231.htm
Insulet Corporation,PODD,1145197,Health Care,10-K,2025-02-21,2024-12-31,0001145197-25-000007,0001145197-25-000007:podd-20241231.htm,10-K,https://www.sec.gov/Archives/edgar/data/1145197/000114519725000007/0001145197-25-000007-index.htm,https://www.sec.gov/Archives/edgar/data/1145197/000114519725000007/podd-20241231.htm
Intel,INTC,50863,Information Technology,10-Q,2025-04-25,2025-03-29,0000050863-25-000074,0000050863-25-000074:intc-20250329.htm,10-Q,https://www.sec.gov/Archives/edgar/data/50863/000005086325000074/0000050863-25-000074-index.htm,https://www.sec.gov/Archives/edgar/data/50863/000005086325000074/intc-20250329.htm
Intel,INTC,50863,Information Technology,10-Q,2025-07-24,2025-06-28,0000050863-25-000109,0000050863-25-000109:intc-20250628.htm,10-Q,https://www.sec.gov/Archives/edgar/data/50863/000005086325000109/0000050863-25-000109-index.htm,https://www.sec.gov/Archives/edgar/data/50863/000005086325000109/intc-20250628.htm
Intel,INTC,50863,Information Technology,10-K,2026-01-23,2025-12-27,0000050863-26-000011,0000050863-26-000011:intc-20251227.htm,10-K,https://www.sec.gov/Archives/edgar/data/50863/000005086326000011/0000050863-26-000011-index.htm,https://www.sec.gov/Archives/edgar/data/50863/000005086326000011/intc-20251227.htm
Interactive Brokers,IBKR,1381197,Financials,10-Q,2025-05-08,2025-03-31,0001381197-25-000052,0001381197-25-000052:ibkr-20250331x10q.htm,10-Q,https://www.sec.gov/Archives/edgar/data/1381197/000138119725000052/0001381197-25-000052-index.htm,https://www.sec.gov/Archives/edgar/data/1381197/000138119725000052/ibkr-20250331x10q.htm
Interactive Brokers,IBKR,1381197,Financials,10-Q,2026-05-07,2026-03-31,0001381197-26-000093,0001381197-26-000093:ibkr-20260331.htm,10-Q,https://www.sec.gov/Archives/edgar/data/1381197/000138119726000093/0001381197-26-000093-index.htm,https://www.sec.gov/Archives/edgar/data/1381197/000138119726000093/ibkr-20260331.htm
Interactive Brokers,IBKR,1381197,Financials,10-Q,2025-11-05,2025-09-30,0001381197-25-000158,0001381197-25-000158:ibkr-20250930x10q.htm,10-Q,https://www.sec.gov/Archives/edgar/data/1381197/000138119725000158/0001381197-25-000158-index.htm,https://www.sec.gov/Archives/edgar/data/1381197/000138119725000158/ibkr-20250930x10q.htm
Interactive Brokers,IBKR,1381197,Financials,10-Q,2025-08-06,2025-06-30,0001381197-25-000103,0001381197-25-000103:ibkr-20250630x10q.htm,10-Q,https://www.sec.gov/Archives/edgar/data/1381197/000138119725000103/0001381197-25-000103-index.htm,https://www.sec.gov/Archives/edgar/data/1381197/000138119725000103/ibkr-20250630x10q.htm
Interactive Brokers,IBKR,1381197,Financials,10-K,2026-02-27,2025-12-31,0001381197-26-000062,0001381197-26-000062:ibkr-20251231.htm,10-K,https://www.sec.gov/Archives/edgar/data/1381197/000138119726000062/0001381197-26-000062-index.htm,https://www.sec.gov/Archives/edgar/data/1381197/000138119726000062/ibkr-20251231.htm
International Flavors & Fragrances,IFF,51253,Materials,8-K,2025-05-06,2025-05-06,0000051253-25-000024,0000051253-25-000024:q12025991pressreleaseofiff.htm,EX-99.1,https://www.sec.gov/Archives/edgar/data/51253/000005125325000024/0000051253-25-000024-index.htm,https://www.sec.gov/Archives/edgar/data/51253/000005125325000024/q12025991pressreleaseofiff.htm
International Flavors & Fragrances,IFF,51253,Materials,10-Q,2026-05-05,2026-03-31,0000051253-26-000017,0000051253-26-000017:iff-20260331.htm,10-Q,https://www.sec.gov/Archives/edgar/data/51253/000005125326000017/0000051253-26-000017-index.htm,https://www.sec.gov/Archives/edgar/data/51253/000005125326000017/iff-20260331.htm
International Flavors & Fragrances,IFF,51253,Materials,10-K,2026-02-27,2025-12-31,0000051253-26-000006,0000051253-26-000006:iff-20251231.htm,10-K,https://www.sec.gov/Archives/edgar/data/51253/000005125326000006/0000051253-26-000006-index.htm,https://www.sec.gov/Archives/edgar/data/51253/000005125326000006/iff-20251231.htm
International Paper,IP,51434,Materials,10-K,2026-02-27,2025-12-31,0000051434-26-000055,0000051434-26-000055:ip-20251231.htm,10-K,https://www.sec.gov/Archives/edgar/data/51434/000005143426000055/0000051434-26-000055-index.htm,https://www.sec.gov/Archives/edgar/data/51434/000005143426000055/ip-20251231.htm
International Paper,IP,51434,Materials,10-Q,2025-05-07,2025-03-31,0000051434-25-000025,0000051434-25-000025:ip-20250331.htm,10-Q,https://www.sec.gov/Archives/edgar/data/51434/000005143425000025/0000051434-25-000025-index.htm,https://www.sec.gov/Archives/edgar/data/51434/000005143425000025/ip-20250331.htm
International Paper,IP,51434,Materials,10-Q,2025-11-06,2025-09-30,0000051434-25-000074,0000051434-25-000074:ip-20250930.htm,10-Q,https://www.sec.gov/Archives/edgar/data/51434/000005143425000074/0000051434-25-000074-index.htm,https://www.sec.gov/Archives/edgar/data/51434/000005143425000074/ip-20250930.htm
Intuitive Surgical,ISRG,1035267,Health Care,10-Q,2026-07-21,2026-06-30,0001035267-26-000058,0001035267-26-000058:isrg-20260630.htm,10-Q,https://www.sec.gov/Archives/edgar/data/1035267/000103526726000058/0001035267-26-000058-index.htm,https://www.sec.gov/Archives/edgar/data/1035267/000103526726000058/isrg-20260630.htm
Intuitive Surgical,ISRG,1035267,Health Care,10-Q,2026-04-22,2026-03-31,0001035267-26-000032,0001035267-26-000032:isrg-20260331.htm,10-Q,https://www.sec.gov/Archives/edgar/data/1035267/000103526726000032/0001035267-26-000032-index.htm,https://www.sec.gov/Archives/edgar/data/1035267/000103526726000032/isrg-20260331.htm
Intuitive Surgical,ISRG,1035267,Health Care,10-Q,2025-04-23,2025-03-31,0001035267-25-000109,0001035267-25-000109:isrg-20250331.htm,10-Q,https://www.sec.gov/Archives/edgar/data/1035267/000103526725000109/0001035267-25-000109-index.htm,https://www.sec.gov/Archives/edgar/data/1035267/000103526725000109/isrg-20250331.htm
Intuitive Surgical,ISRG,1035267,Health Care,10-Q,2025-07-23,2025-06-30,0001035267-25-000192,0001035267-25-000192:isrg-20250630.htm,10-Q,https://www.sec.gov/Archives/edgar/data/1035267/000103526725000192/0001035267-25-000192-index.htm,https://www.sec.gov/Archives/edgar/data/1035267/000103526725000192/isrg-20250630.htm
Intuitive Surgical,ISRG,1035267,Health Care,8-K,2026-07-16,2026-07-16,0001035267-26-000047,0001035267-26-000047:q226ex-991earningsrelease.htm,EX-99.1,https://www.sec.gov/Archives/edgar/data/1035267/000103526726000047/0001035267-26-000047-index.htm,https://www.sec.gov/Archives/edgar/data/1035267/000103526726000047/q226ex-991earningsrelease.htm
Intuitive Surgical,ISRG,1035267,Health Care,10-Q,2025-10-22,2025-09-30,0001035267-25-000209,0001035267-25-000209:isrg-20250930.htm,10-Q,https://www.sec.gov/Archives/edgar/data/1035267/000103526725000209/0001035267-25-000209-index.htm,https://www.sec.gov/Archives/edgar/data/1035267/000103526725000209/isrg-20250930.htm
Intuitive Surgical,ISRG,1035267,Health Care,10-K,2026-02-03,2025-12-31,0001035267-26-000010,0001035267-26-000010:isrg-20251231.htm,10-K,https://www.sec.gov/Archives/edgar/data/1035267/000103526726000010/0001035267-26-000010-index.htm,https://www.sec.gov/Archives/edgar/data/1035267/000103526726000010/isrg-20251231.htm
Intuitive Surgical,ISRG,1035267,Health Care,10-K,2025-01-31,2024-12-31,0001035267-25-000017,0001035267-25-000017:isrg-20241231.htm,10-K,https://www.sec.gov/Archives/edgar/data/1035267/000103526725000017/0001035267-25-000017-index.htm,https://www.sec.gov/Archives/edgar/data/1035267/000103526725000017/isrg-20241231.htm
Invesco,IVZ,914208,Financials,10-K,2026-02-24,2025-12-31,0000914208-26-000079,0000914208-26-000079:ivz-20251231.htm,10-K,https://www.sec.gov/Archives/edgar/data/914208/000091420826000079/0000914208-26-000079-index.htm,https://www.sec.gov/Archives/edgar/data/914208/000091420826000079/ivz-20251231.htm
Invesco,IVZ,914208,Financials,10-K,2025-02-25,2024-12-31,0000914208-25-000114,0000914208-25-000114:ivz-20241231.htm,10-K,https://www.sec.gov/Archives/edgar/data/914208/000091420825000114/0000914208-25-000114-index.htm,https://www.sec.gov/Archives/edgar/data/914208/000091420825000114/ivz-20241231.htm
Invitation Homes,INVH,1687229,Real Estate,10-Q,2026-04-30,2026-03-31,0001687229-26-000032,0001687229-26-000032:invh-20260331.htm,10-Q,https://www.sec.gov/Archives/edgar/data/1687229/000168722926000032/0001687229-26-000032-index.htm,https://www.sec.gov/Archives/edgar/data/1687229/000168722926000032/invh-20260331.htm
Invitation Homes,INVH,1687229,Real Estate,10-K,2026-02-19,2025-12-31,0001687229-26-000016,0001687229-26-000016:invh-20251231.htm,10-K,https://www.sec.gov/Archives/edgar/data/1687229/000168722926000016/0001687229-26-000016-index.htm,https://www.sec.gov/Archives/edgar/data/1687229/000168722926000016/invh-20251231.htm
Jabil,JBL,898293,Information Technology,10-Q,2026-06-30,2026-05-31,0001628280-26-046138,0001628280-26-046138:jbl-20260531.htm,10-Q,https://www.sec.gov/Archives/edgar/data/898293/000162828026046138/0001628280-26-046138-index.htm,https://www.sec.gov/Archives/edgar/data/898293/000162828026046138/jbl-20260531.htm
Jabil,JBL,898293,Information Technology,10-Q,2026-04-08,2026-02-28,0001628280-26-024148,0001628280-26-024148:jbl-20260228.htm,10-Q,https://www.sec.gov/Archives/edgar/data/898293/000162828026024148/0001628280-26-024148-index.htm,https://www.sec.gov/Archives/edgar/data/898293/000162828026024148/jbl-20260228.htm
Jabil,JBL,898293,Information Technology,10-Q,2025-06-30,2025-05-31,0001628280-25-033410,0001628280-25-033410:jbl-20250531.htm,10-Q,https://www.sec.gov/Archives/edgar/data/898293/000162828025033410/0001628280-25-033410-index.htm,https://www.sec.gov/Archives/edgar/data/898293/000162828025033410/jbl-20250531.htm
Jabil,JBL,898293,Information Technology,10-K,2025-10-17,2025-08-31,0001628280-25-045293,0001628280-25-045293:jbl-20250831.htm,10-K,https://www.sec.gov/Archives/edgar/data/898293/000162828025045293/0001628280-25-045293-index.htm,https://www.sec.gov/Archives/edgar/data/898293/000162828025045293/jbl-20250831.htm
Johnson & Johnson,JNJ,200406,Health Care,8-K,2025-04-15,2025-04-15,0000200406-25-000110,0000200406-25-000110:a2025q1exhibit991.htm,EX-99.1,https://www.sec.gov/Archives/edgar/data/200406/000020040625000110/0000200406-25-000110-index.htm,https://www.sec.gov/Archives/edgar/data/200406/000020040625000110/a2025q1exhibit991.htm
Kenvue,KVUE,1944048,Consumer Staples,8-K,2026-01-29,2026-01-29,0001944048-26-000008,0001944048-26-000008:exhibit991-jointpressrelea.htm,EX-99.1,https://www.sec.gov/Archives/edgar/data/1944048/000194404826000008/0001944048-26-000008-index.htm,https://www.sec.gov/Archives/edgar/data/1944048/000194404826000008/exhibit991-jointpressrelea.htm
Kenvue,KVUE,1944048,Consumer Staples,8-K,2026-02-17,2026-02-17,0001944048-26-000016,0001944048-26-000016:q425earningspressrelease.htm,EX-99.1,https://www.sec.gov/Archives/edgar/data/1944048/000194404826000016/0001944048-26-000016-index.htm,https://www.sec.gov/Archives/edgar/data/1944048/000194404826000016/q425earningspressrelease.htm
Kenvue,KVUE,1944048,Consumer Staples,8-K,2025-11-03,2025-11-02,0001104659-25-105216,0001104659-25-105216:tm2529895d1_ex99-2.htm,EX-99.2,https://www.sec.gov/Archives/edgar/data/1944048/000110465925105216/0001104659-25-105216-index.htm,https://www.sec.gov/Archives/edgar/data/1944048/000110465925105216/tm2529895d1_ex99-2.htm
Kenvue,KVUE,1944048,Consumer Staples,8-K,2025-05-08,2025-05-05,0000950157-25-000375,0000950157-25-000375:ex99-1.htm,EX-99.1,https://www.sec.gov/Archives/edgar/data/1944048/000095015725000375/0000950157-25-000375-index.htm,https://www.sec.gov/Archives/edgar/data/1944048/000095015725000375/ex99-1.htm
Kenvue,KVUE,1944048,Consumer Staples,8-K,2025-11-03,2025-11-02,0001104659-25-105216,0001104659-25-105216:tm2529895d1_ex99-1.htm,EX-99.1,https://www.sec.gov/Archives/edgar/data/1944048/000110465925105216/0001104659-25-105216-index.htm,https://www.sec.gov/Archives/edgar/data/1944048/000110465925105216/tm2529895d1_ex99-1.htm
Kenvue,KVUE,1944048,Consumer Staples,8-K,2025-11-03,2025-11-03,0001944048-25-000194,0001944048-25-000194:q325earningspressrelease.htm,EX-99.1,https://www.sec.gov/Archives/edgar/data/1944048/000194404825000194/0001944048-25-000194-index.htm,https://www.sec.gov/Archives/edgar/data/1944048/000194404825000194/q325earningspressrelease.htm
Kenvue,KVUE,1944048,Consumer Staples,8-K,2025-11-03,2025-11-02,0001104659-25-105216,0001104659-25-105216:tm2529895d1_8k.htm,8-K,https://www.sec.gov/Archives/edgar/data/1944048/000110465925105216/0001104659-25-105216-index.htm,https://www.sec.gov/Archives/edgar/data/1944048/000110465925105216/tm2529895d1_8k.htm
Kenvue,KVUE,1944048,Consumer Staples,8-K,2026-01-16,2026-01-16,0001140361-26-001522,0001140361-26-001522:ef20063257_8k.htm,8-K,https://www.sec.gov/Archives/edgar/data/1944048/000114036126001522/0001140361-26-001522-index.htm,https://www.sec.gov/Archives/edgar/data/1944048/000114036126001522/ef20063257_8k.htm
Kenvue,KVUE,1944048,Consumer Staples,10-Q,2026-05-07,2026-03-29,0001944048-26-000098,0001944048-26-000098:kvue-20260329.htm,10-Q,https://www.sec.gov/Archives/edgar/data/1944048/000194404826000098/0001944048-26-000098-index.htm,https://www.sec.gov/Archives/edgar/data/1944048/000194404826000098/kvue-20260329.htm
Kenvue,KVUE,1944048,Consumer Staples,10-Q,2025-05-08,2025-03-30,0001944048-25-000129,0001944048-25-000129:kvue-20250330.htm,10-Q,https://www.sec.gov/Archives/edgar/data/1944048/000194404825000129/0001944048-25-000129-index.htm,https://www.sec.gov/Archives/edgar/data/1944048/000194404825000129/kvue-20250330.htm
Kenvue,KVUE,1944048,Consumer Staples,10-Q,2025-08-07,2025-06-29,0001944048-25-000177,0001944048-25-000177:kvue-20250629.htm,10-Q,https://www.sec.gov/Archives/edgar/data/1944048/000194404825000177/0001944048-25-000177-index.htm,https://www.sec.gov/Archives/edgar/data/1944048/000194404825000177/kvue-20250629.htm
Kenvue,KVUE,1944048,Consumer Staples,10-Q,2025-11-03,2025-09-28,0001944048-25-000198,0001944048-25-000198:kvue-20250928.htm,10-Q,https://www.sec.gov/Archives/edgar/data/1944048/000194404825000198/0001944048-25-000198-index.htm,https://www.sec.gov/Archives/edgar/data/1944048/000194404825000198/kvue-20250928.htm
Kenvue,KVUE,1944048,Consumer Staples,10-K,2026-02-20,2025-12-28,0001944048-26-000030,0001944048-26-000030:kvue-20251228.htm,10-K,https://www.sec.gov/Archives/edgar/data/1944048/000194404826000030/0001944048-26-000030-index.htm,https://www.sec.gov/Archives/edgar/data/1944048/000194404826000030/kvue-20251228.htm
Keysight Technologies,KEYS,1601046,Information Technology,10-Q,2026-06-04,2026-04-30,0001601046-26-000024,0001601046-26-000024:keys-20260430.htm,10-Q,https://www.sec.gov/Archives/edgar/data/1601046/000160104626000024/0001601046-26-000024-index.htm,https://www.sec.gov/Archives/edgar/data/1601046/000160104626000024/keys-20260430.htm
Keysight Technologies,KEYS,1601046,Information Technology,8-K,2026-05-19,2026-05-19,0001601046-26-000019,0001601046-26-000019:exhibit991-q226pressrelease.htm,EX-99.1,https://www.sec.gov/Archives/edgar/data/1601046/000160104626000019/0001601046-26-000019-index.htm,https://www.sec.gov/Archives/edgar/data/1601046/000160104626000019/exhibit991-q226pressrelease.htm
Keysight Technologies,KEYS,1601046,Information Technology,10-Q,2026-03-05,2026-01-31,0001601046-26-000008,0001601046-26-000008:keys-20260131.htm,10-Q,https://www.sec.gov/Archives/edgar/data/1601046/000160104626000008/0001601046-26-000008-index.htm,https://www.sec.gov/Archives/edgar/data/1601046/000160104626000008/keys-20260131.htm
Keysight Technologies,KEYS,1601046,Information Technology,10-Q,2025-06-03,2025-04-30,0001601046-25-000073,0001601046-25-000073:keys-20250430.htm,10-Q,https://www.sec.gov/Archives/edgar/data/1601046/000160104625000073/0001601046-25-000073-index.htm,https://www.sec.gov/Archives/edgar/data/1601046/000160104625000073/keys-20250430.htm
Keysight Technologies,KEYS,1601046,Information Technology,10-Q,2025-08-29,2025-07-31,0001601046-25-000091,0001601046-25-000091:keys-20250731.htm,10-Q,https://www.sec.gov/Archives/edgar/data/1601046/000160104625000091/0001601046-25-000091-index.htm,https://www.sec.gov/Archives/edgar/data/1601046/000160104625000091/keys-20250731.htm
Keysight Technologies,KEYS,1601046,Information Technology,8-K,2026-02-23,2026-02-23,0001601046-26-000003,0001601046-26-000003:exhibit991-q126pressrelease.htm,EX-99.1,https://www.sec.gov/Archives/edgar/data/1601046/000160104626000003/0001601046-26-000003-index.htm,https://www.sec.gov/Archives/edgar/data/1601046/000160104626000003/exhibit991-q126pressrelease.htm
Keysight Technologies,KEYS,1601046,Information Technology,8-K,2025-08-19,2025-08-19,0001601046-25-000088,0001601046-25-000088:exhibit991-q325pressrelease.htm,EX-99.1,https://www.sec.gov/Archives/edgar/data/1601046/000160104625000088/0001601046-25-000088-index.htm,https://www.sec.gov/Archives/edgar/data/1601046/000160104625000088/exhibit991-q325pressrelease.htm
Keysight Technologies,KEYS,1601046,Information Technology,10-K,2025-12-17,2025-10-31,0001601046-25-000127,0001601046-25-000127:keys-20251031.htm,10-K,https://www.sec.gov/Archives/edgar/data/1601046/000160104625000127/0001601046-25-000127-index.htm,https://www.sec.gov/Archives/edgar/data/1601046/000160104625000127/keys-20251031.htm
Keysight Technologies,KEYS,1601046,Information Technology,8-K,2025-11-24,2025-11-24,0001601046-25-000121,0001601046-25-000121:exhibit991-q425pressrelease.htm,EX-99.1,https://www.sec.gov/Archives/edgar/data/1601046/000160104625000121/0001601046-25-000121-index.htm,https://www.sec.gov/Archives/edgar/data/1601046/000160104625000121/exhibit991-q425pressrelease.htm
Keysight Technologies,KEYS,1601046,Information Technology,10-Q,2025-03-06,2025-01-31,0001601046-25-000009,0001601046-25-000009:keys-20250131.htm,10-Q,https://www.sec.gov/Archives/edgar/data/1601046/000160104625000009/0001601046-25-000009-index.htm,https://www.sec.gov/Archives/edgar/data/1601046/000160104625000009/keys-20250131.htm
Kimberly-Clark,KMB,55785,Consumer Staples,8-K,2025-08-01,2025-08-01,0000055785-25-000076,0000055785-25-000076:kmbq220258kex-991.htm,EX-99.1,https://www.sec.gov/Archives/edgar/data/55785/000005578525000076/0000055785-25-000076-index.htm,https://www.sec.gov/Archives/edgar/data/55785/000005578525000076/kmbq220258kex-991.htm
Kimberly-Clark,KMB,55785,Consumer Staples,8-K,2025-10-30,2025-10-30,0001628280-25-047278,0001628280-25-047278:kmbq320258kex-991.htm,EX-99.1,https://www.sec.gov/Archives/edgar/data/55785/000162828025047278/0001628280-25-047278-index.htm,https://www.sec.gov/Archives/edgar/data/55785/000162828025047278/kmbq320258kex-991.htm
Kimberly-Clark,KMB,55785,Consumer Staples,8-K,2026-01-27,2026-01-27,0001628280-26-003514,0001628280-26-003514:kmb2025q48kex-991.htm,EX-99.1,https://www.sec.gov/Archives/edgar/data/55785/000162828026003514/0001628280-26-003514-index.htm,https://www.sec.gov/Archives/edgar/data/55785/000162828026003514/kmb2025q48kex-991.htm
Kimberly-Clark,KMB,55785,Consumer Staples,8-K,2026-01-29,2026-01-29,0001104659-26-008005,0001104659-26-008005:tm262467d8_ex99-1.htm,EX-99.1,https://www.sec.gov/Archives/edgar/data/55785/000110465926008005/0001104659-26-008005-index.htm,https://www.sec.gov/Archives/edgar/data/55785/000110465926008005/tm262467d8_ex99-1.htm
Kimberly-Clark,KMB,55785,Consumer Staples,10-Q,2025-04-22,2025-03-31,0000055785-25-000039,0000055785-25-000039:kmb-20250331.htm,10-Q,https://www.sec.gov/Archives/edgar/data/55785/000005578525000039/0000055785-25-000039-index.htm,https://www.sec.gov/Archives/edgar/data/55785/000005578525000039/kmb-20250331.htm
Kimberly-Clark,KMB,55785,Consumer Staples,10-Q,2025-10-30,2025-09-30,0001628280-25-047387,0001628280-25-047387:kmb-20250930.htm,10-Q,https://www.sec.gov/Archives/edgar/data/55785/000162828025047387/0001628280-25-047387-index.htm,https://www.sec.gov/Archives/edgar/data/55785/000162828025047387/kmb-20250930.htm
Kimberly-Clark,KMB,55785,Consumer Staples,8-K,2025-07-25,2025-07-25,0000055785-25-000071,0000055785-25-000071:exhibit991.htm,EX-99.1,https://www.sec.gov/Archives/edgar/data/55785/000005578525000071/0000055785-25-000071-index.htm,https://www.sec.gov/Archives/edgar/data/55785/000005578525000071/exhibit991.htm
Kimberly-Clark,KMB,55785,Consumer Staples,8-K,2025-04-22,2025-04-22,0000055785-25-000034,0000055785-25-000034:kmbq120258kex-991.htm,EX-99.1,https://www.sec.gov/Archives/edgar/data/55785/000005578525000034/0000055785-25-000034-index.htm,https://www.sec.gov/Archives/edgar/data/55785/000005578525000034/kmbq120258kex-991.htm
Kimberly-Clark,KMB,55785,Consumer Staples,10-Q,2025-08-01,2025-06-30,0000055785-25-000080,0000055785-25-000080:kmb-20250630.htm,10-Q,https://www.sec.gov/Archives/edgar/data/55785/000005578525000080/0000055785-25-000080-index.htm,https://www.sec.gov/Archives/edgar/data/55785/000005578525000080/kmb-20250630.htm
Kimberly-Clark,KMB,55785,Consumer Staples,8-K,2025-11-03,2025-11-02,0001104659-25-105220,0001104659-25-105220:tm2530027d1_ex99-2.htm,EX-99.2,https://www.sec.gov/Archives/edgar/data/55785/000110465925105220/0001104659-25-105220-index.htm,https://www.sec.gov/Archives/edgar/data/55785/000110465925105220/tm2530027d1_ex99-2.htm
Kimberly-Clark,KMB,55785,Consumer Staples,8-K,2025-11-03,2025-11-02,0001104659-25-105220,0001104659-25-105220:tm2530027d1_ex99-1.htm,EX-99.1,https://www.sec.gov/Archives/edgar/data/55785/000110465925105220/0001104659-25-105220-index.htm,https://www.sec.gov/Archives/edgar/data/55785/000110465925105220/tm2530027d1_ex99-1.htm
Kimberly-Clark,KMB,55785,Consumer Staples,8-K,2026-04-28,2026-04-28,0001628280-26-027718,0001628280-26-027718:kmbq120268kex-991.htm,EX-99.1,https://www.sec.gov/Archives/edgar/data/55785/000162828026027718/0001628280-26-027718-index.htm,https://www.sec.gov/Archives/edgar/data/55785/000162828026027718/kmbq120268kex-991.htm
Kimberly-Clark,KMB,55785,Consumer Staples,8-K,2025-11-03,2025-11-02,0001104659-25-105220,0001104659-25-105220:tm2530027d1_8k.htm,8-K,https://www.sec.gov/Archives/edgar/data/55785/000110465925105220/0001104659-25-105220-index.htm,https://www.sec.gov/Archives/edgar/data/55785/000110465925105220/tm2530027d1_8k.htm
Kimberly-Clark,KMB,55785,Consumer Staples,8-K,2026-01-16,2026-01-16,0001104659-26-004634,0001104659-26-004634:tm262467d4_8k.htm,8-K,https://www.sec.gov/Archives/edgar/data/55785/000110465926004634/0001104659-26-004634-index.htm,https://www.sec.gov/Archives/edgar/data/55785/000110465926004634/tm262467d4_8k.htm
Kimberly-Clark,KMB,55785,Consumer Staples,10-K,2026-02-12,2025-12-31,0001628280-26-007567,0001628280-26-007567:kmb-20251231.htm,10-K,https://www.sec.gov/Archives/edgar/data/55785/000162828026007567/0001628280-26-007567-index.htm,https://www.sec.gov/Archives/edgar/data/55785/000162828026007567/kmb-20251231.htm
Kimberly-Clark,KMB,55785,Consumer Staples,10-Q,2026-04-28,2026-03-31,0001628280-26-027800,0001628280-26-027800:kmb-20260331.htm,10-Q,https://www.sec.gov/Archives/edgar/data/55785/000162828026027800/0001628280-26-027800-index.htm,https://www.sec.gov/Archives/edgar/data/55785/000162828026027800/kmb-20260331.htm
Kimberly-Clark,KMB,55785,Consumer Staples,8-K,2025-12-04,2025-12-04,0001628280-25-055209,0001628280-25-055209:kmb-20251204_d2.htm,EX-99.1,https://www.sec.gov/Archives/edgar/data/55785/000162828025055209/0001628280-25-055209-index.htm,https://www.sec.gov/Archives/edgar/data/55785/000162828025055209/kmb-20251204_d2.htm
Kinder Morgan,KMI,1506307,Energy,10-K,2026-02-13,2025-12-31,0001506307-26-000011,0001506307-26-000011:kmi-20251231.htm,10-K,https://www.sec.gov/Archives/edgar/data/1506307/000150630726000011/0001506307-26-000011-index.htm,https://www.sec.gov/Archives/edgar/data/1506307/000150630726000011/kmi-20251231.htm
Kinder Morgan,KMI,1506307,Energy,10-Q,2025-04-18,2025-03-31,0001506307-25-000022,0001506307-25-000022:kmi-20250331.htm,10-Q,https://www.sec.gov/Archives/edgar/data/1506307/000150630725000022/0001506307-25-000022-index.htm,https://www.sec.gov/Archives/edgar/data/1506307/000150630725000022/kmi-20250331.htm
Kinder Morgan,KMI,1506307,Energy,10-K,2025-02-13,2024-12-31,0001506307-25-000008,0001506307-25-000008:kmi-20241231.htm,10-K,https://www.sec.gov/Archives/edgar/data/1506307/000150630725000008/0001506307-25-000008-index.htm,https://www.sec.gov/Archives/edgar/data/1506307/000150630725000008/kmi-20241231.htm
Kinder Morgan,KMI,1506307,Energy,8-K,2026-01-21,2026-01-21,0001506307-26-000002,0001506307-26-000002:kmi2025q48-kex991.htm,EX-99.1,https://www.sec.gov/Archives/edgar/data/1506307/000150630726000002/0001506307-26-000002-index.htm,https://www.sec.gov/Archives/edgar/data/1506307/000150630726000002/kmi2025q48-kex991.htm
KKR & Co.,KKR,1404912,Financials,8-K,2026-02-05,2026-02-05,0001404912-26-000002,0001404912-26-000002:q425earningsrelease_vf.htm,EX-99.1,https://www.sec.gov/Archives/edgar/data/1404912/000140491226000002/0001404912-26-000002-index.htm,https://www.sec.gov/Archives/edgar/data/1404912/000140491226000002/q425earningsrelease_vf.htm
KKR & Co.,KKR,1404912,Financials,8-K,2025-05-01,2025-05-01,0001404912-25-000019,0001404912-25-000019:q125earningsrelease_vg.htm,EX-99.1,https://www.sec.gov/Archives/edgar/data/1404912/000140491225000019/0001404912-25-000019-index.htm,https://www.sec.gov/Archives/edgar/data/1404912/000140491225000019/q125earningsrelease_vg.htm
KKR & Co.,KKR,1404912,Financials,8-K,2025-07-31,2025-07-31,0001404912-25-000025,0001404912-25-000025:q225earningsrelease_vf.htm,EX-99.1,https://www.sec.gov/Archives/edgar/data/1404912/000140491225000025/0001404912-25-000025-index.htm,https://www.sec.gov/Archives/edgar/data/1404912/000140491225000025/q225earningsrelease_vf.htm
KKR & Co.,KKR,1404912,Financials,8-K,2025-11-07,2025-11-07,0001404912-25-000040,0001404912-25-000040:q325earningsrelease_vf.htm,EX-99.1,https://www.sec.gov/Archives/edgar/data/1404912/000140491225000040/0001404912-25-000040-index.htm,https://www.sec.gov/Archives/edgar/data/1404912/000140491225000040/q325earningsrelease_vf.htm
KKR & Co.,KKR,1404912,Financials,10-Q,2025-05-09,2025-03-31,0001404912-25-000022,0001404912-25-000022:kkr-20250331.htm,10-Q,https://www.sec.gov/Archives/edgar/data/1404912/000140491225000022/0001404912-25-000022-index.htm,https://www.sec.gov/Archives/edgar/data/1404912/000140491225000022/kkr-20250331.htm
KKR & Co.,KKR,1404912,Financials,10-Q,2025-08-08,2025-06-30,0001404912-25-000032,0001404912-25-000032:kkr-20250630.htm,10-Q,https://www.sec.gov/Archives/edgar/data/1404912/000140491225000032/0001404912-25-000032-index.htm,https://www.sec.gov/Archives/edgar/data/1404912/000140491225000032/kkr-20250630.htm
KKR & Co.,KKR,1404912,Financials,10-Q,2026-05-08,2026-03-31,0001404912-26-000017,0001404912-26-000017:kkr-20260331.htm,10-Q,https://www.sec.gov/Archives/edgar/data/1404912/000140491226000017/0001404912-26-000017-index.htm,https://www.sec.gov/Archives/edgar/data/1404912/000140491226000017/kkr-20260331.htm
KKR & Co.,KKR,1404912,Financials,10-Q,2025-11-07,2025-09-30,0001404912-25-000042,0001404912-25-000042:kkr-20250930.htm,10-Q,https://www.sec.gov/Archives/edgar/data/1404912/000140491225000042/0001404912-25-000042-index.htm,https://www.sec.gov/Archives/edgar/data/1404912/000140491225000042/kkr-20250930.htm
KKR & Co.,KKR,1404912,Financials,10-K,2025-02-28,2024-12-31,0001404912-25-000015,0001404912-25-000015:kkr-20241231.htm,10-K,https://www.sec.gov/Archives/edgar/data/1404912/000140491225000015/0001404912-25-000015-index.htm,https://www.sec.gov/Archives/edgar/data/1404912/000140491225000015/kkr-20241231.htm
KLA Corporation,KLAC,319201,Information Technology,10-Q,2026-04-30,2026-03-31,0000319201-26-000016,0000319201-26-000016:klac-20260331.htm,10-Q,https://www.sec.gov/Archives/edgar/data/319201/000031920126000016/0000319201-26-000016-index.htm,https://www.sec.gov/Archives/edgar/data/319201/000031920126000016/klac-20260331.htm
KLA Corporation,KLAC,319201,Information Technology,10-K,2025-08-08,2025-06-30,0000319201-25-000024,0000319201-25-000024:klac-20250630.htm,10-K,https://www.sec.gov/Archives/edgar/data/319201/000031920125000024/0000319201-25-000024-index.htm,https://www.sec.gov/Archives/edgar/data/319201/000031920125000024/klac-20250630.htm
KLA Corporation,KLAC,319201,Information Technology,10-Q,2025-05-01,2025-03-31,0000319201-25-000012,0000319201-25-000012:klac-20250331.htm,10-Q,https://www.sec.gov/Archives/edgar/data/319201/000031920125000012/0000319201-25-000012-index.htm,https://www.sec.gov/Archives/edgar/data/319201/000031920125000012/klac-20250331.htm
Kraft Heinz,KHC,1637459,Consumer Staples,10-Q,2025-04-29,2025-03-29,0001637459-25-000061,0001637459-25-000061:khc-20250329.htm,10-Q,https://www.sec.gov/Archives/edgar/data/1637459/000163745925000061/0001637459-25-000061-index.htm,https://www.sec.gov/Archives/edgar/data/1637459/000163745925000061/khc-20250329.htm
Kraft Heinz,KHC,1637459,Consumer Staples,10-Q,2025-07-30,2025-06-28,0001637459-25-000152,0001637459-25-000152:khc-20250628.htm,10-Q,https://www.sec.gov/Archives/edgar/data/1637459/000163745925000152/0001637459-25-000152-index.htm,https://www.sec.gov/Archives/edgar/data/1637459/000163745925000152/khc-20250628.htm
Kraft Heinz,KHC,1637459,Consumer Staples,10-Q,2026-05-06,2026-03-28,0001637459-26-000022,0001637459-26-000022:khc-20260328.htm,10-Q,https://www.sec.gov/Archives/edgar/data/1637459/000163745926000022/0001637459-26-000022-index.htm,https://www.sec.gov/Archives/edgar/data/1637459/000163745926000022/khc-20260328.htm
Kraft Heinz,KHC,1637459,Consumer Staples,10-Q,2025-10-29,2025-09-27,0001637459-25-000166,0001637459-25-000166:khc-20250927.htm,10-Q,https://www.sec.gov/Archives/edgar/data/1637459/000163745925000166/0001637459-25-000166-index.htm,https://www.sec.gov/Archives/edgar/data/1637459/000163745925000166/khc-20250927.htm
Kraft Heinz,KHC,1637459,Consumer Staples,10-K,2026-02-12,2025-12-27,0001637459-26-000009,0001637459-26-000009:khc-20251227.htm,10-K,https://www.sec.gov/Archives/edgar/data/1637459/000163745926000009/0001637459-26-000009-index.htm,https://www.sec.gov/Archives/edgar/data/1637459/000163745926000009/khc-20251227.htm
Kroger,KR,56873,Consumer Staples,8-K,2025-06-27,2025-06-26,0001104659-25-063626,0001104659-25-063626:tm2519358d1_ex99-1.htm,EX-99.1,https://www.sec.gov/Archives/edgar/data/56873/000110465925063626/0001104659-25-063626-index.htm,https://www.sec.gov/Archives/edgar/data/56873/000110465925063626/tm2519358d1_ex99-1.htm
Lam Research,LRCX,707549,Information Technology,8-K,2025-04-23,2025-04-23,0000707549-25-000051,0000707549-25-000051:lrcx_exhibitx991xq3x2025.htm,EX-99.1,https://www.sec.gov/Archives/edgar/data/707549/000070754925000051/0000707549-25-000051-index.htm,https://www.sec.gov/Archives/edgar/data/707549/000070754925000051/lrcx_exhibitx991xq3x2025.htm
Lam Research,LRCX,707549,Information Technology,10-Q,2025-10-24,2025-09-28,0000707549-25-000085,0000707549-25-000085:lrcx-20250928.htm,10-Q,https://www.sec.gov/Archives/edgar/data/707549/000070754925000085/0000707549-25-000085-index.htm,https://www.sec.gov/Archives/edgar/data/707549/000070754925000085/lrcx-20250928.htm
Lam Research,LRCX,707549,Information Technology,10-Q,2026-04-23,2026-03-29,0000707549-26-000022,0000707549-26-000022:lrcx-20260329.htm,10-Q,https://www.sec.gov/Archives/edgar/data/707549/000070754926000022/0000707549-26-000022-index.htm,https://www.sec.gov/Archives/edgar/data/707549/000070754926000022/lrcx-20260329.htm
Lam Research,LRCX,707549,Information Technology,10-Q,2026-01-29,2025-12-28,0000707549-26-000009,0000707549-26-000009:lrcx-20251228.htm,10-Q,https://www.sec.gov/Archives/edgar/data/707549/000070754926000009/0000707549-26-000009-index.htm,https://www.sec.gov/Archives/edgar/data/707549/000070754926000009/lrcx-20251228.htm
Leidos,LDOS,1336920,Industrials,10-Q,2026-05-05,2026-04-03,0001336920-26-000169,0001336920-26-000169:ldos-20260403.htm,10-Q,https://www.sec.gov/Archives/edgar/data/1336920/000133692026000169/0001336920-26-000169-index.htm,https://www.sec.gov/Archives/edgar/data/1336920/000133692026000169/ldos-20260403.htm
Leidos,LDOS,1336920,Industrials,10-Q,2025-08-05,2025-07-04,0001336920-25-000034,0001336920-25-000034:ldos-20250704.htm,10-Q,https://www.sec.gov/Archives/edgar/data/1336920/000133692025000034/0001336920-25-000034-index.htm,https://www.sec.gov/Archives/edgar/data/1336920/000133692025000034/ldos-20250704.htm
Leidos,LDOS,1336920,Industrials,10-Q,2025-11-04,2025-10-03,0001336920-25-000060,0001336920-25-000060:ldos-20251003.htm,10-Q,https://www.sec.gov/Archives/edgar/data/1336920/000133692025000060/0001336920-25-000060-index.htm,https://www.sec.gov/Archives/edgar/data/1336920/000133692025000060/ldos-20251003.htm
Lennox International,LII,1069202,Industrials,8-K,2025-04-23,2025-04-23,0001069202-25-000015,0001069202-25-000015:lii-2025331xexx991pressrel.htm,EX-99.1,https://www.sec.gov/Archives/edgar/data/1069202/000106920225000015/0001069202-25-000015-index.htm,https://www.sec.gov/Archives/edgar/data/1069202/000106920225000015/lii-2025331xexx991pressrel.htm
Lennox International,LII,1069202,Industrials,10-Q,2026-04-29,2026-03-31,0001069202-26-000054,0001069202-26-000054:lii-20260331.htm,10-Q,https://www.sec.gov/Archives/edgar/data/1069202/000106920226000054/0001069202-26-000054-index.htm,https://www.sec.gov/Archives/edgar/data/1069202/000106920226000054/lii-20260331.htm
Lennox International,LII,1069202,Industrials,10-Q,2025-04-23,2025-03-31,0001069202-25-000017,0001069202-25-000017:lii-20250331.htm,10-Q,https://www.sec.gov/Archives/edgar/data/1069202/000106920225000017/0001069202-25-000017-index.htm,https://www.sec.gov/Archives/edgar/data/1069202/000106920225000017/lii-20250331.htm
Lennox International,LII,1069202,Industrials,10-K,2026-02-17,2025-12-31,0001069202-26-000028,0001069202-26-000028:lii-20251231.htm,10-K,https://www.sec.gov/Archives/edgar/data/1069202/000106920226000028/0001069202-26-000028-index.htm,https://www.sec.gov/Archives/edgar/data/1069202/000106920226000028/lii-20251231.htm
Lilly (Eli),LLY,59478,Health Care,8-K,2025-05-01,2025-05-01,0000059478-25-000129,0000059478-25-000129:q125lillysalesandearningsp.htm,EX-99.1,https://www.sec.gov/Archives/edgar/data/59478/000005947825000129/0000059478-25-000129-index.htm,https://www.sec.gov/Archives/edgar/data/59478/000005947825000129/q125lillysalesandearningsp.htm
Lilly (Eli),LLY,59478,Health Care,8-K,2025-10-30,2025-10-30,0000059478-25-000251,0000059478-25-000251:q325lillysalesandearningsp.htm,EX-99.1,https://www.sec.gov/Archives/edgar/data/59478/000005947825000251/0000059478-25-000251-index.htm,https://www.sec.gov/Archives/edgar/data/59478/000005947825000251/q325lillysalesandearningsp.htm
Lilly (Eli),LLY,59478,Health Care,10-K,2026-02-12,2025-12-31,0000059478-26-000013,0000059478-26-000013:lly-20251231.htm,10-K,https://www.sec.gov/Archives/edgar/data/59478/000005947826000013/0000059478-26-000013-index.htm,https://www.sec.gov/Archives/edgar/data/59478/000005947826000013/lly-20251231.htm
Lockheed Martin,LMT,936468,Industrials,10-Q,2025-04-22,2025-03-30,0000936468-25-000035,0000936468-25-000035:lmt-20250330.htm,10-Q,https://www.sec.gov/Archives/edgar/data/936468/000093646825000035/0000936468-25-000035-index.htm,https://www.sec.gov/Archives/edgar/data/936468/000093646825000035/lmt-20250330.htm
Lockheed Martin,LMT,936468,Industrials,10-Q,2026-07-23,2026-06-28,0001628280-26-049411,0001628280-26-049411:lmt-20260628.htm,10-Q,https://www.sec.gov/Archives/edgar/data/936468/000162828026049411/0001628280-26-049411-index.htm,https://www.sec.gov/Archives/edgar/data/936468/000162828026049411/lmt-20260628.htm
Lockheed Martin,LMT,936468,Industrials,10-Q,2025-10-21,2025-09-28,0001628280-25-045693,0001628280-25-045693:lmt-20250928.htm,10-Q,https://www.sec.gov/Archives/edgar/data/936468/000162828025045693/0001628280-25-045693-index.htm,https://www.sec.gov/Archives/edgar/data/936468/000162828025045693/lmt-20250928.htm
Lockheed Martin,LMT,936468,Industrials,10-Q,2025-07-22,2025-06-29,0001628280-25-035565,0001628280-25-035565:lmt-20250629.htm,10-Q,https://www.sec.gov/Archives/edgar/data/936468/000162828025035565/0001628280-25-035565-index.htm,https://www.sec.gov/Archives/edgar/data/936468/000162828025035565/lmt-20250629.htm
Lockheed Martin,LMT,936468,Industrials,10-K,2026-01-29,2025-12-31,0001628280-26-004195,0001628280-26-004195:lmt-20251231.htm,10-K,https://www.sec.gov/Archives/edgar/data/936468/000162828026004195/0001628280-26-004195-index.htm,https://www.sec.gov/Archives/edgar/data/936468/000162828026004195/lmt-20251231.htm
Loews Corporation,L,60086,Financials,10-Q,2026-05-04,2026-03-31,0000060086-26-000032,0000060086-26-000032:l-20260331.htm,10-Q,https://www.sec.gov/Archives/edgar/data/60086/000006008626000032/0000060086-26-000032-index.htm,https://www.sec.gov/Archives/edgar/data/60086/000006008626000032/l-20260331.htm
Loews Corporation,L,60086,Financials,10-K,2026-02-10,2025-12-31,0000060086-26-000008,0000060086-26-000008:l-20251231.htm,10-K,https://www.sec.gov/Archives/edgar/data/60086/000006008626000008/0000060086-26-000008-index.htm,https://www.sec.gov/Archives/edgar/data/60086/000006008626000008/l-20251231.htm
Loews Corporation,L,60086,Financials,10-Q,2025-08-04,2025-06-30,0000060086-25-000166,0000060086-25-000166:l-20250630.htm,10-Q,https://www.sec.gov/Archives/edgar/data/60086/000006008625000166/0000060086-25-000166-index.htm,https://www.sec.gov/Archives/edgar/data/60086/000006008625000166/l-20250630.htm
Loews Corporation,L,60086,Financials,10-Q,2025-11-03,2025-09-30,0000060086-25-000181,0000060086-25-000181:l-20250930.htm,10-Q,https://www.sec.gov/Archives/edgar/data/60086/000006008625000181/0000060086-25-000181-index.htm,https://www.sec.gov/Archives/edgar/data/60086/000006008625000181/l-20250930.htm
Loews Corporation,L,60086,Financials,10-K,2025-02-11,2024-12-31,0000060086-25-000036,0000060086-25-000036:l-20241231.htm,10-K,https://www.sec.gov/Archives/edgar/data/60086/000006008625000036/0000060086-25-000036-index.htm,https://www.sec.gov/Archives/edgar/data/60086/000006008625000036/l-20241231.htm
Lowe's,LOW,60667,Consumer Discretionary,10-Q,2026-05-28,2026-05-01,0000060667-26-000072,0000060667-26-000072:low-20260501.htm,10-Q,https://www.sec.gov/Archives/edgar/data/60667/000006066726000072/0000060667-26-000072-index.htm,https://www.sec.gov/Archives/edgar/data/60667/000006066726000072/low-20260501.htm
Lowe's,LOW,60667,Consumer Discretionary,10-K,2026-03-23,2026-01-30,0000060667-26-000029,0000060667-26-000029:low-20260130.htm,10-K,https://www.sec.gov/Archives/edgar/data/60667/000006066726000029/0000060667-26-000029-index.htm,https://www.sec.gov/Archives/edgar/data/60667/000006066726000029/low-20260130.htm
Lowe's,LOW,60667,Consumer Discretionary,10-K,2025-03-24,2025-01-31,0000060667-25-000049,0000060667-25-000049:low-20250131.htm,10-K,https://www.sec.gov/Archives/edgar/data/60667/000006066725000049/0000060667-25-000049-index.htm,https://www.sec.gov/Archives/edgar/data/60667/000006066725000049/low-20250131.htm
Lululemon Athletica,LULU,1397187,Consumer Discretionary,8-K,2025-09-04,2025-09-04,0001397187-25-000038,0001397187-25-000038:lulu-20250803xex991.htm,EX-99.1,https://www.sec.gov/Archives/edgar/data/1397187/000139718725000038/0001397187-25-000038-index.htm,https://www.sec.gov/Archives/edgar/data/1397187/000139718725000038/lulu-20250803xex991.htm
Lululemon Athletica,LULU,1397187,Consumer Discretionary,10-Q,2026-06-04,2026-05-03,0001397187-26-000078,0001397187-26-000078:lulu-20260503.htm,10-Q,https://www.sec.gov/Archives/edgar/data/1397187/000139718726000078/0001397187-26-000078-index.htm,https://www.sec.gov/Archives/edgar/data/1397187/000139718726000078/lulu-20260503.htm
Lululemon Athletica,LULU,1397187,Consumer Discretionary,10-Q,2025-09-04,2025-08-03,0001397187-25-000039,0001397187-25-000039:lulu-20250803.htm,10-Q,https://www.sec.gov/Archives/edgar/data/1397187/000139718725000039/0001397187-25-000039-index.htm,https://www.sec.gov/Archives/edgar/data/1397187/000139718725000039/lulu-20250803.htm
Lululemon Athletica,LULU,1397187,Consumer Discretionary,10-Q,2025-12-11,2025-11-02,0001397187-25-000055,0001397187-25-000055:lulu-20251102.htm,10-Q,https://www.sec.gov/Archives/edgar/data/1397187/000139718725000055/0001397187-25-000055-index.htm,https://www.sec.gov/Archives/edgar/data/1397187/000139718725000055/lulu-20251102.htm
Lululemon Athletica,LULU,1397187,Consumer Discretionary,8-K,2026-06-04,2026-06-04,0001397187-26-000077,0001397187-26-000077:lulu-20260503xex991.htm,EX-99.1,https://www.sec.gov/Archives/edgar/data/1397187/000139718726000077/0001397187-26-000077-index.htm,https://www.sec.gov/Archives/edgar/data/1397187/000139718726000077/lulu-20260503xex991.htm
Lululemon Athletica,LULU,1397187,Consumer Discretionary,8-K,2025-12-11,2025-12-03,0001397187-25-000054,0001397187-25-000054:lulu-20251102xex991.htm,EX-99.1,https://www.sec.gov/Archives/edgar/data/1397187/000139718725000054/0001397187-25-000054-index.htm,https://www.sec.gov/Archives/edgar/data/1397187/000139718725000054/lulu-20251102xex991.htm
Lululemon Athletica,LULU,1397187,Consumer Discretionary,8-K,2026-01-12,2026-01-12,0001397187-26-000005,0001397187-26-000005:lulu-20260112xex991.htm,EX-99.1,https://www.sec.gov/Archives/edgar/data/1397187/000139718726000005/0001397187-26-000005-index.htm,https://www.sec.gov/Archives/edgar/data/1397187/000139718726000005/lulu-20260112xex991.htm
Lululemon Athletica,LULU,1397187,Consumer Discretionary,10-K,2026-03-17,2026-02-01,0001397187-26-000020,0001397187-26-000020:lulu-20260201.htm,10-K,https://www.sec.gov/Archives/edgar/data/1397187/000139718726000020/0001397187-26-000020-index.htm,https://www.sec.gov/Archives/edgar/data/1397187/000139718726000020/lulu-20260201.htm
Lululemon Athletica,LULU,1397187,Consumer Discretionary,8-K,2026-03-17,2026-03-17,0001397187-26-000019,0001397187-26-000019:lulu-20260201xex991.htm,EX-99.1,https://www.sec.gov/Archives/edgar/data/1397187/000139718726000019/0001397187-26-000019-index.htm,https://www.sec.gov/Archives/edgar/data/1397187/000139718726000019/lulu-20260201xex991.htm
Lululemon Athletica,LULU,1397187,Consumer Discretionary,10-Q,2025-06-05,2025-05-04,0001397187-25-000027,0001397187-25-000027:lulu-20250504.htm,10-Q,https://www.sec.gov/Archives/edgar/data/1397187/000139718725000027/0001397187-25-000027-index.htm,https://www.sec.gov/Archives/edgar/data/1397187/000139718725000027/lulu-20250504.htm
Lululemon Athletica,LULU,1397187,Consumer Discretionary,10-K,2025-03-27,2025-02-02,0001397187-25-000013,0001397187-25-000013:lulu-20250202.htm,10-K,https://www.sec.gov/Archives/edgar/data/1397187/000139718725000013/0001397187-25-000013-index.htm,https://www.sec.gov/Archives/edgar/data/1397187/000139718725000013/lulu-20250202.htm
Lumentum,LITE,1633978,Information Technology,10-K,2025-08-19,2025-06-28,0001628280-25-040830,0001628280-25-040830:lite-20250628.htm,10-K,https://www.sec.gov/Archives/edgar/data/1633978/000162828025040830/0001628280-25-040830-index.htm,https://www.sec.gov/Archives/edgar/data/1633978/000162828025040830/lite-20250628.htm
Lumentum,LITE,1633978,Information Technology,10-Q,2025-05-07,2025-03-29,0001628280-25-022788,0001628280-25-022788:lite-20250329.htm,10-Q,https://www.sec.gov/Archives/edgar/data/1633978/000162828025022788/0001628280-25-022788-index.htm,https://www.sec.gov/Archives/edgar/data/1633978/000162828025022788/lite-20250329.htm
Lumentum,LITE,1633978,Information Technology,10-Q,2025-11-05,2025-09-27,0001628280-25-049073,0001628280-25-049073:lite-20250927.htm,10-Q,https://www.sec.gov/Archives/edgar/data/1633978/000162828025049073/0001628280-25-049073-index.htm,https://www.sec.gov/Archives/edgar/data/1633978/000162828025049073/lite-20250927.htm
Lumentum,LITE,1633978,Information Technology,10-Q,2026-02-04,2025-12-27,0001628280-26-005129,0001628280-26-005129:lite-20251227.htm,10-Q,https://www.sec.gov/Archives/edgar/data/1633978/000162828026005129/0001628280-26-005129-index.htm,https://www.sec.gov/Archives/edgar/data/1633978/000162828026005129/lite-20251227.htm
Lumentum,LITE,1633978,Information Technology,10-Q,2026-05-06,2026-03-28,0001628280-26-030777,0001628280-26-030777:lite-20260328.htm,10-Q,https://www.sec.gov/Archives/edgar/data/1633978/000162828026030777/0001628280-26-030777-index.htm,https://www.sec.gov/Archives/edgar/data/1633978/000162828026030777/lite-20260328.htm
Lumentum,LITE,1633978,Information Technology,10-Q,2025-02-06,2024-12-28,0001628280-25-004288,0001628280-25-004288:lite-20241228.htm,10-Q,https://www.sec.gov/Archives/edgar/data/1633978/000162828025004288/0001628280-25-004288-index.htm,https://www.sec.gov/Archives/edgar/data/1633978/000162828025004288/lite-20241228.htm
LyondellBasell,LYB,1489393,Materials,8-K,2025-01-31,2025-01-31,0001489393-25-000004,0001489393-25-000004:a2024q4exhibit991.htm,EX-99.1,https://www.sec.gov/Archives/edgar/data/1489393/000148939325000004/0001489393-25-000004-index.htm,https://www.sec.gov/Archives/edgar/data/1489393/000148939325000004/a2024q4exhibit991.htm
LyondellBasell,LYB,1489393,Materials,10-K,2025-02-27,2024-12-31,0001489393-25-000008,0001489393-25-000008:lyb-20241231.htm,10-K,https://www.sec.gov/Archives/edgar/data/1489393/000148939325000008/0001489393-25-000008-index.htm,https://www.sec.gov/Archives/edgar/data/1489393/000148939325000008/lyb-20241231.htm
M&T Bank,MTB,36270,Financials,8-K,2026-02-11,2026-02-11,0000036270-26-000007,0000036270-26-000007:mtb_1q26xinvestorpresent.htm,EX-99.1,https://www.sec.gov/Archives/edgar/data/36270/000003627026000007/0000036270-26-000007-index.htm,https://www.sec.gov/Archives/edgar/data/36270/000003627026000007/mtb_1q26xinvestorpresent.htm
M&T Bank,MTB,36270,Financials,8-K,2025-04-14,2025-04-14,0001628280-25-017604,0001628280-25-017604:a1q25earningspresentatio.htm,EX-99.2,https://www.sec.gov/Archives/edgar/data/36270/000162828025017604/0001628280-25-017604-index.htm,https://www.sec.gov/Archives/edgar/data/36270/000162828025017604/a1q25earningspresentatio.htm
M&T Bank,MTB,36270,Financials,8-K,2025-07-16,2025-07-16,0001628280-25-034994,0001628280-25-034994:earningspresentation_2q2.htm,EX-99.2,https://www.sec.gov/Archives/edgar/data/36270/000162828025034994/0001628280-25-034994-index.htm,https://www.sec.gov/Archives/edgar/data/36270/000162828025034994/earningspresentation_2q2.htm
M&T Bank,MTB,36270,Financials,8-K,2026-05-01,2026-05-01,0000036270-26-000030,0000036270-26-000030:mtb_2q26xinvestorpresent.htm,EX-99.1,https://www.sec.gov/Archives/edgar/data/36270/000003627026000030/0000036270-26-000030-index.htm,https://www.sec.gov/Archives/edgar/data/36270/000003627026000030/mtb_2q26xinvestorpresent.htm
M&T Bank,MTB,36270,Financials,8-K,2025-10-16,2025-10-16,0000036270-25-000018,0000036270-25-000018:earningspresentation_3q2.htm,EX-99.2,https://www.sec.gov/Archives/edgar/data/36270/000003627025000018/0000036270-25-000018-index.htm,https://www.sec.gov/Archives/edgar/data/36270/000003627025000018/earningspresentation_3q2.htm
M&T Bank,MTB,36270,Financials,8-K,2025-06-10,2025-06-10,0001628280-25-030472,0001628280-25-030472:mtb_2q25xinvestorpresent.htm,EX-99.1,https://www.sec.gov/Archives/edgar/data/36270/000162828025030472/0001628280-25-030472-index.htm,https://www.sec.gov/Archives/edgar/data/36270/000162828025030472/mtb_2q25xinvestorpresent.htm
M&T Bank,MTB,36270,Financials,8-K,2026-04-15,2026-04-15,0000036270-26-000025,0000036270-26-000025:earningspresentation_1q2.htm,EX-99.2,https://www.sec.gov/Archives/edgar/data/36270/000003627026000025/0000036270-26-000025-index.htm,https://www.sec.gov/Archives/edgar/data/36270/000003627026000025/earningspresentation_1q2.htm
M&T Bank,MTB,36270,Financials,8-K,2026-07-15,2026-07-15,0000036270-26-000046,0000036270-26-000046:a2q26earningspresentatio.htm,EX-99.2,https://www.sec.gov/Archives/edgar/data/36270/000003627026000046/0000036270-26-000046-index.htm,https://www.sec.gov/Archives/edgar/data/36270/000003627026000046/a2q26earningspresentatio.htm
M&T Bank,MTB,36270,Financials,8-K,2026-01-16,2026-01-16,0000036270-26-000004,0000036270-26-000004:earningspresentation_4q2.htm,EX-99.2,https://www.sec.gov/Archives/edgar/data/36270/000003627026000004/0000036270-26-000004-index.htm,https://www.sec.gov/Archives/edgar/data/36270/000003627026000004/earningspresentation_4q2.htm
M&T Bank,MTB,36270,Financials,8-K,2025-05-06,2025-05-06,0001628280-25-022659,0001628280-25-022659:mtb_2q25xinvestorpresent.htm,EX-99.1,https://www.sec.gov/Archives/edgar/data/36270/000162828025022659/0001628280-25-022659-index.htm,https://www.sec.gov/Archives/edgar/data/36270/000162828025022659/mtb_2q25xinvestorpresent.htm
M&T Bank,MTB,36270,Financials,8-K,2025-09-09,2025-09-09,0000036270-25-000015,0000036270-25-000015:mtb_3q25xinvestorpresent.htm,EX-99.1,https://www.sec.gov/Archives/edgar/data/36270/000003627025000015/0000036270-25-000015-index.htm,https://www.sec.gov/Archives/edgar/data/36270/000003627025000015/mtb_3q25xinvestorpresent.htm
M&T Bank,MTB,36270,Financials,8-K,2025-12-09,2025-12-09,0000036270-25-000028,0000036270-25-000028:mtb_dec25xinvestorpresen.htm,EX-99.1,https://www.sec.gov/Archives/edgar/data/36270/000003627025000028/0000036270-25-000028-index.htm,https://www.sec.gov/Archives/edgar/data/36270/000003627025000028/mtb_dec25xinvestorpresen.htm
M&T Bank,MTB,36270,Financials,8-K,2025-04-14,2025-04-14,0001628280-25-017604,0001628280-25-017604:ex991release1q25.htm,EX-99.1,https://www.sec.gov/Archives/edgar/data/36270/000162828025017604/0001628280-25-017604-index.htm,https://www.sec.gov/Archives/edgar/data/36270/000162828025017604/ex991release1q25.htm
M&T Bank,MTB,36270,Financials,8-K,2025-10-28,2025-10-28,0000036270-25-000026,0000036270-25-000026:mtb_4q25xinvestorpresent.htm,EX-99.1,https://www.sec.gov/Archives/edgar/data/36270/000003627025000026/0000036270-25-000026-index.htm,https://www.sec.gov/Archives/edgar/data/36270/000003627025000026/mtb_4q25xinvestorpresent.htm
M&T Bank,MTB,36270,Financials,8-K,2026-04-15,2026-04-15,0000036270-26-000025,0000036270-26-000025:ex991release1q26.htm,EX-99.1,https://www.sec.gov/Archives/edgar/data/36270/000003627026000025/0000036270-26-000025-index.htm,https://www.sec.gov/Archives/edgar/data/36270/000003627026000025/ex991release1q26.htm
M&T Bank,MTB,36270,Financials,8-K,2025-10-16,2025-10-16,0000036270-25-000018,0000036270-25-000018:ex991release3q25.htm,EX-99.1,https://www.sec.gov/Archives/edgar/data/36270/000003627025000018/0000036270-25-000018-index.htm,https://www.sec.gov/Archives/edgar/data/36270/000003627025000018/ex991release3q25.htm
M&T Bank,MTB,36270,Financials,8-K,2025-07-16,2025-07-16,0001628280-25-034994,0001628280-25-034994:ex991release2q25.htm,EX-99.1,https://www.sec.gov/Archives/edgar/data/36270/000162828025034994/0001628280-25-034994-index.htm,https://www.sec.gov/Archives/edgar/data/36270/000162828025034994/ex991release2q25.htm
M&T Bank,MTB,36270,Financials,8-K,2026-01-16,2026-01-16,0000036270-26-000004,0000036270-26-000004:ex991release4q25.htm,EX-99.1,https://www.sec.gov/Archives/edgar/data/36270/000003627026000004/0000036270-26-000004-index.htm,https://www.sec.gov/Archives/edgar/data/36270/000003627026000004/ex991release4q25.htm
M&T Bank,MTB,36270,Financials,8-K,2026-07-15,2026-07-15,0000036270-26-000046,0000036270-26-000046:ex991release2q26.htm,EX-99.1,https://www.sec.gov/Archives/edgar/data/36270/000003627026000046/0000036270-26-000046-index.htm,https://www.sec.gov/Archives/edgar/data/36270/000003627026000046/ex991release2q26.htm
M&T Bank,MTB,36270,Financials,10-Q,2025-05-05,2025-03-31,0001628280-25-022036,0001628280-25-022036:mtb-20250331.htm,10-Q,https://www.sec.gov/Archives/edgar/data/36270/000162828025022036/0001628280-25-022036-index.htm,https://www.sec.gov/Archives/edgar/data/36270/000162828025022036/mtb-20250331.htm
M&T Bank,MTB,36270,Financials,10-Q,2026-05-05,2026-03-31,0000036270-26-000034,0000036270-26-000034:mtb-20260331.htm,10-Q,https://www.sec.gov/Archives/edgar/data/36270/000003627026000034/0000036270-26-000034-index.htm,https://www.sec.gov/Archives/edgar/data/36270/000003627026000034/mtb-20260331.htm
M&T Bank,MTB,36270,Financials,10-Q,2025-10-27,2025-09-30,0000036270-25-000024,0000036270-25-000024:mtb-20250930.htm,10-Q,https://www.sec.gov/Archives/edgar/data/36270/000003627025000024/0000036270-25-000024-index.htm,https://www.sec.gov/Archives/edgar/data/36270/000003627025000024/mtb-20250930.htm
M&T Bank,MTB,36270,Financials,10-Q,2025-08-04,2025-06-30,0000036270-25-000011,0000036270-25-000011:mtb-20250630.htm,10-Q,https://www.sec.gov/Archives/edgar/data/36270/000003627025000011/0000036270-25-000011-index.htm,https://www.sec.gov/Archives/edgar/data/36270/000003627025000011/mtb-20250630.htm
M&T Bank,MTB,36270,Financials,10-K,2026-02-18,2025-12-31,0000036270-26-000010,0000036270-26-000010:mtb-20251231.htm,10-K,https://www.sec.gov/Archives/edgar/data/36270/000003627026000010/0000036270-26-000010-index.htm,https://www.sec.gov/Archives/edgar/data/36270/000003627026000010/mtb-20251231.htm
Marathon Petroleum,MPC,1510295,Energy,10-K,2025-02-27,2024-12-31,0001510295-25-000012,0001510295-25-000012:mpc-20241231.htm,10-K,https://www.sec.gov/Archives/edgar/data/1510295/000151029525000012/0001510295-25-000012-index.htm,https://www.sec.gov/Archives/edgar/data/1510295/000151029525000012/mpc-20241231.htm
Marathon Petroleum,MPC,1510295,Energy,10-K,2026-02-26,2025-12-31,0001510295-26-000009,0001510295-26-000009:mpc-20251231.htm,10-K,https://www.sec.gov/Archives/edgar/data/1510295/000151029526000009/0001510295-26-000009-index.htm,https://www.sec.gov/Archives/edgar/data/1510295/000151029526000009/mpc-20251231.htm
Marathon Petroleum,MPC,1510295,Energy,10-Q,2025-05-06,2025-03-31,0001510295-25-000039,0001510295-25-000039:mpc-20250331.htm,10-Q,https://www.sec.gov/Archives/edgar/data/1510295/000151029525000039/0001510295-25-000039-index.htm,https://www.sec.gov/Archives/edgar/data/1510295/000151029525000039/mpc-20250331.htm
Marathon Petroleum,MPC,1510295,Energy,10-Q,2026-05-05,2026-03-31,0001510295-26-000042,0001510295-26-000042:mpc-20260331.htm,10-Q,https://www.sec.gov/Archives/edgar/data/1510295/000151029526000042/0001510295-26-000042-index.htm,https://www.sec.gov/Archives/edgar/data/1510295/000151029526000042/mpc-20260331.htm
Marathon Petroleum,MPC,1510295,Energy,10-Q,2025-08-05,2025-06-30,0001510295-25-000054,0001510295-25-000054:mpc-20250630.htm,10-Q,https://www.sec.gov/Archives/edgar/data/1510295/000151029525000054/0001510295-25-000054-index.htm,https://www.sec.gov/Archives/edgar/data/1510295/000151029525000054/mpc-20250630.htm
Marathon Petroleum,MPC,1510295,Energy,10-Q,2025-11-04,2025-09-30,0001510295-25-000064,0001510295-25-000064:mpc-20250930.htm,10-Q,https://www.sec.gov/Archives/edgar/data/1510295/000151029525000064/0001510295-25-000064-index.htm,https://www.sec.gov/Archives/edgar/data/1510295/000151029525000064/mpc-20250930.htm
Martin Marietta Materials,MLM,916076,Materials,8-K,2025-04-30,2025-04-30,0000950170-25-060549,0000950170-25-060549:mlm-ex99_1.htm,EX-99.1,https://www.sec.gov/Archives/edgar/data/916076/000095017025060549/0000950170-25-060549-index.htm,https://www.sec.gov/Archives/edgar/data/916076/000095017025060549/mlm-ex99_1.htm
Marvell Technology,MRVL,1835632,Information Technology,10-Q,2025-05-30,2025-05-03,0001835632-25-000117,0001835632-25-000117:mrvl-20250503.htm,10-Q,https://www.sec.gov/Archives/edgar/data/1835632/000183563225000117/0001835632-25-000117-index.htm,https://www.sec.gov/Archives/edgar/data/1835632/000183563225000117/mrvl-20250503.htm
Marvell Technology,MRVL,1835632,Information Technology,10-Q,2025-08-29,2025-08-02,0001835632-25-000189,0001835632-25-000189:mrvl-20250802.htm,10-Q,https://www.sec.gov/Archives/edgar/data/1835632/000183563225000189/0001835632-25-000189-index.htm,https://www.sec.gov/Archives/edgar/data/1835632/000183563225000189/mrvl-20250802.htm
Marvell Technology,MRVL,1835632,Information Technology,10-Q,2025-12-03,2025-11-01,0001835632-25-000197,0001835632-25-000197:mrvl-20251101.htm,10-Q,https://www.sec.gov/Archives/edgar/data/1835632/000183563225000197/0001835632-25-000197-index.htm,https://www.sec.gov/Archives/edgar/data/1835632/000183563225000197/mrvl-20251101.htm
Marvell Technology,MRVL,1835632,Information Technology,10-Q,2026-05-28,2026-05-02,0001835632-26-000019,0001835632-26-000019:mrvl-20260502.htm,10-Q,https://www.sec.gov/Archives/edgar/data/1835632/000183563226000019/0001835632-26-000019-index.htm,https://www.sec.gov/Archives/edgar/data/1835632/000183563226000019/mrvl-20260502.htm
Marvell Technology,MRVL,1835632,Information Technology,10-K,2026-03-11,2026-01-31,0001835632-26-000011,0001835632-26-000011:mrvl-20260131.htm,10-K,https://www.sec.gov/Archives/edgar/data/1835632/000183563226000011/0001835632-26-000011-index.htm,https://www.sec.gov/Archives/edgar/data/1835632/000183563226000011/mrvl-20260131.htm
Marvell Technology,MRVL,1835632,Information Technology,10-K,2025-03-12,2025-02-01,0001835632-25-000057,0001835632-25-000057:mrvl-20250201.htm,10-K,https://www.sec.gov/Archives/edgar/data/1835632/000183563225000057/0001835632-25-000057-index.htm,https://www.sec.gov/Archives/edgar/data/1835632/000183563225000057/mrvl-20250201.htm
Masco,MAS,62996,Industrials,10-Q,2025-10-29,2025-09-30,0000062996-25-000035,0000062996-25-000035:mas-20250930.htm,10-Q,https://www.sec.gov/Archives/edgar/data/62996/000006299625000035/0000062996-25-000035-index.htm,https://www.sec.gov/Archives/edgar/data/62996/000006299625000035/mas-20250930.htm
Masco,MAS,62996,Industrials,10-Q,2025-07-31,2025-06-30,0000062996-25-000029,0000062996-25-000029:mas-20250630.htm,10-Q,https://www.sec.gov/Archives/edgar/data/62996/000006299625000029/0000062996-25-000029-index.htm,https://www.sec.gov/Archives/edgar/data/62996/000006299625000029/mas-20250630.htm
Masco,MAS,62996,Industrials,8-K,2025-04-23,2025-04-23,0000062996-25-000009,0000062996-25-000009:a331258-kex99.htm,EX-99,https://www.sec.gov/Archives/edgar/data/62996/000006299625000009/0000062996-25-000009-index.htm,https://www.sec.gov/Archives/edgar/data/62996/000006299625000009/a331258-kex99.htm
Masco,MAS,62996,Industrials,10-Q,2026-04-22,2026-03-31,0000062996-26-000014,0000062996-26-000014:mas-20260331.htm,10-Q,https://www.sec.gov/Archives/edgar/data/62996/000006299626000014/0000062996-26-000014-index.htm,https://www.sec.gov/Archives/edgar/data/62996/000006299626000014/mas-20260331.htm
Masco,MAS,62996,Industrials,10-K,2026-02-10,2025-12-31,0000062996-26-000005,0000062996-26-000005:mas-20251231.htm,10-K,https://www.sec.gov/Archives/edgar/data/62996/000006299626000005/0000062996-26-000005-index.htm,https://www.sec.gov/Archives/edgar/data/62996/000006299626000005/mas-20251231.htm
McCormick & Company,MKC,63754,Consumer Staples,8-K,2026-06-25,2026-06-25,0000063754-26-000270,0000063754-26-000270:mkcreportsstrongsecondqu.htm,EX-99.1,https://www.sec.gov/Archives/edgar/data/63754/000006375426000270/0000063754-26-000270-index.htm,https://www.sec.gov/Archives/edgar/data/63754/000006375426000270/mkcreportsstrongsecondqu.htm
McCormick & Company,MKC,63754,Consumer Staples,8-K,2025-06-26,2025-06-26,0000063754-25-000038,0000063754-25-000038:mkcreportsstrongsecondqu.htm,EX-99.1,https://www.sec.gov/Archives/edgar/data/63754/000006375425000038/0000063754-25-000038-index.htm,https://www.sec.gov/Archives/edgar/data/63754/000006375425000038/mkcreportsstrongsecondqu.htm
McCormick & Company,MKC,63754,Consumer Staples,10-Q,2026-06-25,2026-05-31,0000063754-26-000274,0000063754-26-000274:mkc-20260531.htm,10-Q,https://www.sec.gov/Archives/edgar/data/63754/000006375426000274/0000063754-26-000274-index.htm,https://www.sec.gov/Archives/edgar/data/63754/000006375426000274/mkc-20260531.htm
McCormick & Company,MKC,63754,Consumer Staples,10-Q,2025-06-26,2025-05-31,0000063754-25-000041,0000063754-25-000041:mkc-20250531.htm,10-Q,https://www.sec.gov/Archives/edgar/data/63754/000006375425000041/0000063754-25-000041-index.htm,https://www.sec.gov/Archives/edgar/data/63754/000006375425000041/mkc-20250531.htm
McCormick & Company,MKC,63754,Consumer Staples,8-K,2025-03-25,2025-03-25,0000063754-25-000021,0000063754-25-000021:mkcreportssolidfirstquar.htm,EX-99.1,https://www.sec.gov/Archives/edgar/data/63754/000006375425000021/0000063754-25-000021-index.htm,https://www.sec.gov/Archives/edgar/data/63754/000006375425000021/mkcreportssolidfirstquar.htm
McCormick & Company,MKC,63754,Consumer Staples,8-K,2026-01-22,2026-01-22,0000063754-26-000035,0000063754-26-000035:mccormickreportsstrong20.htm,EX-99.1,https://www.sec.gov/Archives/edgar/data/63754/000006375426000035/0000063754-26-000035-index.htm,https://www.sec.gov/Archives/edgar/data/63754/000006375426000035/mccormickreportsstrong20.htm
McCormick & Company,MKC,63754,Consumer Staples,10-Q,2025-03-25,2025-02-28,0000063754-25-000024,0000063754-25-000024:mkc-20250228.htm,10-Q,https://www.sec.gov/Archives/edgar/data/63754/000006375425000024/0000063754-25-000024-index.htm,https://www.sec.gov/Archives/edgar/data/63754/000006375425000024/mkc-20250228.htm
McCormick & Company,MKC,63754,Consumer Staples,10-Q,2025-10-07,2025-08-31,0000063754-25-000065,0000063754-25-000065:mkc-20250831.htm,10-Q,https://www.sec.gov/Archives/edgar/data/63754/000006375425000065/0000063754-25-000065-index.htm,https://www.sec.gov/Archives/edgar/data/63754/000006375425000065/mkc-20250831.htm
Medtronic,MDT,1613103,Health Care,8-K,2025-08-19,2025-08-18,0001613103-25-000141,0001613103-25-000141:exhibit991-fy26q1earningsr.htm,EX-99.1,https://www.sec.gov/Archives/edgar/data/1613103/000161310325000141/0001613103-25-000141-index.htm,https://www.sec.gov/Archives/edgar/data/1613103/000161310325000141/exhibit991-fy26q1earningsr.htm
Medtronic,MDT,1613103,Health Care,10-Q,2026-02-24,2026-01-23,0001628280-26-011107,0001628280-26-011107:mdt-20260123.htm,10-Q,https://www.sec.gov/Archives/edgar/data/1613103/000162828026011107/0001628280-26-011107-index.htm,https://www.sec.gov/Archives/edgar/data/1613103/000162828026011107/mdt-20260123.htm
Medtronic,MDT,1613103,Health Care,10-Q,2025-08-26,2025-07-25,0001613103-25-000161,0001613103-25-000161:mdt-20250725.htm,10-Q,https://www.sec.gov/Archives/edgar/data/1613103/000161310325000161/0001613103-25-000161-index.htm,https://www.sec.gov/Archives/edgar/data/1613103/000161310325000161/mdt-20250725.htm
Medtronic,MDT,1613103,Health Care,10-K,2026-06-18,2026-04-24,0001628280-26-044354,0001628280-26-044354:mdt-20260424.htm,10-K,https://www.sec.gov/Archives/edgar/data/1613103/000162828026044354/0001628280-26-044354-index.htm,https://www.sec.gov/Archives/edgar/data/1613103/000162828026044354/mdt-20260424.htm
Medtronic,MDT,1613103,Health Care,10-Q,2025-11-25,2025-10-24,0001628280-25-053988,0001628280-25-053988:mdt-20251024.htm,10-Q,https://www.sec.gov/Archives/edgar/data/1613103/000162828025053988/0001628280-25-053988-index.htm,https://www.sec.gov/Archives/edgar/data/1613103/000162828025053988/mdt-20251024.htm
Medtronic,MDT,1613103,Health Care,10-K,2025-06-20,2025-04-25,0001613103-25-000091,0001613103-25-000091:mdt-20250425.htm,10-K,https://www.sec.gov/Archives/edgar/data/1613103/000161310325000091/0001613103-25-000091-index.htm,https://www.sec.gov/Archives/edgar/data/1613103/000161310325000091/mdt-20250425.htm
MetLife,MET,1099219,Financials,8-K,2025-04-30,2025-04-30,0001193125-25-107504,0001193125-25-107504:d948412dex991.htm,EX-99.1,https://www.sec.gov/Archives/edgar/data/1099219/000119312525107504/0001193125-25-107504-index.htm,https://www.sec.gov/Archives/edgar/data/1099219/000119312525107504/d948412dex991.htm
MetLife,MET,1099219,Financials,8-K,2025-04-30,2025-04-30,0001099219-25-000133,0001099219-25-000133:ex991earningsreleasetables.htm,EX-99.1,https://www.sec.gov/Archives/edgar/data/1099219/000109921925000133/0001099219-25-000133-index.htm,https://www.sec.gov/Archives/edgar/data/1099219/000109921925000133/ex991earningsreleasetables.htm
MetLife,MET,1099219,Financials,8-K,2025-08-06,2025-08-06,0001099219-25-000191,0001099219-25-000191:ex991earningsreleasetables.htm,EX-99.1,https://www.sec.gov/Archives/edgar/data/1099219/000109921925000191/0001099219-25-000191-index.htm,https://www.sec.gov/Archives/edgar/data/1099219/000109921925000191/ex991earningsreleasetables.htm
MetLife,MET,1099219,Financials,8-K,2026-05-06,2026-05-06,0001099219-26-000032,0001099219-26-000032:ex991earningsreleasetables.htm,EX-99.1,https://www.sec.gov/Archives/edgar/data/1099219/000109921926000032/0001099219-26-000032-index.htm,https://www.sec.gov/Archives/edgar/data/1099219/000109921926000032/ex991earningsreleasetables.htm
MetLife,MET,1099219,Financials,8-K,2025-11-05,2025-11-05,0001099219-25-000227,0001099219-25-000227:ex991earningsreleasetables.htm,EX-99.1,https://www.sec.gov/Archives/edgar/data/1099219/000109921925000227/0001099219-25-000227-index.htm,https://www.sec.gov/Archives/edgar/data/1099219/000109921925000227/ex991earningsreleasetables.htm
MetLife,MET,1099219,Financials,8-K,2026-02-04,2026-02-04,0001099219-26-000008,0001099219-26-000008:ex991earningsreleasetables.htm,EX-99.1,https://www.sec.gov/Archives/edgar/data/1099219/000109921926000008/0001099219-26-000008-index.htm,https://www.sec.gov/Archives/edgar/data/1099219/000109921926000008/ex991earningsreleasetables.htm
MetLife,MET,1099219,Financials,10-Q,2026-05-07,2026-03-31,0001099219-26-000035,0001099219-26-000035:met-20260331.htm,10-Q,https://www.sec.gov/Archives/edgar/data/1099219/000109921926000035/0001099219-26-000035-index.htm,https://www.sec.gov/Archives/edgar/data/1099219/000109921926000035/met-20260331.htm
MetLife,MET,1099219,Financials,10-Q,2025-05-01,2025-03-31,0001099219-25-000135,0001099219-25-000135:met-20250331.htm,10-Q,https://www.sec.gov/Archives/edgar/data/1099219/000109921925000135/0001099219-25-000135-index.htm,https://www.sec.gov/Archives/edgar/data/1099219/000109921925000135/met-20250331.htm
MetLife,MET,1099219,Financials,10-Q,2025-08-07,2025-06-30,0001099219-25-000193,0001099219-25-000193:met-20250630.htm,10-Q,https://www.sec.gov/Archives/edgar/data/1099219/000109921925000193/0001099219-25-000193-index.htm,https://www.sec.gov/Archives/edgar/data/1099219/000109921925000193/met-20250630.htm
MetLife,MET,1099219,Financials,10-Q,2025-11-07,2025-09-30,0001099219-25-000230,0001099219-25-000230:met-20250930.htm,10-Q,https://www.sec.gov/Archives/edgar/data/1099219/000109921925000230/0001099219-25-000230-index.htm,https://www.sec.gov/Archives/edgar/data/1099219/000109921925000230/met-20250930.htm
MetLife,MET,1099219,Financials,10-K,2025-02-21,2024-12-31,0001099219-25-000044,0001099219-25-000044:met-20241231.htm,10-K,https://www.sec.gov/Archives/edgar/data/1099219/000109921925000044/0001099219-25-000044-index.htm,https://www.sec.gov/Archives/edgar/data/1099219/000109921925000044/met-20241231.htm
MetLife,MET,1099219,Financials,10-K,2026-02-19,2025-12-31,0001099219-26-000013,0001099219-26-000013:met-20251231.htm,10-K,https://www.sec.gov/Archives/edgar/data/1099219/000109921926000013/0001099219-26-000013-index.htm,https://www.sec.gov/Archives/edgar/data/1099219/000109921926000013/met-20251231.htm
Mettler Toledo,MTD,1037646,Health Care,8-K,2025-08-01,2025-07-31,0001037646-25-000037,0001037646-25-000037:ex-991mtd8xkq22025.htm,EX-99.1,https://www.sec.gov/Archives/edgar/data/1037646/000103764625000037/0001037646-25-000037-index.htm,https://www.sec.gov/Archives/edgar/data/1037646/000103764625000037/ex-991mtd8xkq22025.htm
Mettler Toledo,MTD,1037646,Health Care,8-K,2025-05-01,2025-05-01,0001037646-25-000019,0001037646-25-000019:ex-991mtd8xkq12025.htm,EX-99.1,https://www.sec.gov/Archives/edgar/data/1037646/000103764625000019/0001037646-25-000019-index.htm,https://www.sec.gov/Archives/edgar/data/1037646/000103764625000019/ex-991mtd8xkq12025.htm
Mettler Toledo,MTD,1037646,Health Care,10-Q,2026-05-08,2026-03-31,0001037646-26-000021,0001037646-26-000021:mtd-20260331.htm,10-Q,https://www.sec.gov/Archives/edgar/data/1037646/000103764626000021/0001037646-26-000021-index.htm,https://www.sec.gov/Archives/edgar/data/1037646/000103764626000021/mtd-20260331.htm
Mettler Toledo,MTD,1037646,Health Care,10-Q,2025-08-01,2025-06-30,0001037646-25-000040,0001037646-25-000040:mtd-20250630.htm,10-Q,https://www.sec.gov/Archives/edgar/data/1037646/000103764625000040/0001037646-25-000040-index.htm,https://www.sec.gov/Archives/edgar/data/1037646/000103764625000040/mtd-20250630.htm
Mettler Toledo,MTD,1037646,Health Care,8-K,2025-11-06,2025-11-06,0001037646-25-000056,0001037646-25-000056:ex-991mtd8xkq32025.htm,EX-99.1,https://www.sec.gov/Archives/edgar/data/1037646/000103764625000056/0001037646-25-000056-index.htm,https://www.sec.gov/Archives/edgar/data/1037646/000103764625000056/ex-991mtd8xkq32025.htm
Mettler Toledo,MTD,1037646,Health Care,10-Q,2025-11-07,2025-09-30,0001037646-25-000058,0001037646-25-000058:mtd-20250930.htm,10-Q,https://www.sec.gov/Archives/edgar/data/1037646/000103764625000058/0001037646-25-000058-index.htm,https://www.sec.gov/Archives/edgar/data/1037646/000103764625000058/mtd-20250930.htm
Mettler Toledo,MTD,1037646,Health Care,10-Q,2025-05-02,2025-03-31,0001037646-25-000021,0001037646-25-000021:mtd-20250331.htm,10-Q,https://www.sec.gov/Archives/edgar/data/1037646/000103764625000021/0001037646-25-000021-index.htm,https://www.sec.gov/Archives/edgar/data/1037646/000103764625000021/mtd-20250331.htm
Mettler Toledo,MTD,1037646,Health Care,10-K,2026-02-06,2025-12-31,0001037646-26-000011,0001037646-26-000011:mtd-20251231.htm,10-K,https://www.sec.gov/Archives/edgar/data/1037646/000103764626000011/0001037646-26-000011-index.htm,https://www.sec.gov/Archives/edgar/data/1037646/000103764626000011/mtd-20251231.htm
Mettler Toledo,MTD,1037646,Health Care,10-K,2025-02-07,2024-12-31,0001037646-25-000012,0001037646-25-000012:mtd-20241231.htm,10-K,https://www.sec.gov/Archives/edgar/data/1037646/000103764625000012/0001037646-25-000012-index.htm,https://www.sec.gov/Archives/edgar/data/1037646/000103764625000012/mtd-20241231.htm
Microchip Technology,MCHP,827054,Information Technology,10-Q,2025-08-07,2025-06-30,0000827054-25-000133,0000827054-25-000133:mchp-20250630.htm,10-Q,https://www.sec.gov/Archives/edgar/data/827054/000082705425000133/0000827054-25-000133-index.htm,https://www.sec.gov/Archives/edgar/data/827054/000082705425000133/mchp-20250630.htm
Microchip Technology,MCHP,827054,Information Technology,10-Q,2026-02-05,2025-12-31,0000827054-26-000009,0000827054-26-000009:mchp-20251231.htm,10-Q,https://www.sec.gov/Archives/edgar/data/827054/000082705426000009/0000827054-26-000009-index.htm,https://www.sec.gov/Archives/edgar/data/827054/000082705426000009/mchp-20251231.htm
Microchip Technology,MCHP,827054,Information Technology,10-Q,2025-11-06,2025-09-30,0000827054-25-000183,0000827054-25-000183:mchp-20250930.htm,10-Q,https://www.sec.gov/Archives/edgar/data/827054/000082705425000183/0000827054-25-000183-index.htm,https://www.sec.gov/Archives/edgar/data/827054/000082705425000183/mchp-20250930.htm
Microchip Technology,MCHP,827054,Information Technology,10-K,2026-05-21,2026-03-31,0000827054-26-000016,0000827054-26-000016:mchp-20260331.htm,10-K,https://www.sec.gov/Archives/edgar/data/827054/000082705426000016/0000827054-26-000016-index.htm,https://www.sec.gov/Archives/edgar/data/827054/000082705426000016/mchp-20260331.htm
Microchip Technology,MCHP,827054,Information Technology,10-K,2025-05-23,2025-03-31,0000827054-25-000077,0000827054-25-000077:mchp-20250331.htm,10-K,https://www.sec.gov/Archives/edgar/data/827054/000082705425000077/0000827054-25-000077-index.htm,https://www.sec.gov/Archives/edgar/data/827054/000082705425000077/mchp-20250331.htm
Microchip Technology,MCHP,827054,Information Technology,10-Q,2025-02-06,2024-12-31,0000827054-25-000019,0000827054-25-000019:mchp-20241231.htm,10-Q,https://www.sec.gov/Archives/edgar/data/827054/000082705425000019/0000827054-25-000019-index.htm,https://www.sec.gov/Archives/edgar/data/827054/000082705425000019/mchp-20241231.htm
Microsoft,MSFT,789019,Information Technology,10-Q,2025-10-29,2025-09-30,0001193125-25-256321,0001193125-25-256321:msft-20250930.htm,10-Q,https://www.sec.gov/Archives/edgar/data/789019/000119312525256321/0001193125-25-256321-index.htm,https://www.sec.gov/Archives/edgar/data/789019/000119312525256321/msft-20250930.htm
Microsoft,MSFT,789019,Information Technology,10-Q,2026-01-28,2025-12-31,0001193125-26-027207,0001193125-26-027207:msft-20251231.htm,10-Q,https://www.sec.gov/Archives/edgar/data/789019/000119312526027207/0001193125-26-027207-index.htm,https://www.sec.gov/Archives/edgar/data/789019/000119312526027207/msft-20251231.htm
Microsoft,MSFT,789019,Information Technology,10-Q,2026-04-29,2026-03-31,0001193125-26-191507,0001193125-26-191507:msft-20260331.htm,10-Q,https://www.sec.gov/Archives/edgar/data/789019/000119312526191507/0001193125-26-191507-index.htm,https://www.sec.gov/Archives/edgar/data/789019/000119312526191507/msft-20260331.htm
Microsoft,MSFT,789019,Information Technology,10-Q,2025-04-30,2025-03-31,0000950170-25-061046,0000950170-25-061046:msft-20250331.htm,10-Q,https://www.sec.gov/Archives/edgar/data/789019/000095017025061046/0000950170-25-061046-index.htm,https://www.sec.gov/Archives/edgar/data/789019/000095017025061046/msft-20250331.htm
Microsoft,MSFT,789019,Information Technology,10-K,2025-07-30,2025-06-30,0000950170-25-100235,0000950170-25-100235:msft-20250630.htm,10-K,https://www.sec.gov/Archives/edgar/data/789019/000095017025100235/0000950170-25-100235-index.htm,https://www.sec.gov/Archives/edgar/data/789019/000095017025100235/msft-20250630.htm
Moderna,MRNA,1682852,Health Care,8-K,2025-11-24,2025-11-19,0001628280-25-053816,0001628280-25-053816:moderna-creditandguarantya.htm,EX-10,https://www.sec.gov/Archives/edgar/data/1682852/000162828025053816/0001628280-25-053816-index.htm,https://www.sec.gov/Archives/edgar/data/1682852/000162828025053816/moderna-creditandguarantya.htm
Molson Coors Beverage Company,TAP,24545,Consumer Staples,8-K,2025-08-05,2025-08-05,0000024545-25-000019,0000024545-25-000019:tapex99120250630earningsre.htm,EX-99.1,https://www.sec.gov/Archives/edgar/data/24545/000002454525000019/0000024545-25-000019-index.htm,https://www.sec.gov/Archives/edgar/data/24545/000002454525000019/tapex99120250630earningsre.htm
Molson Coors Beverage Company,TAP,24545,Consumer Staples,10-Q,2025-08-05,2025-06-30,0000024545-25-000021,0000024545-25-000021:tap-20250630.htm,10-Q,https://www.sec.gov/Archives/edgar/data/24545/000002454525000021/0000024545-25-000021-index.htm,https://www.sec.gov/Archives/edgar/data/24545/000002454525000021/tap-20250630.htm
Molson Coors Beverage Company,TAP,24545,Consumer Staples,10-Q,2025-11-04,2025-09-30,0000024545-25-000039,0000024545-25-000039:tap-20250930.htm,10-Q,https://www.sec.gov/Archives/edgar/data/24545/000002454525000039/0000024545-25-000039-index.htm,https://www.sec.gov/Archives/edgar/data/24545/000002454525000039/tap-20250930.htm
Molson Coors Beverage Company,TAP,24545,Consumer Staples,10-K,2026-02-18,2025-12-31,0000024545-26-000006,0000024545-26-000006:tap-20251231.htm,10-K,https://www.sec.gov/Archives/edgar/data/24545/000002454526000006/0000024545-26-000006-index.htm,https://www.sec.gov/Archives/edgar/data/24545/000002454526000006/tap-20251231.htm
Molson Coors Beverage Company,TAP,24545,Consumer Staples,10-K,2025-02-18,2024-12-31,0000024545-25-000007,0000024545-25-000007:tap-20241231.htm,10-K,https://www.sec.gov/Archives/edgar/data/24545/000002454525000007/0000024545-25-000007-index.htm,https://www.sec.gov/Archives/edgar/data/24545/000002454525000007/tap-20241231.htm
Mondelez International,MDLZ,1103982,Consumer Staples,8-K,2026-04-28,2026-04-28,0001628280-26-027915,0001628280-26-027915:mdlzearningsreleasecontent.htm,EX-99.1,https://www.sec.gov/Archives/edgar/data/1103982/000162828026027915/0001628280-26-027915-index.htm,https://www.sec.gov/Archives/edgar/data/1103982/000162828026027915/mdlzearningsreleasecontent.htm
Mondelez International,MDLZ,1103982,Consumer Staples,8-K,2025-04-29,2025-04-29,0001103982-25-000126,0001103982-25-000126:mdlzearningsreleasecontent.htm,EX-99.1,https://www.sec.gov/Archives/edgar/data/1103982/000110398225000126/0001103982-25-000126-index.htm,https://www.sec.gov/Archives/edgar/data/1103982/000110398225000126/mdlzearningsreleasecontent.htm
Mondelez International,MDLZ,1103982,Consumer Staples,8-K,2025-07-29,2025-07-29,0001103982-25-000187,0001103982-25-000187:mdlzearningsreleasecontent.htm,EX-99.1,https://www.sec.gov/Archives/edgar/data/1103982/000110398225000187/0001103982-25-000187-index.htm,https://www.sec.gov/Archives/edgar/data/1103982/000110398225000187/mdlzearningsreleasecontent.htm
Mondelez International,MDLZ,1103982,Consumer Staples,8-K,2026-02-03,2026-02-03,0001628280-26-005016,0001628280-26-005016:mdlzearningsreleasecontent.htm,EX-99.1,https://www.sec.gov/Archives/edgar/data/1103982/000162828026005016/0001628280-26-005016-index.htm,https://www.sec.gov/Archives/edgar/data/1103982/000162828026005016/mdlzearningsreleasecontent.htm
Mondelez International,MDLZ,1103982,Consumer Staples,8-K,2025-10-28,2025-10-28,0001628280-25-046750,0001628280-25-046750:mdlzearningsreleasecontent.htm,EX-99.1,https://www.sec.gov/Archives/edgar/data/1103982/000162828025046750/0001628280-25-046750-index.htm,https://www.sec.gov/Archives/edgar/data/1103982/000162828025046750/mdlzearningsreleasecontent.htm
Mondelez International,MDLZ,1103982,Consumer Staples,10-Q,2026-04-28,2026-03-31,0001628280-26-027937,0001628280-26-027937:mdlz-20260331.htm,10-Q,https://www.sec.gov/Archives/edgar/data/1103982/000162828026027937/0001628280-26-027937-index.htm,https://www.sec.gov/Archives/edgar/data/1103982/000162828026027937/mdlz-20260331.htm
Mondelez International,MDLZ,1103982,Consumer Staples,8-K,2025-02-04,2025-02-04,0001103982-25-000024,0001103982-25-000024:mdlzearningsreleasecontent.htm,EX-99.1,https://www.sec.gov/Archives/edgar/data/1103982/000110398225000024/0001103982-25-000024-index.htm,https://www.sec.gov/Archives/edgar/data/1103982/000110398225000024/mdlzearningsreleasecontent.htm
Mondelez International,MDLZ,1103982,Consumer Staples,10-Q,2025-04-29,2025-03-31,0001103982-25-000127,0001103982-25-000127:mdlz-20250331.htm,10-Q,https://www.sec.gov/Archives/edgar/data/1103982/000110398225000127/0001103982-25-000127-index.htm,https://www.sec.gov/Archives/edgar/data/1103982/000110398225000127/mdlz-20250331.htm
Mondelez International,MDLZ,1103982,Consumer Staples,10-K,2026-02-04,2025-12-31,0001628280-26-005345,0001628280-26-005345:mdlz-20251231.htm,10-K,https://www.sec.gov/Archives/edgar/data/1103982/000162828026005345/0001628280-26-005345-index.htm,https://www.sec.gov/Archives/edgar/data/1103982/000162828026005345/mdlz-20251231.htm
Mondelez International,MDLZ,1103982,Consumer Staples,10-Q,2025-07-29,2025-06-30,0001103982-25-000188,0001103982-25-000188:mdlz-20250630.htm,10-Q,https://www.sec.gov/Archives/edgar/data/1103982/000110398225000188/0001103982-25-000188-index.htm,https://www.sec.gov/Archives/edgar/data/1103982/000110398225000188/mdlz-20250630.htm
Mondelez International,MDLZ,1103982,Consumer Staples,10-Q,2025-10-28,2025-09-30,0001628280-25-046773,0001628280-25-046773:mdlz-20250930.htm,10-Q,https://www.sec.gov/Archives/edgar/data/1103982/000162828025046773/0001628280-25-046773-index.htm,https://www.sec.gov/Archives/edgar/data/1103982/000162828025046773/mdlz-20250930.htm
Mondelez International,MDLZ,1103982,Consumer Staples,10-K,2025-02-05,2024-12-31,0001103982-25-000030,0001103982-25-000030:mdlz-20241231.htm,10-K,https://www.sec.gov/Archives/edgar/data/1103982/000110398225000030/0001103982-25-000030-index.htm,https://www.sec.gov/Archives/edgar/data/1103982/000110398225000030/mdlz-20241231.htm
Monolithic Power Systems,MPWR,1280452,Information Technology,10-Q,2026-05-04,2026-03-31,0001437749-26-014647,0001437749-26-014647:mpwr20260331_10q.htm,10-Q,https://www.sec.gov/Archives/edgar/data/1280452/000143774926014647/0001437749-26-014647-index.htm,https://www.sec.gov/Archives/edgar/data/1280452/000143774926014647/mpwr20260331_10q.htm
Monolithic Power Systems,MPWR,1280452,Information Technology,10-K,2026-02-27,2025-12-31,0001437749-26-006113,0001437749-26-006113:mpwr20251231_10k.htm,10-K,https://www.sec.gov/Archives/edgar/data/1280452/000143774926006113/0001437749-26-006113-index.htm,https://www.sec.gov/Archives/edgar/data/1280452/000143774926006113/mpwr20251231_10k.htm
Monolithic Power Systems,MPWR,1280452,Information Technology,10-K,2025-03-03,2024-12-31,0001437749-25-005903,0001437749-25-005903:mpwr20241231_10k.htm,10-K,https://www.sec.gov/Archives/edgar/data/1280452/000143774925005903/0001437749-25-005903-index.htm,https://www.sec.gov/Archives/edgar/data/1280452/000143774925005903/mpwr20241231_10k.htm
Monster Beverage,MNST,865752,Consumer Staples,10-K,2026-02-27,2025-12-31,0001104659-26-020831,0001104659-26-020831:mnst-20251231x10k.htm,10-K,https://www.sec.gov/Archives/edgar/data/865752/000110465926020831/0001104659-26-020831-index.htm,https://www.sec.gov/Archives/edgar/data/865752/000110465926020831/mnst-20251231x10k.htm
Moody's Corporation,MCO,1059556,Financials,8-K,2025-10-22,2025-10-22,0001628280-25-045770,0001628280-25-045770:a3q25earningsrelease.htm,EX-99.1,https://www.sec.gov/Archives/edgar/data/1059556/000162828025045770/0001628280-25-045770-index.htm,https://www.sec.gov/Archives/edgar/data/1059556/000162828025045770/a3q25earningsrelease.htm
Moody's Corporation,MCO,1059556,Financials,8-K,2025-04-22,2025-04-22,0001059556-25-000117,0001059556-25-000117:a1q25earningsrelease.htm,EX-99.1,https://www.sec.gov/Archives/edgar/data/1059556/000105955625000117/0001059556-25-000117-index.htm,https://www.sec.gov/Archives/edgar/data/1059556/000105955625000117/a1q25earningsrelease.htm
Moody's Corporation,MCO,1059556,Financials,8-K,2026-04-22,2026-04-22,0001628280-26-026383,0001628280-26-026383:a1q26earningsrelease.htm,EX-99.1,https://www.sec.gov/Archives/edgar/data/1059556/000162828026026383/0001628280-26-026383-index.htm,https://www.sec.gov/Archives/edgar/data/1059556/000162828026026383/a1q26earningsrelease.htm
Moody's Corporation,MCO,1059556,Financials,8-K,2025-07-23,2025-07-23,0001059556-25-000165,0001059556-25-000165:a2q25earningsrelease.htm,EX-99.1,https://www.sec.gov/Archives/edgar/data/1059556/000105955625000165/0001059556-25-000165-index.htm,https://www.sec.gov/Archives/edgar/data/1059556/000105955625000165/a2q25earningsrelease.htm
Moody's Corporation,MCO,1059556,Financials,8-K,2026-07-22,2026-07-22,0001628280-26-049104,0001628280-26-049104:a2q26earningsrelease.htm,EX-99.1,https://www.sec.gov/Archives/edgar/data/1059556/000162828026049104/0001628280-26-049104-index.htm,https://www.sec.gov/Archives/edgar/data/1059556/000162828026049104/a2q26earningsrelease.htm
Moody's Corporation,MCO,1059556,Financials,8-K,2026-02-18,2026-02-18,0001628280-26-008788,0001628280-26-008788:a4q25earningsrelease.htm,EX-99.1,https://www.sec.gov/Archives/edgar/data/1059556/000162828026008788/0001628280-26-008788-index.htm,https://www.sec.gov/Archives/edgar/data/1059556/000162828026008788/a4q25earningsrelease.htm
Mosaic Company (The),MOS,1285785,Materials,8-K,2025-05-06,2025-05-06,0001285785-25-000031,0001285785-25-000031:pressreleaseq12025-ex991.htm,EX-99.1,https://www.sec.gov/Archives/edgar/data/1285785/000128578525000031/0001285785-25-000031-index.htm,https://www.sec.gov/Archives/edgar/data/1285785/000128578525000031/pressreleaseq12025-ex991.htm
Mosaic Company (The),MOS,1285785,Materials,10-K,2025-03-03,2024-12-31,0001618034-25-000003,0001618034-25-000003:mos-20241231.htm,10-K,https://www.sec.gov/Archives/edgar/data/1285785/000161803425000003/0001618034-25-000003-index.htm,https://www.sec.gov/Archives/edgar/data/1285785/000161803425000003/mos-20241231.htm
Mosaic Company (The),MOS,1285785,Materials,10-K,2026-02-27,2025-12-31,0001285785-26-000017,0001285785-26-000017:mos-20251231.htm,10-K,https://www.sec.gov/Archives/edgar/data/1285785/000128578526000017/0001285785-26-000017-index.htm,https://www.sec.gov/Archives/edgar/data/1285785/000128578526000017/mos-20251231.htm
Motorola Solutions,MSI,68505,Information Technology,8-K,2025-08-07,2025-08-07,0000068505-25-000038,0000068505-25-000038:msiq22025pressrelease.htm,EX-99.1,https://www.sec.gov/Archives/edgar/data/68505/000006850525000038/0000068505-25-000038-index.htm,https://www.sec.gov/Archives/edgar/data/68505/000006850525000038/msiq22025pressrelease.htm
Motorola Solutions,MSI,68505,Information Technology,8-K,2025-10-30,2025-10-30,0000068505-25-000050,0000068505-25-000050:msiq32025pressrelease.htm,EX-99.1,https://www.sec.gov/Archives/edgar/data/68505/000006850525000050/0000068505-25-000050-index.htm,https://www.sec.gov/Archives/edgar/data/68505/000006850525000050/msiq32025pressrelease.htm
Motorola Solutions,MSI,68505,Information Technology,10-Q,2025-08-07,2025-06-28,0000068505-25-000040,0000068505-25-000040:msi-20250628.htm,10-Q,https://www.sec.gov/Archives/edgar/data/68505/000006850525000040/0000068505-25-000040-index.htm,https://www.sec.gov/Archives/edgar/data/68505/000006850525000040/msi-20250628.htm
Motorola Solutions,MSI,68505,Information Technology,10-Q,2025-10-30,2025-09-27,0000068505-25-000052,0000068505-25-000052:msi-20250927.htm,10-Q,https://www.sec.gov/Archives/edgar/data/68505/000006850525000052/0000068505-25-000052-index.htm,https://www.sec.gov/Archives/edgar/data/68505/000006850525000052/msi-20250927.htm
"Nasdaq, Inc.",NDAQ,1120193,Financials,10-Q,2025-10-23,2025-09-30,0001628280-25-046006,0001628280-25-046006:ndaq-20250930.htm,10-Q,https://www.sec.gov/Archives/edgar/data/1120193/000162828025046006/0001628280-25-046006-index.htm,https://www.sec.gov/Archives/edgar/data/1120193/000162828025046006/ndaq-20250930.htm
Newmont,NEM,1164727,Materials,10-Q,2025-04-24,2025-03-31,0001164727-25-000020,0001164727-25-000020:nem-20250331.htm,10-Q,https://www.sec.gov/Archives/edgar/data/1164727/000116472725000020/0001164727-25-000020-index.htm,https://www.sec.gov/Archives/edgar/data/1164727/000116472725000020/nem-20250331.htm
Newmont,NEM,1164727,Materials,10-Q,2025-07-24,2025-06-30,0001164727-25-000035,0001164727-25-000035:nem-20250630.htm,10-Q,https://www.sec.gov/Archives/edgar/data/1164727/000116472725000035/0001164727-25-000035-index.htm,https://www.sec.gov/Archives/edgar/data/1164727/000116472725000035/nem-20250630.htm
Newmont,NEM,1164727,Materials,10-Q,2025-10-23,2025-09-30,0001164727-25-000046,0001164727-25-000046:nem-20250930.htm,10-Q,https://www.sec.gov/Archives/edgar/data/1164727/000116472725000046/0001164727-25-000046-index.htm,https://www.sec.gov/Archives/edgar/data/1164727/000116472725000046/nem-20250930.htm
Newmont,NEM,1164727,Materials,10-Q,2026-04-23,2026-03-31,0001164727-26-000019,0001164727-26-000019:nem-20260331.htm,10-Q,https://www.sec.gov/Archives/edgar/data/1164727/000116472726000019/0001164727-26-000019-index.htm,https://www.sec.gov/Archives/edgar/data/1164727/000116472726000019/nem-20260331.htm
Newmont,NEM,1164727,Materials,10-K,2026-02-19,2025-12-31,0001164727-26-000010,0001164727-26-000010:nem-20251231.htm,10-K,https://www.sec.gov/Archives/edgar/data/1164727/000116472726000010/0001164727-26-000010-index.htm,https://www.sec.gov/Archives/edgar/data/1164727/000116472726000010/nem-20251231.htm
NextEra Energy,NEE,753308,Utilities,8-K,2025-08-20,2025-08-20,0000753308-25-000047,0000753308-25-000047:exhibit99tonee-fpl8xkdated.htm,EX-99,https://www.sec.gov/Archives/edgar/data/753308/000075330825000047/0000753308-25-000047-index.htm,https://www.sec.gov/Archives/edgar/data/753308/000075330825000047/exhibit99tonee-fpl8xkdated.htm
NextEra Energy,NEE,753308,Utilities,8-K,2026-07-24,2026-07-24,0000753308-26-000058,0000753308-26-000058:neeq22026exhibit99.htm,EX-99,https://www.sec.gov/Archives/edgar/data/753308/000075330826000058/0000753308-26-000058-index.htm,https://www.sec.gov/Archives/edgar/data/753308/000075330826000058/neeq22026exhibit99.htm
NextEra Energy,NEE,753308,Utilities,10-K,2026-02-13,2025-12-31,0000753308-26-000015,0000753308-26-000015:nee-20251231.htm,10-K,https://www.sec.gov/Archives/edgar/data/753308/000075330826000015/0000753308-26-000015-index.htm,https://www.sec.gov/Archives/edgar/data/753308/000075330826000015/nee-20251231.htm
NextEra Energy,NEE,753308,Utilities,10-Q,2025-04-23,2025-03-31,0000753308-25-000024,0000753308-25-000024:nee-20250331.htm,10-Q,https://www.sec.gov/Archives/edgar/data/753308/000075330825000024/0000753308-25-000024-index.htm,https://www.sec.gov/Archives/edgar/data/753308/000075330825000024/nee-20250331.htm
NextEra Energy,NEE,753308,Utilities,10-Q,2026-04-23,2026-03-31,0000753308-26-000031,0000753308-26-000031:nee-20260331.htm,10-Q,https://www.sec.gov/Archives/edgar/data/753308/000075330826000031/0000753308-26-000031-index.htm,https://www.sec.gov/Archives/edgar/data/753308/000075330826000031/nee-20260331.htm
NextEra Energy,NEE,753308,Utilities,10-Q,2025-07-23,2025-06-30,0000753308-25-000040,0000753308-25-000040:nee-20250630.htm,10-Q,https://www.sec.gov/Archives/edgar/data/753308/000075330825000040/0000753308-25-000040-index.htm,https://www.sec.gov/Archives/edgar/data/753308/000075330825000040/nee-20250630.htm
NextEra Energy,NEE,753308,Utilities,10-Q,2025-10-28,2025-09-30,0000753308-25-000056,0000753308-25-000056:nee-20250930.htm,10-Q,https://www.sec.gov/Archives/edgar/data/753308/000075330825000056/0000753308-25-000056-index.htm,https://www.sec.gov/Archives/edgar/data/753308/000075330825000056/nee-20250930.htm
NextEra Energy,NEE,753308,Utilities,10-Q,2026-07-24,2026-06-30,0000753308-26-000060,0000753308-26-000060:nee-20260630.htm,10-Q,https://www.sec.gov/Archives/edgar/data/753308/000075330826000060/0000753308-26-000060-index.htm,https://www.sec.gov/Archives/edgar/data/753308/000075330826000060/nee-20260630.htm
NextEra Energy,NEE,753308,Utilities,10-K,2025-02-14,2024-12-31,0000753308-25-000011,0000753308-25-000011:nee-20241231.htm,10-K,https://www.sec.gov/Archives/edgar/data/753308/000075330825000011/0000753308-25-000011-index.htm,https://www.sec.gov/Archives/edgar/data/753308/000075330825000011/nee-20241231.htm
"Nike, Inc.",NKE,320187,Consumer Discretionary,8-K,2026-06-23,2026-06-16,0000320187-26-000070,0000320187-26-000070:pressrelease062326.htm,EX-99.1,https://www.sec.gov/Archives/edgar/data/320187/000032018726000070/0000320187-26-000070-index.htm,https://www.sec.gov/Archives/edgar/data/320187/000032018726000070/pressrelease062326.htm
"Nike, Inc.",NKE,320187,Consumer Discretionary,8-K,2026-06-30,2026-06-30,0000320187-26-000076,0000320187-26-000076:q4fy26exhibit991er.htm,EX-99.1,https://www.sec.gov/Archives/edgar/data/320187/000032018726000076/0000320187-26-000076-index.htm,https://www.sec.gov/Archives/edgar/data/320187/000032018726000076/q4fy26exhibit991er.htm
"Nike, Inc.",NKE,320187,Consumer Discretionary,10-K,2026-07-15,2026-05-31,0000320187-26-000088,0000320187-26-000088:nke-20260531.htm,10-K,https://www.sec.gov/Archives/edgar/data/320187/000032018726000088/0000320187-26-000088-index.htm,https://www.sec.gov/Archives/edgar/data/320187/000032018726000088/nke-20260531.htm
"Nike, Inc.",NKE,320187,Consumer Discretionary,10-Q,2025-10-01,2025-08-31,0000320187-25-000097,0000320187-25-000097:nke-20250831.htm,10-Q,https://www.sec.gov/Archives/edgar/data/320187/000032018725000097/0000320187-25-000097-index.htm,https://www.sec.gov/Archives/edgar/data/320187/000032018725000097/nke-20250831.htm
"Nike, Inc.",NKE,320187,Consumer Discretionary,10-Q,2025-12-30,2025-11-30,0000320187-25-000151,0000320187-25-000151:nke-20251130.htm,10-Q,https://www.sec.gov/Archives/edgar/data/320187/000032018725000151/0000320187-25-000151-index.htm,https://www.sec.gov/Archives/edgar/data/320187/000032018725000151/nke-20251130.htm
"Nike, Inc.",NKE,320187,Consumer Discretionary,10-Q,2026-04-01,2026-02-28,0000320187-26-000037,0000320187-26-000037:nke-20260228.htm,10-Q,https://www.sec.gov/Archives/edgar/data/320187/000032018726000037/0000320187-26-000037-index.htm,https://www.sec.gov/Archives/edgar/data/320187/000032018726000037/nke-20260228.htm
"Nike, Inc.",NKE,320187,Consumer Discretionary,10-K,2025-07-17,2025-05-31,0000320187-25-000047,0000320187-25-000047:nke-20250531.htm,10-K,https://www.sec.gov/Archives/edgar/data/320187/000032018725000047/0000320187-25-000047-index.htm,https://www.sec.gov/Archives/edgar/data/320187/000032018725000047/nke-20250531.htm
NiSource,NI,1111711,Utilities,10-Q,2026-05-06,2026-03-31,0001111711-26-000045,0001111711-26-000045:nix-20260331.htm,10-Q,https://www.sec.gov/Archives/edgar/data/1111711/000111171126000045/0001111711-26-000045-index.htm,https://www.sec.gov/Archives/edgar/data/1111711/000111171126000045/nix-20260331.htm
NiSource,NI,1111711,Utilities,10-K,2026-02-11,2025-12-31,0001111711-26-000027,0001111711-26-000027:nix-20251231.htm,10-K,https://www.sec.gov/Archives/edgar/data/1111711/000111171126000027/0001111711-26-000027-index.htm,https://www.sec.gov/Archives/edgar/data/1111711/000111171126000027/nix-20251231.htm
NiSource,NI,1111711,Utilities,10-K,2025-02-12,2024-12-31,0001111711-25-000008,0001111711-25-000008:nix-20241231.htm,10-K,https://www.sec.gov/Archives/edgar/data/1111711/000111171125000008/0001111711-25-000008-index.htm,https://www.sec.gov/Archives/edgar/data/1111711/000111171125000008/nix-20241231.htm
NiSource,NI,1111711,Utilities,10-Q,2025-10-29,2025-09-30,0001111711-25-000055,0001111711-25-000055:ni-ex101x20250930.htm,EX-10.1,https://www.sec.gov/Archives/edgar/data/1111711/000111171125000055/0001111711-25-000055-index.htm,https://www.sec.gov/Archives/edgar/data/1111711/000111171125000055/ni-ex101x20250930.htm
NiSource,NI,1111711,Utilities,10-Q,2025-10-29,2025-09-30,0001111711-25-000055,0001111711-25-000055:ni-ex102x20250930.htm,EX-10.2,https://www.sec.gov/Archives/edgar/data/1111711/000111171125000055/0001111711-25-000055-index.htm,https://www.sec.gov/Archives/edgar/data/1111711/000111171125000055/ni-ex102x20250930.htm
NiSource,NI,1111711,Utilities,10-Q,2025-05-07,2025-03-31,0001111711-25-000020,0001111711-25-000020:nix-20250331.htm,10-Q,https://www.sec.gov/Archives/edgar/data/1111711/000111171125000020/0001111711-25-000020-index.htm,https://www.sec.gov/Archives/edgar/data/1111711/000111171125000020/nix-20250331.htm
NiSource,NI,1111711,Utilities,10-Q,2025-08-06,2025-06-30,0001111711-25-000036,0001111711-25-000036:nix-20250630.htm,10-Q,https://www.sec.gov/Archives/edgar/data/1111711/000111171125000036/0001111711-25-000036-index.htm,https://www.sec.gov/Archives/edgar/data/1111711/000111171125000036/nix-20250630.htm
NiSource,NI,1111711,Utilities,10-K,2026-02-11,2025-12-31,0001111711-26-000027,0001111711-26-000027:ni-ex1017x20251231.htm,EX-10.17,https://www.sec.gov/Archives/edgar/data/1111711/000111171126000027/0001111711-26-000027-index.htm,https://www.sec.gov/Archives/edgar/data/1111711/000111171126000027/ni-ex1017x20251231.htm
NiSource,NI,1111711,Utilities,10-Q,2025-10-29,2025-09-30,0001111711-25-000055,0001111711-25-000055:nix-20250930.htm,10-Q,https://www.sec.gov/Archives/edgar/data/1111711/000111171125000055/0001111711-25-000055-index.htm,https://www.sec.gov/Archives/edgar/data/1111711/000111171125000055/nix-20250930.htm
Nordson Corporation,NDSN,72331,Industrials,8-K,2025-12-10,2025-12-10,0000072331-25-000138,0000072331-25-000138:ndsn-20251213xex991.htm,EX-99.1,https://www.sec.gov/Archives/edgar/data/72331/000007233125000138/0000072331-25-000138-index.htm,https://www.sec.gov/Archives/edgar/data/72331/000007233125000138/ndsn-20251213xex991.htm
Nordson Corporation,NDSN,72331,Industrials,10-Q,2025-05-29,2025-04-30,0000072331-25-000057,0000072331-25-000057:ndsn-20250430.htm,10-Q,https://www.sec.gov/Archives/edgar/data/72331/000007233125000057/0000072331-25-000057-index.htm,https://www.sec.gov/Archives/edgar/data/72331/000007233125000057/ndsn-20250430.htm
Nordson Corporation,NDSN,72331,Industrials,10-Q,2025-08-21,2025-07-31,0000072331-25-000114,0000072331-25-000114:ndsn-20250731.htm,10-Q,https://www.sec.gov/Archives/edgar/data/72331/000007233125000114/0000072331-25-000114-index.htm,https://www.sec.gov/Archives/edgar/data/72331/000007233125000114/ndsn-20250731.htm
Nordson Corporation,NDSN,72331,Industrials,10-K,2025-12-17,2025-10-31,0000072331-25-000144,0000072331-25-000144:ndsn-20251031.htm,10-K,https://www.sec.gov/Archives/edgar/data/72331/000007233125000144/0000072331-25-000144-index.htm,https://www.sec.gov/Archives/edgar/data/72331/000007233125000144/ndsn-20251031.htm
Norfolk Southern,NSC,702165,Industrials,10-Q,2026-04-24,2026-03-31,0001628280-26-027051,0001628280-26-027051:nsc-20260331.htm,10-Q,https://www.sec.gov/Archives/edgar/data/702165/000162828026027051/0001628280-26-027051-index.htm,https://www.sec.gov/Archives/edgar/data/702165/000162828026027051/nsc-20260331.htm
Norfolk Southern,NSC,702165,Industrials,10-Q,2026-07-23,2026-06-30,0001628280-26-049326,0001628280-26-049326:nsc-20260630.htm,10-Q,https://www.sec.gov/Archives/edgar/data/702165/000162828026049326/0001628280-26-049326-index.htm,https://www.sec.gov/Archives/edgar/data/702165/000162828026049326/nsc-20260630.htm
Norfolk Southern,NSC,702165,Industrials,10-K,2026-02-09,2025-12-31,0001628280-26-006268,0001628280-26-006268:nsc-20251231.htm,10-K,https://www.sec.gov/Archives/edgar/data/702165/000162828026006268/0001628280-26-006268-index.htm,https://www.sec.gov/Archives/edgar/data/702165/000162828026006268/nsc-20251231.htm
Norfolk Southern,NSC,702165,Industrials,10-Q,2025-04-23,2025-03-31,0000702165-25-000013,0000702165-25-000013:nsc-20250331.htm,10-Q,https://www.sec.gov/Archives/edgar/data/702165/000070216525000013/0000702165-25-000013-index.htm,https://www.sec.gov/Archives/edgar/data/702165/000070216525000013/nsc-20250331.htm
Norfolk Southern,NSC,702165,Industrials,10-Q,2025-07-29,2025-06-30,0000702165-25-000028,0000702165-25-000028:nsc-20250630.htm,10-Q,https://www.sec.gov/Archives/edgar/data/702165/000070216525000028/0000702165-25-000028-index.htm,https://www.sec.gov/Archives/edgar/data/702165/000070216525000028/nsc-20250630.htm
Norfolk Southern,NSC,702165,Industrials,10-Q,2025-10-23,2025-09-30,0001628280-25-046128,0001628280-25-046128:nsc-20250930.htm,10-Q,https://www.sec.gov/Archives/edgar/data/702165/000162828025046128/0001628280-25-046128-index.htm,https://www.sec.gov/Archives/edgar/data/702165/000162828025046128/nsc-20250930.htm
Norfolk Southern,NSC,702165,Industrials,10-K,2025-02-10,2024-12-31,0000702165-25-000008,0000702165-25-000008:nsc-20241231.htm,10-K,https://www.sec.gov/Archives/edgar/data/702165/000070216525000008/0000702165-25-000008-index.htm,https://www.sec.gov/Archives/edgar/data/702165/000070216525000008/nsc-20241231.htm
Northrop Grumman,NOC,1133421,Industrials,10-Q,2026-04-21,2026-03-31,0001133421-26-000016,0001133421-26-000016:noc-20260331.htm,10-Q,https://www.sec.gov/Archives/edgar/data/1133421/000113342126000016/0001133421-26-000016-index.htm,https://www.sec.gov/Archives/edgar/data/1133421/000113342126000016/noc-20260331.htm
Northrop Grumman,NOC,1133421,Industrials,10-Q,2026-07-21,2026-06-30,0001133421-26-000034,0001133421-26-000034:noc-20260630.htm,10-Q,https://www.sec.gov/Archives/edgar/data/1133421/000113342126000034/0001133421-26-000034-index.htm,https://www.sec.gov/Archives/edgar/data/1133421/000113342126000034/noc-20260630.htm
Norwegian Cruise Line Holdings,NCLH,1513761,Consumer Discretionary,8-K,2025-08-20,2025-08-20,0001558370-25-011686,0001558370-25-011686:nclh-20250820x8k.htm,8-K,https://www.sec.gov/Archives/edgar/data/1513761/000155837025011686/0001558370-25-011686-index.htm,https://www.sec.gov/Archives/edgar/data/1513761/000155837025011686/nclh-20250820x8k.htm
Norwegian Cruise Line Holdings,NCLH,1513761,Consumer Discretionary,8-K,2026-02-12,2026-02-12,0001171843-26-000788,0001171843-26-000788:exh_991.htm,EX-99.1,https://www.sec.gov/Archives/edgar/data/1513761/000117184326000788/0001171843-26-000788-index.htm,https://www.sec.gov/Archives/edgar/data/1513761/000117184326000788/exh_991.htm
Norwegian Cruise Line Holdings,NCLH,1513761,Consumer Discretionary,8-K,2026-03-27,2026-03-26,0001104659-26-035686,0001104659-26-035686:tm268760d2_ex99-1.htm,EX-99.1,https://www.sec.gov/Archives/edgar/data/1513761/000110465926035686/0001104659-26-035686-index.htm,https://www.sec.gov/Archives/edgar/data/1513761/000110465926035686/tm268760d2_ex99-1.htm
Norwegian Cruise Line Holdings,NCLH,1513761,Consumer Discretionary,8-K,2025-09-11,2025-09-11,0001410578-25-002024,0001410578-25-002024:tm2525857d1_ex99-1.htm,EX-99.1,https://www.sec.gov/Archives/edgar/data/1513761/000141057825002024/0001410578-25-002024-index.htm,https://www.sec.gov/Archives/edgar/data/1513761/000141057825002024/tm2525857d1_ex99-1.htm
Norwegian Cruise Line Holdings,NCLH,1513761,Consumer Discretionary,8-K,2026-03-27,2026-03-26,0001104659-26-035746,0001104659-26-035746:tm2610052d1_ex99-1.htm,EX-99.1,https://www.sec.gov/Archives/edgar/data/1513761/000110465926035746/0001104659-26-035746-index.htm,https://www.sec.gov/Archives/edgar/data/1513761/000110465926035746/tm2610052d1_ex99-1.htm
Norwegian Cruise Line Holdings,NCLH,1513761,Consumer Discretionary,8-K,2026-05-04,2026-05-04,0001171843-26-002957,0001171843-26-002957:exh_991.htm,EX-99.1,https://www.sec.gov/Archives/edgar/data/1513761/000117184326002957/0001171843-26-002957-index.htm,https://www.sec.gov/Archives/edgar/data/1513761/000117184326002957/exh_991.htm
Norwegian Cruise Line Holdings,NCLH,1513761,Consumer Discretionary,8-K,2025-11-04,2025-11-04,0001171843-25-006936,0001171843-25-006936:exh_991.htm,EX-99.1,https://www.sec.gov/Archives/edgar/data/1513761/000117184325006936/0001171843-25-006936-index.htm,https://www.sec.gov/Archives/edgar/data/1513761/000117184325006936/exh_991.htm
Norwegian Cruise Line Holdings,NCLH,1513761,Consumer Discretionary,8-K,2025-07-31,2025-07-31,0001171843-25-004871,0001171843-25-004871:exh_991.htm,EX-99.1,https://www.sec.gov/Archives/edgar/data/1513761/000117184325004871/0001171843-25-004871-index.htm,https://www.sec.gov/Archives/edgar/data/1513761/000117184325004871/exh_991.htm
Norwegian Cruise Line Holdings,NCLH,1513761,Consumer Discretionary,8-K,2026-03-02,2026-03-02,0001171843-26-001220,0001171843-26-001220:exh_991.htm,EX-99.1,https://www.sec.gov/Archives/edgar/data/1513761/000117184326001220/0001171843-26-001220-index.htm,https://www.sec.gov/Archives/edgar/data/1513761/000117184326001220/exh_991.htm
Norwegian Cruise Line Holdings,NCLH,1513761,Consumer Discretionary,10-Q,2026-05-04,2026-03-31,0001104659-26-054833,0001104659-26-054833:nclh-20260331x10q.htm,10-Q,https://www.sec.gov/Archives/edgar/data/1513761/000110465926054833/0001104659-26-054833-index.htm,https://www.sec.gov/Archives/edgar/data/1513761/000110465926054833/nclh-20260331x10q.htm
Norwegian Cruise Line Holdings,NCLH,1513761,Consumer Discretionary,10-Q,2025-05-05,2025-03-31,0001558370-25-006294,0001558370-25-006294:nclh-20250331x10q.htm,10-Q,https://www.sec.gov/Archives/edgar/data/1513761/000155837025006294/0001558370-25-006294-index.htm,https://www.sec.gov/Archives/edgar/data/1513761/000155837025006294/nclh-20250331x10q.htm
Norwegian Cruise Line Holdings,NCLH,1513761,Consumer Discretionary,10-Q,2025-08-04,2025-06-30,0001558370-25-010053,0001558370-25-010053:nclh-20250630x10q.htm,10-Q,https://www.sec.gov/Archives/edgar/data/1513761/000155837025010053/0001558370-25-010053-index.htm,https://www.sec.gov/Archives/edgar/data/1513761/000155837025010053/nclh-20250630x10q.htm
Norwegian Cruise Line Holdings,NCLH,1513761,Consumer Discretionary,10-Q,2025-11-04,2025-09-30,0001104659-25-106057,0001104659-25-106057:nclh-20250930x10q.htm,10-Q,https://www.sec.gov/Archives/edgar/data/1513761/000110465925106057/0001104659-25-106057-index.htm,https://www.sec.gov/Archives/edgar/data/1513761/000110465925106057/nclh-20250930x10q.htm
Norwegian Cruise Line Holdings,NCLH,1513761,Consumer Discretionary,10-K,2026-03-02,2025-12-31,0001104659-26-022067,0001104659-26-022067:nclh-20251231x10k.htm,10-K,https://www.sec.gov/Archives/edgar/data/1513761/000110465926022067/0001104659-26-022067-index.htm,https://www.sec.gov/Archives/edgar/data/1513761/000110465926022067/nclh-20251231x10k.htm
NRG Energy,NRG,1013871,Utilities,8-K,2025-05-16,2025-05-12,0001104659-25-049673,0001104659-25-049673:tm2514561d2_ex2-1.htm,EX-2.1,https://www.sec.gov/Archives/edgar/data/1013871/000110465925049673/0001104659-25-049673-index.htm,https://www.sec.gov/Archives/edgar/data/1013871/000110465925049673/tm2514561d2_ex2-1.htm
NRG Energy,NRG,1013871,Utilities,10-Q,2025-05-12,2025-03-31,0001013871-25-000013,0001013871-25-000013:nrg-20250331.htm,10-Q,https://www.sec.gov/Archives/edgar/data/1013871/000101387125000013/0001013871-25-000013-index.htm,https://www.sec.gov/Archives/edgar/data/1013871/000101387125000013/nrg-20250331.htm
NRG Energy,NRG,1013871,Utilities,10-Q,2025-08-06,2025-06-30,0001013871-25-000020,0001013871-25-000020:exhibit103nrgamendmentno5t.htm,EX-10.3,https://www.sec.gov/Archives/edgar/data/1013871/000101387125000020/0001013871-25-000020-index.htm,https://www.sec.gov/Archives/edgar/data/1013871/000101387125000020/exhibit103nrgamendmentno5t.htm
NRG Energy,NRG,1013871,Utilities,10-Q,2025-08-06,2025-06-30,0001013871-25-000020,0001013871-25-000020:nrg-20250630.htm,10-Q,https://www.sec.gov/Archives/edgar/data/1013871/000101387125000020/0001013871-25-000020-index.htm,https://www.sec.gov/Archives/edgar/data/1013871/000101387125000020/nrg-20250630.htm
NRG Energy,NRG,1013871,Utilities,10-Q,2025-11-06,2025-09-30,0001013871-25-000025,0001013871-25-000025:nrg-20250930.htm,10-Q,https://www.sec.gov/Archives/edgar/data/1013871/000101387125000025/0001013871-25-000025-index.htm,https://www.sec.gov/Archives/edgar/data/1013871/000101387125000025/nrg-20250930.htm
NRG Energy,NRG,1013871,Utilities,10-K,2026-02-24,2025-12-31,0001013871-26-000004,0001013871-26-000004:nrg-20251231.htm,10-K,https://www.sec.gov/Archives/edgar/data/1013871/000101387126000004/0001013871-26-000004-index.htm,https://www.sec.gov/Archives/edgar/data/1013871/000101387126000004/nrg-20251231.htm
NRG Energy,NRG,1013871,Utilities,10-K,2025-02-26,2024-12-31,0001013871-25-000006,0001013871-25-000006:nrg-20241231.htm,10-K,https://www.sec.gov/Archives/edgar/data/1013871/000101387125000006/0001013871-25-000006-index.htm,https://www.sec.gov/Archives/edgar/data/1013871/000101387125000006/nrg-20241231.htm
NRG Energy,NRG,1013871,Utilities,10-Q,2026-05-06,2026-03-31,0001013871-26-000012,0001013871-26-000012:nrg-20260331.htm,10-Q,https://www.sec.gov/Archives/edgar/data/1013871/000101387126000012/0001013871-26-000012-index.htm,https://www.sec.gov/Archives/edgar/data/1013871/000101387126000012/nrg-20260331.htm
NRG Energy,NRG,1013871,Utilities,8-K,2026-03-04,2026-02-27,0001104659-26-023570,0001104659-26-023570:tm267426d5_1-1.htm,EX-1.1,https://www.sec.gov/Archives/edgar/data/1013871/000110465926023570/0001104659-26-023570-index.htm,https://www.sec.gov/Archives/edgar/data/1013871/000110465926023570/tm267426d5_1-1.htm
NRG Energy,NRG,1013871,Utilities,8-K,2026-04-28,2026-04-28,0001104659-26-050486,0001104659-26-050486:tm2612875d4_ex10-1.htm,EX-10.1,https://www.sec.gov/Archives/edgar/data/1013871/000110465926050486/0001104659-26-050486-index.htm,https://www.sec.gov/Archives/edgar/data/1013871/000110465926050486/tm2612875d4_ex10-1.htm
NRG Energy,NRG,1013871,Utilities,10-K,2025-02-26,2024-12-31,0001013871-25-000006,0001013871-25-000006:exhibit103513thamendmentan.htm,EX-10.35,https://www.sec.gov/Archives/edgar/data/1013871/000101387125000006/0001013871-25-000006-index.htm,https://www.sec.gov/Archives/edgar/data/1013871/000101387125000006/exhibit103513thamendmentan.htm
NRG Energy,NRG,1013871,Utilities,8-K,2025-07-25,2025-07-22,0001104659-25-070834,0001104659-25-070834:tm2521733d1_ex10-1.htm,EX-10.1,https://www.sec.gov/Archives/edgar/data/1013871/000110465925070834/0001104659-25-070834-index.htm,https://www.sec.gov/Archives/edgar/data/1013871/000110465925070834/tm2521733d1_ex10-1.htm
NRG Energy,NRG,1013871,Utilities,10-Q,2025-08-06,2025-06-30,0001013871-25-000020,0001013871-25-000020:exhibit101-fourteenthamend.htm,EX-10.1,https://www.sec.gov/Archives/edgar/data/1013871/000101387125000020/0001013871-25-000020-index.htm,https://www.sec.gov/Archives/edgar/data/1013871/000101387125000020/exhibit101-fourteenthamend.htm
Nucor,NUE,73309,Materials,8-K,2025-01-27,2025-01-27,0001193125-25-013459,0001193125-25-013459:d871780dex992.htm,EX-99.2,https://www.sec.gov/Archives/edgar/data/73309/000119312525013459/0001193125-25-013459-index.htm,https://www.sec.gov/Archives/edgar/data/73309/000119312525013459/d871780dex992.htm
Nucor,NUE,73309,Materials,10-K,2025-02-27,2024-12-31,0000950170-25-028427,0000950170-25-028427:nue-20241231.htm,10-K,https://www.sec.gov/Archives/edgar/data/73309/000095017025028427/0000950170-25-028427-index.htm,https://www.sec.gov/Archives/edgar/data/73309/000095017025028427/nue-20241231.htm
Nvidia,NVDA,1045810,Information Technology,10-Q,2026-05-20,2026-04-26,0001045810-26-000052,0001045810-26-000052:nvda-20260426.htm,10-Q,https://www.sec.gov/Archives/edgar/data/1045810/000104581026000052/0001045810-26-000052-index.htm,https://www.sec.gov/Archives/edgar/data/1045810/000104581026000052/nvda-20260426.htm
Nvidia,NVDA,1045810,Information Technology,10-K,2026-02-25,2026-01-25,0001045810-26-000021,0001045810-26-000021:nvda-20260125.htm,10-K,https://www.sec.gov/Archives/edgar/data/1045810/000104581026000021/0001045810-26-000021-index.htm,https://www.sec.gov/Archives/edgar/data/1045810/000104581026000021/nvda-20260125.htm
O’Reilly Automotive,ORLY,898173,Consumer Discretionary,8-K,2025-04-23,2025-04-23,0000898173-25-000026,0000898173-25-000026:orly-20250423xex99d1.htm,EX-99.1,https://www.sec.gov/Archives/edgar/data/898173/000089817325000026/0000898173-25-000026-index.htm,https://www.sec.gov/Archives/edgar/data/898173/000089817325000026/orly-20250423xex99d1.htm
O’Reilly Automotive,ORLY,898173,Consumer Discretionary,10-K,2026-02-27,2025-12-31,0000898173-26-000009,0000898173-26-000009:orly-20251231x10k.htm,10-K,https://www.sec.gov/Archives/edgar/data/898173/000089817326000009/0000898173-26-000009-index.htm,https://www.sec.gov/Archives/edgar/data/898173/000089817326000009/orly-20251231x10k.htm
Occidental Petroleum,OXY,797468,Energy,8-K,2026-07-10,2026-07-10,0001628280-26-047886,0001628280-26-047886:oxyex99163026preearningsre.htm,EX-99.1,https://www.sec.gov/Archives/edgar/data/797468/000162828026047886/0001628280-26-047886-index.htm,https://www.sec.gov/Archives/edgar/data/797468/000162828026047886/oxyex99163026preearningsre.htm
Occidental Petroleum,OXY,797468,Energy,8-K,2026-04-10,2026-04-10,0001628280-26-024581,0001628280-26-024581:oxyex99133126preearningsre.htm,EX-99.1,https://www.sec.gov/Archives/edgar/data/797468/000162828026024581/0001628280-26-024581-index.htm,https://www.sec.gov/Archives/edgar/data/797468/000162828026024581/oxyex99133126preearningsre.htm
Occidental Petroleum,OXY,797468,Energy,8-K,2026-01-02,2026-01-02,0001628280-26-000153,0001628280-26-000153:exhibit991pressrelease1-2x.htm,EX-99.1,https://www.sec.gov/Archives/edgar/data/797468/000162828026000153/0001628280-26-000153-index.htm,https://www.sec.gov/Archives/edgar/data/797468/000162828026000153/exhibit991pressrelease1-2x.htm
Occidental Petroleum,OXY,797468,Energy,8-K,2025-10-02,2025-10-02,0001140361-25-037058,0001140361-25-037058:ef20056509_8k.htm,8-K,https://www.sec.gov/Archives/edgar/data/797468/000114036125037058/0001140361-25-037058-index.htm,https://www.sec.gov/Archives/edgar/data/797468/000114036125037058/ef20056509_8k.htm
Occidental Petroleum,OXY,797468,Energy,8-K,2026-01-20,2026-01-20,0001628280-26-002483,0001628280-26-002483:oxyex991123125preearningsr.htm,EX-99.1,https://www.sec.gov/Archives/edgar/data/797468/000162828026002483/0001628280-26-002483-index.htm,https://www.sec.gov/Archives/edgar/data/797468/000162828026002483/oxyex991123125preearningsr.htm
Occidental Petroleum,OXY,797468,Energy,8-K,2025-10-02,2025-10-02,0001140361-25-037058,0001140361-25-037058:ef20056509_ex99-2.htm,EX-99.2,https://www.sec.gov/Archives/edgar/data/797468/000114036125037058/0001140361-25-037058-index.htm,https://www.sec.gov/Archives/edgar/data/797468/000114036125037058/ef20056509_ex99-2.htm
Occidental Petroleum,OXY,797468,Energy,8-K,2025-10-02,2025-10-02,0001140361-25-037058,0001140361-25-037058:ef20056509_ex99-1.htm,EX-99.1,https://www.sec.gov/Archives/edgar/data/797468/000114036125037058/0001140361-25-037058-index.htm,https://www.sec.gov/Archives/edgar/data/797468/000114036125037058/ef20056509_ex99-1.htm
Occidental Petroleum,OXY,797468,Energy,8-K,2025-07-28,2025-07-28,0001628280-25-036189,0001628280-25-036189:oxy-20250728.htm,8-K,https://www.sec.gov/Archives/edgar/data/797468/000162828025036189/0001628280-25-036189-index.htm,https://www.sec.gov/Archives/edgar/data/797468/000162828025036189/oxy-20250728.htm
Occidental Petroleum,OXY,797468,Energy,8-K,2026-01-02,2026-01-02,0001628280-26-000153,0001628280-26-000153:oxy-20260102.htm,8-K,https://www.sec.gov/Archives/edgar/data/797468/000162828026000153/0001628280-26-000153-index.htm,https://www.sec.gov/Archives/edgar/data/797468/000162828026000153/oxy-20260102.htm
Occidental Petroleum,OXY,797468,Energy,8-K,2026-03-09,2026-03-05,0000950157-26-000265,0000950157-26-000265:ex99-2.htm,EX-99.2,https://www.sec.gov/Archives/edgar/data/797468/000095015726000265/0000950157-26-000265-index.htm,https://www.sec.gov/Archives/edgar/data/797468/000095015726000265/ex99-2.htm
Occidental Petroleum,OXY,797468,Energy,8-K,2025-10-03,2025-10-01,0001140361-25-037234,0001140361-25-037234:ef20056633_8k.htm,8-K,https://www.sec.gov/Archives/edgar/data/797468/000114036125037234/0001140361-25-037234-index.htm,https://www.sec.gov/Archives/edgar/data/797468/000114036125037234/ef20056633_8k.htm
Occidental Petroleum,OXY,797468,Energy,8-K,2026-03-09,2026-03-05,0000950157-26-000265,0000950157-26-000265:ex99-1.htm,EX-99.1,https://www.sec.gov/Archives/edgar/data/797468/000095015726000265/0000950157-26-000265-index.htm,https://www.sec.gov/Archives/edgar/data/797468/000095015726000265/ex99-1.htm
Occidental Petroleum,OXY,797468,Energy,8-K,2026-02-19,2026-02-19,0000950157-26-000166,0000950157-26-000166:ex99-1.htm,EX-99.1,https://www.sec.gov/Archives/edgar/data/797468/000095015726000166/0000950157-26-000166-index.htm,https://www.sec.gov/Archives/edgar/data/797468/000095015726000166/ex99-1.htm
Occidental Petroleum,OXY,797468,Energy,10-Q,2025-11-10,2025-09-30,0001628280-25-051071,0001628280-25-051071:oxy-20250930.htm,10-Q,https://www.sec.gov/Archives/edgar/data/797468/000162828025051071/0001628280-25-051071-index.htm,https://www.sec.gov/Archives/edgar/data/797468/000162828025051071/oxy-20250930.htm
Occidental Petroleum,OXY,797468,Energy,8-K,2025-10-10,2025-10-10,0001628280-25-044718,0001628280-25-044718:oxyex99193025preearningsre.htm,EX-99.1,https://www.sec.gov/Archives/edgar/data/797468/000162828025044718/0001628280-25-044718-index.htm,https://www.sec.gov/Archives/edgar/data/797468/000162828025044718/oxyex99193025preearningsre.htm
Occidental Petroleum,OXY,797468,Energy,8-K,2025-07-14,2025-07-14,0000797468-25-000101,0000797468-25-000101:oxyex99163025preearningsre.htm,EX-99.1,https://www.sec.gov/Archives/edgar/data/797468/000079746825000101/0000797468-25-000101-index.htm,https://www.sec.gov/Archives/edgar/data/797468/000079746825000101/oxyex99163025preearningsre.htm
Occidental Petroleum,OXY,797468,Energy,8-K,2025-04-09,2025-04-09,0000797468-25-000067,0000797468-25-000067:oxyex99133125preearningsre.htm,EX-99.1,https://www.sec.gov/Archives/edgar/data/797468/000079746825000067/0000797468-25-000067-index.htm,https://www.sec.gov/Archives/edgar/data/797468/000079746825000067/oxyex99133125preearningsre.htm
Occidental Petroleum,OXY,797468,Energy,10-Q,2025-05-07,2025-03-31,0000797468-25-000076,0000797468-25-000076:oxy-20250331.htm,10-Q,https://www.sec.gov/Archives/edgar/data/797468/000079746825000076/0000797468-25-000076-index.htm,https://www.sec.gov/Archives/edgar/data/797468/000079746825000076/oxy-20250331.htm
Occidental Petroleum,OXY,797468,Energy,10-Q,2025-08-06,2025-06-30,0000797468-25-000111,0000797468-25-000111:oxy-20250630.htm,10-Q,https://www.sec.gov/Archives/edgar/data/797468/000079746825000111/0000797468-25-000111-index.htm,https://www.sec.gov/Archives/edgar/data/797468/000079746825000111/oxy-20250630.htm
Occidental Petroleum,OXY,797468,Energy,10-Q,2026-05-05,2026-03-31,0001628280-26-030584,0001628280-26-030584:oxy-20260331.htm,10-Q,https://www.sec.gov/Archives/edgar/data/797468/000162828026030584/0001628280-26-030584-index.htm,https://www.sec.gov/Archives/edgar/data/797468/000162828026030584/oxy-20260331.htm
Occidental Petroleum,OXY,797468,Energy,8-K,2025-05-07,2025-05-07,0000797468-25-000075,0000797468-25-000075:oxyex99103-31x25earningsre.htm,EX-99.1,https://www.sec.gov/Archives/edgar/data/797468/000079746825000075/0000797468-25-000075-index.htm,https://www.sec.gov/Archives/edgar/data/797468/000079746825000075/oxyex99103-31x25earningsre.htm
Occidental Petroleum,OXY,797468,Energy,8-K,2026-05-05,2026-05-05,0001628280-26-030567,0001628280-26-030567:oxyex9913-31x26earningsrel.htm,EX-99.1,https://www.sec.gov/Archives/edgar/data/797468/000162828026030567/0001628280-26-030567-index.htm,https://www.sec.gov/Archives/edgar/data/797468/000162828026030567/oxyex9913-31x26earningsrel.htm
Occidental Petroleum,OXY,797468,Energy,8-K,2025-08-06,2025-08-06,0000797468-25-000109,0000797468-25-000109:oxyex99106-30x25earningsre.htm,EX-99.1,https://www.sec.gov/Archives/edgar/data/797468/000079746825000109/0000797468-25-000109-index.htm,https://www.sec.gov/Archives/edgar/data/797468/000079746825000109/oxyex99106-30x25earningsre.htm
Occidental Petroleum,OXY,797468,Energy,8-K,2025-11-10,2025-11-10,0001628280-25-051056,0001628280-25-051056:oxyex99109-30x25earningsre.htm,EX-99.1,https://www.sec.gov/Archives/edgar/data/797468/000162828025051056/0001628280-25-051056-index.htm,https://www.sec.gov/Archives/edgar/data/797468/000162828025051056/oxyex99109-30x25earningsre.htm
Occidental Petroleum,OXY,797468,Energy,8-K,2026-02-18,2026-02-18,0001628280-26-009054,0001628280-26-009054:oxyex99112-31x25earningsre.htm,EX-99.1,https://www.sec.gov/Archives/edgar/data/797468/000162828026009054/0001628280-26-009054-index.htm,https://www.sec.gov/Archives/edgar/data/797468/000162828026009054/oxyex99112-31x25earningsre.htm
Occidental Petroleum,OXY,797468,Energy,8-K,2025-02-18,2025-02-18,0000797468-25-000028,0000797468-25-000028:oxyex99112-31x24earningsre.htm,EX-99.1,https://www.sec.gov/Archives/edgar/data/797468/000079746825000028/0000797468-25-000028-index.htm,https://www.sec.gov/Archives/edgar/data/797468/000079746825000028/oxyex99112-31x24earningsre.htm
Occidental Petroleum,OXY,797468,Energy,10-K,2026-02-18,2025-12-31,0001628280-26-009059,0001628280-26-009059:oxy-20251231.htm,10-K,https://www.sec.gov/Archives/edgar/data/797468/000162828026009059/0001628280-26-009059-index.htm,https://www.sec.gov/Archives/edgar/data/797468/000162828026009059/oxy-20251231.htm
Occidental Petroleum,OXY,797468,Energy,8-K,2025-10-03,2025-10-01,0001140361-25-037234,0001140361-25-037234:ef20056633_ex2-1.htm,EX-2.1,https://www.sec.gov/Archives/edgar/data/797468/000114036125037234/0001140361-25-037234-index.htm,https://www.sec.gov/Archives/edgar/data/797468/000114036125037234/ef20056633_ex2-1.htm
Occidental Petroleum,OXY,797468,Energy,10-K,2025-02-18,2024-12-31,0000797468-25-000029,0000797468-25-000029:oxy-20241231.htm,10-K,https://www.sec.gov/Archives/edgar/data/797468/000079746825000029/0000797468-25-000029-index.htm,https://www.sec.gov/Archives/edgar/data/797468/000079746825000029/oxy-20241231.htm
Old Dominion,ODFL,878927,Industrials,10-K,2026-02-24,2025-12-31,0001193125-26-067161,0001193125-26-067161:odfl-20251231.htm,10-K,https://www.sec.gov/Archives/edgar/data/878927/000119312526067161/0001193125-26-067161-index.htm,https://www.sec.gov/Archives/edgar/data/878927/000119312526067161/odfl-20251231.htm
Old Dominion,ODFL,878927,Industrials,10-K,2025-02-25,2024-12-31,0000950170-25-026661,0000950170-25-026661:odfl-20241231.htm,10-K,https://www.sec.gov/Archives/edgar/data/878927/000095017025026661/0000950170-25-026661-index.htm,https://www.sec.gov/Archives/edgar/data/878927/000095017025026661/odfl-20241231.htm
Oneok,OKE,1039684,Energy,8-K,2025-02-24,2025-02-24,0001039684-25-000026,0001039684-25-000026:okeq42024earningsrelease.htm,EX-99.1,https://www.sec.gov/Archives/edgar/data/1039684/000103968425000026/0001039684-25-000026-index.htm,https://www.sec.gov/Archives/edgar/data/1039684/000103968425000026/okeq42024earningsrelease.htm
Oneok,OKE,1039684,Energy,10-K,2025-02-25,2024-12-31,0001039684-25-000036,0001039684-25-000036:oke-20241231.htm,10-K,https://www.sec.gov/Archives/edgar/data/1039684/000103968425000036/0001039684-25-000036-index.htm,https://www.sec.gov/Archives/edgar/data/1039684/000103968425000036/oke-20241231.htm
Oneok,OKE,1039684,Energy,10-K,2026-02-24,2025-12-31,0001039684-26-000006,0001039684-26-000006:oke-20251231.htm,10-K,https://www.sec.gov/Archives/edgar/data/1039684/000103968426000006/0001039684-26-000006-index.htm,https://www.sec.gov/Archives/edgar/data/1039684/000103968426000006/oke-20251231.htm
Oneok,OKE,1039684,Energy,8-K,2025-02-20,2025-02-14,0001213900-25-015669,0001213900-25-015669:ea023115801ex10-1_oneok.htm,EX-10.1,https://www.sec.gov/Archives/edgar/data/1039684/000121390025015669/0001213900-25-015669-index.htm,https://www.sec.gov/Archives/edgar/data/1039684/000121390025015669/ea023115801ex10-1_oneok.htm
Oracle Corporation,ORCL,1341439,Information Technology,10-K,2026-06-22,2026-05-31,0001193125-26-277521,0001193125-26-277521:orcl-20260531.htm,10-K,https://www.sec.gov/Archives/edgar/data/1341439/000119312526277521/0001193125-26-277521-index.htm,https://www.sec.gov/Archives/edgar/data/1341439/000119312526277521/orcl-20260531.htm
Oracle Corporation,ORCL,1341439,Information Technology,10-K,2025-06-18,2025-05-31,0000950170-25-087926,0000950170-25-087926:orcl-20250531.htm,10-K,https://www.sec.gov/Archives/edgar/data/1341439/000095017025087926/0000950170-25-087926-index.htm,https://www.sec.gov/Archives/edgar/data/1341439/000095017025087926/orcl-20250531.htm
Otis Worldwide,OTIS,1781335,Industrials,8-K,2025-10-29,2025-10-29,0001781335-25-000046,0001781335-25-000046:a2025-09x308xkerexhibit99.htm,EX-99,https://www.sec.gov/Archives/edgar/data/1781335/000178133525000046/0001781335-25-000046-index.htm,https://www.sec.gov/Archives/edgar/data/1781335/000178133525000046/a2025-09x308xkerexhibit99.htm
Otis Worldwide,OTIS,1781335,Industrials,8-K,2025-04-23,2025-04-23,0001781335-25-000017,0001781335-25-000017:a2025-03x318xkerexhibit99.htm,EX-99,https://www.sec.gov/Archives/edgar/data/1781335/000178133525000017/0001781335-25-000017-index.htm,https://www.sec.gov/Archives/edgar/data/1781335/000178133525000017/a2025-03x318xkerexhibit99.htm
Otis Worldwide,OTIS,1781335,Industrials,8-K,2025-07-23,2025-07-23,0001781335-25-000034,0001781335-25-000034:a2025-06x308xkerexhibit99.htm,EX-99,https://www.sec.gov/Archives/edgar/data/1781335/000178133525000034/0001781335-25-000034-index.htm,https://www.sec.gov/Archives/edgar/data/1781335/000178133525000034/a2025-06x308xkerexhibit99.htm
Otis Worldwide,OTIS,1781335,Industrials,8-K,2026-01-28,2026-01-28,0001781335-26-000004,0001781335-26-000004:a2025-12x318xkerexhibit99.htm,EX-99,https://www.sec.gov/Archives/edgar/data/1781335/000178133526000004/0001781335-26-000004-index.htm,https://www.sec.gov/Archives/edgar/data/1781335/000178133526000004/a2025-12x318xkerexhibit99.htm
Otis Worldwide,OTIS,1781335,Industrials,8-K,2026-04-22,2026-04-22,0001781335-26-000072,0001781335-26-000072:a2026-03x318xkerexhibit99.htm,EX-99,https://www.sec.gov/Archives/edgar/data/1781335/000178133526000072/0001781335-26-000072-index.htm,https://www.sec.gov/Archives/edgar/data/1781335/000178133526000072/a2026-03x318xkerexhibit99.htm
Otis Worldwide,OTIS,1781335,Industrials,10-Q,2025-10-30,2025-09-30,0001781335-25-000049,0001781335-25-000049:otis-20250930.htm,10-Q,https://www.sec.gov/Archives/edgar/data/1781335/000178133525000049/0001781335-25-000049-index.htm,https://www.sec.gov/Archives/edgar/data/1781335/000178133525000049/otis-20250930.htm
Otis Worldwide,OTIS,1781335,Industrials,10-K,2026-02-05,2025-12-31,0001781335-26-000011,0001781335-26-000011:otis-20251231.htm,10-K,https://www.sec.gov/Archives/edgar/data/1781335/000178133526000011/0001781335-26-000011-index.htm,https://www.sec.gov/Archives/edgar/data/1781335/000178133526000011/otis-20251231.htm
Paccar,PCAR,75362,Industrials,8-K,2026-01-27,2026-01-27,0001193125-26-023374,0001193125-26-023374:pcar-ex99_1.htm,EX-99.1,https://www.sec.gov/Archives/edgar/data/75362/000119312526023374/0001193125-26-023374-index.htm,https://www.sec.gov/Archives/edgar/data/75362/000119312526023374/pcar-ex99_1.htm
Paccar,PCAR,75362,Industrials,10-Q,2025-10-30,2025-09-30,0001193125-25-258509,0001193125-25-258509:pcar-20250930.htm,10-Q,https://www.sec.gov/Archives/edgar/data/75362/000119312525258509/0001193125-25-258509-index.htm,https://www.sec.gov/Archives/edgar/data/75362/000119312525258509/pcar-20250930.htm
Paccar,PCAR,75362,Industrials,10-Q,2025-07-31,2025-06-30,0000950170-25-100887,0000950170-25-100887:pcar-20250630.htm,10-Q,https://www.sec.gov/Archives/edgar/data/75362/000095017025100887/0000950170-25-100887-index.htm,https://www.sec.gov/Archives/edgar/data/75362/000095017025100887/pcar-20250630.htm
Paccar,PCAR,75362,Industrials,10-Q,2026-04-29,2026-03-31,0001193125-26-191499,0001193125-26-191499:pcar-20260331.htm,10-Q,https://www.sec.gov/Archives/edgar/data/75362/000119312526191499/0001193125-26-191499-index.htm,https://www.sec.gov/Archives/edgar/data/75362/000119312526191499/pcar-20260331.htm
Paccar,PCAR,75362,Industrials,10-Q,2025-05-01,2025-03-31,0000950170-25-061813,0000950170-25-061813:pcar-20250331.htm,10-Q,https://www.sec.gov/Archives/edgar/data/75362/000095017025061813/0000950170-25-061813-index.htm,https://www.sec.gov/Archives/edgar/data/75362/000095017025061813/pcar-20250331.htm
Paccar,PCAR,75362,Industrials,10-K,2026-02-18,2025-12-31,0001193125-26-057025,0001193125-26-057025:pcar-20251231.htm,10-K,https://www.sec.gov/Archives/edgar/data/75362/000119312526057025/0001193125-26-057025-index.htm,https://www.sec.gov/Archives/edgar/data/75362/000119312526057025/pcar-20251231.htm
Packaging Corporation of America,PKG,75677,Materials,8-K,2025-04-23,2025-04-22,0000950170-25-056867,0000950170-25-056867:pkg-ex99_1.htm,EX-99.1,https://www.sec.gov/Archives/edgar/data/75677/000095017025056867/0000950170-25-056867-index.htm,https://www.sec.gov/Archives/edgar/data/75677/000095017025056867/pkg-ex99_1.htm
Packaging Corporation of America,PKG,75677,Materials,10-Q,2025-05-08,2025-03-31,0000950170-25-066593,0000950170-25-066593:pkg-20250331.htm,10-Q,https://www.sec.gov/Archives/edgar/data/75677/000095017025066593/0000950170-25-066593-index.htm,https://www.sec.gov/Archives/edgar/data/75677/000095017025066593/pkg-20250331.htm
Palo Alto Networks,PANW,1327567,Information Technology,10-Q,2026-02-18,2026-01-31,0001327567-26-000005,0001327567-26-000005:panw-20260131.htm,10-Q,https://www.sec.gov/Archives/edgar/data/1327567/000132756726000005/0001327567-26-000005-index.htm,https://www.sec.gov/Archives/edgar/data/1327567/000132756726000005/panw-20260131.htm
Palo Alto Networks,PANW,1327567,Information Technology,10-Q,2025-11-20,2025-10-31,0001327567-25-000035,0001327567-25-000035:panw-20251031.htm,10-Q,https://www.sec.gov/Archives/edgar/data/1327567/000132756725000035/0001327567-25-000035-index.htm,https://www.sec.gov/Archives/edgar/data/1327567/000132756725000035/panw-20251031.htm
Palo Alto Networks,PANW,1327567,Information Technology,10-Q,2026-06-03,2026-04-30,0001327567-26-000015,0001327567-26-000015:panw-20260430.htm,10-Q,https://www.sec.gov/Archives/edgar/data/1327567/000132756726000015/0001327567-26-000015-index.htm,https://www.sec.gov/Archives/edgar/data/1327567/000132756726000015/panw-20260430.htm
Palo Alto Networks,PANW,1327567,Information Technology,10-K,2025-08-29,2025-07-31,0001327567-25-000027,0001327567-25-000027:panw-20250731.htm,10-K,https://www.sec.gov/Archives/edgar/data/1327567/000132756725000027/0001327567-25-000027-index.htm,https://www.sec.gov/Archives/edgar/data/1327567/000132756725000027/panw-20250731.htm
Palo Alto Networks,PANW,1327567,Information Technology,10-Q,2025-05-21,2025-04-30,0001327567-25-000017,0001327567-25-000017:panw-20250430.htm,10-Q,https://www.sec.gov/Archives/edgar/data/1327567/000132756725000017/0001327567-25-000017-index.htm,https://www.sec.gov/Archives/edgar/data/1327567/000132756725000017/panw-20250430.htm
Palo Alto Networks,PANW,1327567,Information Technology,10-Q,2025-02-14,2025-01-31,0001327567-25-000010,0001327567-25-000010:panw-20250131.htm,10-Q,https://www.sec.gov/Archives/edgar/data/1327567/000132756725000010/0001327567-25-000010-index.htm,https://www.sec.gov/Archives/edgar/data/1327567/000132756725000010/panw-20250131.htm
Parker Hannifin,PH,76334,Industrials,8-K,2025-05-01,2025-05-01,0000076334-25-000017,0000076334-25-000017:earningscallpresentation.htm,EX-99.2,https://www.sec.gov/Archives/edgar/data/76334/000007633425000017/0000076334-25-000017-index.htm,https://www.sec.gov/Archives/edgar/data/76334/000007633425000017/earningscallpresentation.htm
Parker Hannifin,PH,76334,Industrials,10-Q,2026-05-01,2026-03-31,0000076334-26-000073,0000076334-26-000073:ph-20260331.htm,10-Q,https://www.sec.gov/Archives/edgar/data/76334/000007633426000073/0000076334-26-000073-index.htm,https://www.sec.gov/Archives/edgar/data/76334/000007633426000073/ph-20260331.htm
Parker Hannifin,PH,76334,Industrials,10-K,2025-08-22,2025-06-30,0000076334-25-000035,0000076334-25-000035:ph-20250630.htm,10-K,https://www.sec.gov/Archives/edgar/data/76334/000007633425000035/0000076334-25-000035-index.htm,https://www.sec.gov/Archives/edgar/data/76334/000007633425000035/ph-20250630.htm
Parker Hannifin,PH,76334,Industrials,8-K,2025-11-12,2025-11-10,0001193125-25-275641,0001193125-25-275641:d205331dex21.htm,EX-2.1,https://www.sec.gov/Archives/edgar/data/76334/000119312525275641/0001193125-25-275641-index.htm,https://www.sec.gov/Archives/edgar/data/76334/000119312525275641/d205331dex21.htm
Paychex,PAYX,723531,Industrials,10-K,2026-07-17,2026-05-31,0001193125-26-307785,0001193125-26-307785:payx-20260531.htm,10-K,https://www.sec.gov/Archives/edgar/data/723531/000119312526307785/0001193125-26-307785-index.htm,https://www.sec.gov/Archives/edgar/data/723531/000119312526307785/payx-20260531.htm
Paychex,PAYX,723531,Industrials,10-K,2025-07-11,2025-05-31,0000950170-25-095300,0000950170-25-095300:payx-20250531.htm,10-K,https://www.sec.gov/Archives/edgar/data/723531/000095017025095300/0000950170-25-095300-index.htm,https://www.sec.gov/Archives/edgar/data/723531/000095017025095300/payx-20250531.htm
Pentair,PNR,77360,Industrials,8-K,2025-04-22,2025-04-22,0000077360-25-000015,0000077360-25-000015:q12025pressrelease.htm,EX-99.1,https://www.sec.gov/Archives/edgar/data/77360/000007736025000015/0000077360-25-000015-index.htm,https://www.sec.gov/Archives/edgar/data/77360/000007736025000015/q12025pressrelease.htm
Pentair,PNR,77360,Industrials,8-K,2025-07-22,2025-07-22,0000077360-25-000035,0000077360-25-000035:q22025pressrelease.htm,EX-99.1,https://www.sec.gov/Archives/edgar/data/77360/000007736025000035/0000077360-25-000035-index.htm,https://www.sec.gov/Archives/edgar/data/77360/000007736025000035/q22025pressrelease.htm
Pentair,PNR,77360,Industrials,10-K,2026-02-24,2025-12-31,0000077360-26-000007,0000077360-26-000007:pnr-20251231.htm,10-K,https://www.sec.gov/Archives/edgar/data/77360/000007736026000007/0000077360-26-000007-index.htm,https://www.sec.gov/Archives/edgar/data/77360/000007736026000007/pnr-20251231.htm
Pentair,PNR,77360,Industrials,10-K,2025-02-25,2024-12-31,0000077360-25-000006,0000077360-25-000006:pnr-20241231.htm,10-K,https://www.sec.gov/Archives/edgar/data/77360/000007736025000006/0000077360-25-000006-index.htm,https://www.sec.gov/Archives/edgar/data/77360/000007736025000006/pnr-20241231.htm
Pentair,PNR,77360,Industrials,10-Q,2026-04-28,2026-03-31,0000077360-26-000027,0000077360-26-000027:pnr-20260331.htm,10-Q,https://www.sec.gov/Archives/edgar/data/77360/000007736026000027/0000077360-26-000027-index.htm,https://www.sec.gov/Archives/edgar/data/77360/000007736026000027/pnr-20260331.htm
Pentair,PNR,77360,Industrials,10-Q,2025-04-22,2025-03-31,0000077360-25-000018,0000077360-25-000018:pnr-20250331.htm,10-Q,https://www.sec.gov/Archives/edgar/data/77360/000007736025000018/0000077360-25-000018-index.htm,https://www.sec.gov/Archives/edgar/data/77360/000007736025000018/pnr-20250331.htm
Pentair,PNR,77360,Industrials,10-Q,2025-07-22,2025-06-30,0000077360-25-000038,0000077360-25-000038:pnr-20250630.htm,10-Q,https://www.sec.gov/Archives/edgar/data/77360/000007736025000038/0000077360-25-000038-index.htm,https://www.sec.gov/Archives/edgar/data/77360/000007736025000038/pnr-20250630.htm
Pentair,PNR,77360,Industrials,10-Q,2025-10-21,2025-09-30,0000077360-25-000047,0000077360-25-000047:pnr-20250930.htm,10-Q,https://www.sec.gov/Archives/edgar/data/77360/000007736025000047/0000077360-25-000047-index.htm,https://www.sec.gov/Archives/edgar/data/77360/000007736025000047/pnr-20250930.htm
PepsiCo,PEP,77476,Consumer Staples,10-Q,2026-07-09,2026-06-13,0000077476-26-000035,0000077476-26-000035:pep-20260613.htm,10-Q,https://www.sec.gov/Archives/edgar/data/77476/000007747626000035/0000077476-26-000035-index.htm,https://www.sec.gov/Archives/edgar/data/77476/000007747626000035/pep-20260613.htm
Pfizer,PFE,78003,Health Care,8-K,2026-05-05,2026-05-05,0000078003-26-000053,0000078003-26-000053:pfe-3292026xex99.htm,EX-99,https://www.sec.gov/Archives/edgar/data/78003/000007800326000053/0000078003-26-000053-index.htm,https://www.sec.gov/Archives/edgar/data/78003/000007800326000053/pfe-3292026xex99.htm
Pfizer,PFE,78003,Health Care,8-K,2026-06-18,2026-06-18,0000078003-26-000087,0000078003-26-000087:pfe-20260618.htm,8-K,https://www.sec.gov/Archives/edgar/data/78003/000007800326000087/0000078003-26-000087-index.htm,https://www.sec.gov/Archives/edgar/data/78003/000007800326000087/pfe-20260618.htm
Pfizer,PFE,78003,Health Care,8-K,2026-02-03,2026-02-03,0000078003-26-000005,0000078003-26-000005:pfe-12312025xex99.htm,EX-99,https://www.sec.gov/Archives/edgar/data/78003/000007800326000005/0000078003-26-000005-index.htm,https://www.sec.gov/Archives/edgar/data/78003/000007800326000005/pfe-12312025xex99.htm
Pfizer,PFE,78003,Health Care,10-Q,2026-05-05,2026-03-29,0000078003-26-000054,0000078003-26-000054:pfe-20260329.htm,10-Q,https://www.sec.gov/Archives/edgar/data/78003/000007800326000054/0000078003-26-000054-index.htm,https://www.sec.gov/Archives/edgar/data/78003/000007800326000054/pfe-20260329.htm
Pfizer,PFE,78003,Health Care,10-K,2026-02-26,2025-12-31,0000078003-26-000026,0000078003-26-000026:pfe-20251231.htm,10-K,https://www.sec.gov/Archives/edgar/data/78003/000007800326000026/0000078003-26-000026-index.htm,https://www.sec.gov/Archives/edgar/data/78003/000007800326000026/pfe-20251231.htm
PG&E Corporation,PCG,1004980,Utilities,10-K,2026-02-12,2025-12-31,0001004980-26-000009,0001004980-26-000009:pcg-20251231.htm,10-K,https://www.sec.gov/Archives/edgar/data/1004980/000100498026000009/0001004980-26-000009-index.htm,https://www.sec.gov/Archives/edgar/data/1004980/000100498026000009/pcg-20251231.htm
PG&E Corporation,PCG,1004980,Utilities,10-Q,2025-04-24,2025-03-31,0001004980-25-000087,0001004980-25-000087:pcg-20250331.htm,10-Q,https://www.sec.gov/Archives/edgar/data/1004980/000100498025000087/0001004980-25-000087-index.htm,https://www.sec.gov/Archives/edgar/data/1004980/000100498025000087/pcg-20250331.htm
PG&E Corporation,PCG,1004980,Utilities,10-Q,2025-07-31,2025-06-30,0001004980-25-000132,0001004980-25-000132:pcg-20250630.htm,10-Q,https://www.sec.gov/Archives/edgar/data/1004980/000100498025000132/0001004980-25-000132-index.htm,https://www.sec.gov/Archives/edgar/data/1004980/000100498025000132/pcg-20250630.htm
PG&E Corporation,PCG,1004980,Utilities,10-Q,2025-10-23,2025-09-30,0001004980-25-000148,0001004980-25-000148:pcg-20250930.htm,10-Q,https://www.sec.gov/Archives/edgar/data/1004980/000100498025000148/0001004980-25-000148-index.htm,https://www.sec.gov/Archives/edgar/data/1004980/000100498025000148/pcg-20250930.htm
PG&E Corporation,PCG,1004980,Utilities,10-K,2025-02-13,2024-12-31,0001004980-25-000010,0001004980-25-000010:pcg-20241231.htm,10-K,https://www.sec.gov/Archives/edgar/data/1004980/000100498025000010/0001004980-25-000010-index.htm,https://www.sec.gov/Archives/edgar/data/1004980/000100498025000010/pcg-20241231.htm
Philip Morris International,PM,1413329,Consumer Staples,10-Q,2026-04-24,2026-03-31,0001628280-26-027019,0001628280-26-027019:pm-20260331.htm,10-Q,https://www.sec.gov/Archives/edgar/data/1413329/000162828026027019/0001628280-26-027019-index.htm,https://www.sec.gov/Archives/edgar/data/1413329/000162828026027019/pm-20260331.htm
Philip Morris International,PM,1413329,Consumer Staples,10-Q,2026-07-24,2026-06-30,0001628280-26-049493,0001628280-26-049493:pm-20260630.htm,10-Q,https://www.sec.gov/Archives/edgar/data/1413329/000162828026049493/0001628280-26-049493-index.htm,https://www.sec.gov/Archives/edgar/data/1413329/000162828026049493/pm-20260630.htm
Philip Morris International,PM,1413329,Consumer Staples,10-Q,2025-04-24,2025-03-31,0001413329-25-000094,0001413329-25-000094:pm-20250331.htm,10-Q,https://www.sec.gov/Archives/edgar/data/1413329/000141332925000094/0001413329-25-000094-index.htm,https://www.sec.gov/Archives/edgar/data/1413329/000141332925000094/pm-20250331.htm
Philip Morris International,PM,1413329,Consumer Staples,10-Q,2025-10-24,2025-09-30,0001628280-25-046179,0001628280-25-046179:pm-20250930.htm,10-Q,https://www.sec.gov/Archives/edgar/data/1413329/000162828025046179/0001628280-25-046179-index.htm,https://www.sec.gov/Archives/edgar/data/1413329/000162828025046179/pm-20250930.htm
Philip Morris International,PM,1413329,Consumer Staples,10-Q,2025-07-25,2025-06-30,0001413329-25-000150,0001413329-25-000150:pm-20250630.htm,10-Q,https://www.sec.gov/Archives/edgar/data/1413329/000141332925000150/0001413329-25-000150-index.htm,https://www.sec.gov/Archives/edgar/data/1413329/000141332925000150/pm-20250630.htm
Philip Morris International,PM,1413329,Consumer Staples,10-K,2026-02-06,2025-12-31,0001628280-26-005939,0001628280-26-005939:pm-20251231.htm,10-K,https://www.sec.gov/Archives/edgar/data/1413329/000162828026005939/0001628280-26-005939-index.htm,https://www.sec.gov/Archives/edgar/data/1413329/000162828026005939/pm-20251231.htm
Philip Morris International,PM,1413329,Consumer Staples,10-K,2025-02-06,2024-12-31,0001413329-25-000013,0001413329-25-000013:pm-20241231.htm,10-K,https://www.sec.gov/Archives/edgar/data/1413329/000141332925000013/0001413329-25-000013-index.htm,https://www.sec.gov/Archives/edgar/data/1413329/000141332925000013/pm-20241231.htm
Pinnacle West Capital,PNW,764622,Utilities,10-Q,2025-05-01,2025-03-31,0000764622-25-000047,0000764622-25-000047:pnw-20250331.htm,10-Q,https://www.sec.gov/Archives/edgar/data/764622/000076462225000047/0000764622-25-000047-index.htm,https://www.sec.gov/Archives/edgar/data/764622/000076462225000047/pnw-20250331.htm
Pinnacle West Capital,PNW,764622,Utilities,10-Q,2026-05-04,2026-03-31,0000764622-26-000025,0000764622-26-000025:pnw-20260331.htm,10-Q,https://www.sec.gov/Archives/edgar/data/764622/000076462226000025/0000764622-26-000025-index.htm,https://www.sec.gov/Archives/edgar/data/764622/000076462226000025/pnw-20260331.htm
Pinnacle West Capital,PNW,764622,Utilities,10-K,2025-02-25,2024-12-31,0000764622-25-000023,0000764622-25-000023:pnw-20241231.htm,10-K,https://www.sec.gov/Archives/edgar/data/764622/000076462225000023/0000764622-25-000023-index.htm,https://www.sec.gov/Archives/edgar/data/764622/000076462225000023/pnw-20241231.htm
Pinnacle West Capital,PNW,764622,Utilities,10-Q,2025-08-06,2025-06-30,0000764622-25-000072,0000764622-25-000072:pnw-20250630.htm,10-Q,https://www.sec.gov/Archives/edgar/data/764622/000076462225000072/0000764622-25-000072-index.htm,https://www.sec.gov/Archives/edgar/data/764622/000076462225000072/pnw-20250630.htm
Pinnacle West Capital,PNW,764622,Utilities,10-Q,2025-11-03,2025-09-30,0000764622-25-000087,0000764622-25-000087:pnw-20250930.htm,10-Q,https://www.sec.gov/Archives/edgar/data/764622/000076462225000087/0000764622-25-000087-index.htm,https://www.sec.gov/Archives/edgar/data/764622/000076462225000087/pnw-20250930.htm
Pinnacle West Capital,PNW,764622,Utilities,10-K,2026-02-25,2025-12-31,0000764622-26-000011,0000764622-26-000011:pnw-20251231.htm,10-K,https://www.sec.gov/Archives/edgar/data/764622/000076462226000011/0000764622-26-000011-index.htm,https://www.sec.gov/Archives/edgar/data/764622/000076462226000011/pnw-20251231.htm
PNC Financial Services,PNC,713676,Financials,8-K,2025-07-16,2025-07-16,0000713676-25-000048,0000713676-25-000048:q22025financialhighlightsa.htm,EX-99.1,https://www.sec.gov/Archives/edgar/data/713676/000071367625000048/0000713676-25-000048-index.htm,https://www.sec.gov/Archives/edgar/data/713676/000071367625000048/q22025financialhighlightsa.htm
PNC Financial Services,PNC,713676,Financials,10-Q,2025-08-01,2025-06-30,0000713676-25-000060,0000713676-25-000060:pnc-20250630.htm,10-Q,https://www.sec.gov/Archives/edgar/data/713676/000071367625000060/0000713676-25-000060-index.htm,https://www.sec.gov/Archives/edgar/data/713676/000071367625000060/pnc-20250630.htm
PNC Financial Services,PNC,713676,Financials,10-Q,2026-05-05,2026-03-31,0000713676-26-000038,0000713676-26-000038:pnc-20260331.htm,10-Q,https://www.sec.gov/Archives/edgar/data/713676/000071367626000038/0000713676-26-000038-index.htm,https://www.sec.gov/Archives/edgar/data/713676/000071367626000038/pnc-20260331.htm
PNC Financial Services,PNC,713676,Financials,10-Q,2025-05-02,2025-03-31,0001628280-25-021752,0001628280-25-021752:pnc-20250331.htm,10-Q,https://www.sec.gov/Archives/edgar/data/713676/000162828025021752/0001628280-25-021752-index.htm,https://www.sec.gov/Archives/edgar/data/713676/000162828025021752/pnc-20250331.htm
PNC Financial Services,PNC,713676,Financials,10-Q,2025-11-03,2025-09-30,0000713676-25-000132,0000713676-25-000132:pnc-20250930.htm,10-Q,https://www.sec.gov/Archives/edgar/data/713676/000071367625000132/0000713676-25-000132-index.htm,https://www.sec.gov/Archives/edgar/data/713676/000071367625000132/pnc-20250930.htm
PNC Financial Services,PNC,713676,Financials,10-K,2026-02-20,2025-12-31,0000713676-26-000020,0000713676-26-000020:pnc-20251231.htm,10-K,https://www.sec.gov/Archives/edgar/data/713676/000071367626000020/0000713676-26-000020-index.htm,https://www.sec.gov/Archives/edgar/data/713676/000071367626000020/pnc-20251231.htm
PPG Industries,PPG,79879,Materials,10-Q,2025-07-30,2025-06-30,0000079879-25-000223,0000079879-25-000223:ppg-20250630.htm,10-Q,https://www.sec.gov/Archives/edgar/data/79879/000007987925000223/0000079879-25-000223-index.htm,https://www.sec.gov/Archives/edgar/data/79879/000007987925000223/ppg-20250630.htm
PPG Industries,PPG,79879,Materials,10-Q,2025-04-30,2025-03-31,0000079879-25-000133,0000079879-25-000133:ppg-20250331.htm,10-Q,https://www.sec.gov/Archives/edgar/data/79879/000007987925000133/0000079879-25-000133-index.htm,https://www.sec.gov/Archives/edgar/data/79879/000007987925000133/ppg-20250331.htm
PPG Industries,PPG,79879,Materials,10-Q,2026-04-29,2026-03-31,0000079879-26-000170,0000079879-26-000170:ppg-20260331.htm,10-Q,https://www.sec.gov/Archives/edgar/data/79879/000007987926000170/0000079879-26-000170-index.htm,https://www.sec.gov/Archives/edgar/data/79879/000007987926000170/ppg-20260331.htm
PPG Industries,PPG,79879,Materials,10-Q,2025-10-29,2025-09-30,0000079879-25-000311,0000079879-25-000311:ppg-20250930.htm,10-Q,https://www.sec.gov/Archives/edgar/data/79879/000007987925000311/0000079879-25-000311-index.htm,https://www.sec.gov/Archives/edgar/data/79879/000007987925000311/ppg-20250930.htm
PPG Industries,PPG,79879,Materials,10-K,2026-02-19,2025-12-31,0000079879-26-000046,0000079879-26-000046:ppg-20251231.htm,10-K,https://www.sec.gov/Archives/edgar/data/79879/000007987926000046/0000079879-26-000046-index.htm,https://www.sec.gov/Archives/edgar/data/79879/000007987926000046/ppg-20251231.htm
PPL Corporation,PPL,922224,Utilities,8-K,2026-03-13,2026-03-13,0000922224-26-000020,0000922224-26-000020:ppl-20260313.htm,8-K,https://www.sec.gov/Archives/edgar/data/922224/000092222426000020/0000922224-26-000020-index.htm,https://www.sec.gov/Archives/edgar/data/922224/000092222426000020/ppl-20260313.htm
PPL Corporation,PPL,922224,Utilities,10-K,2026-02-20,2025-12-31,0000922224-26-000008,0000922224-26-000008:ppl-20251231.htm,10-K,https://www.sec.gov/Archives/edgar/data/922224/000092222426000008/0000922224-26-000008-index.htm,https://www.sec.gov/Archives/edgar/data/922224/000092222426000008/ppl-20251231.htm
PPL Corporation,PPL,922224,Utilities,10-K,2025-02-13,2024-12-31,0000922224-25-000009,0000922224-25-000009:ppl-20241231.htm,10-K,https://www.sec.gov/Archives/edgar/data/922224/000092222425000009/0000922224-25-000009-index.htm,https://www.sec.gov/Archives/edgar/data/922224/000092222425000009/ppl-20241231.htm
PPL Corporation,PPL,922224,Utilities,8-K,2026-03-13,2026-03-13,0000922224-26-000020,0000922224-26-000020:ppl-03132026exhibit991.htm,EX-99.1,https://www.sec.gov/Archives/edgar/data/922224/000092222426000020/0000922224-26-000020-index.htm,https://www.sec.gov/Archives/edgar/data/922224/000092222426000020/ppl-03132026exhibit991.htm
PPL Corporation,PPL,922224,Utilities,10-Q,2026-05-08,2026-03-31,0000922224-26-000026,0000922224-26-000026:ppl-20260331.htm,10-Q,https://www.sec.gov/Archives/edgar/data/922224/000092222426000026/0000922224-26-000026-index.htm,https://www.sec.gov/Archives/edgar/data/922224/000092222426000026/ppl-20260331.htm
PPL Corporation,PPL,922224,Utilities,8-K,2026-03-24,2026-03-19,0000922224-26-000022,0000922224-26-000022:ppl-20260319.htm,8-K,https://www.sec.gov/Archives/edgar/data/922224/000092222426000022/0000922224-26-000022-index.htm,https://www.sec.gov/Archives/edgar/data/922224/000092222426000022/ppl-20260319.htm
PPL Corporation,PPL,922224,Utilities,8-K,2025-02-28,2025-02-28,0000922224-25-000011,0000922224-25-000011:ppl-20250228.htm,8-K,https://www.sec.gov/Archives/edgar/data/922224/000092222425000011/0000922224-25-000011-index.htm,https://www.sec.gov/Archives/edgar/data/922224/000092222425000011/ppl-20250228.htm
PPL Corporation,PPL,922224,Utilities,8-K,2025-10-20,2025-10-20,0000922224-25-000044,0000922224-25-000044:ppl-20251020.htm,8-K,https://www.sec.gov/Archives/edgar/data/922224/000092222425000044/0000922224-25-000044-index.htm,https://www.sec.gov/Archives/edgar/data/922224/000092222425000044/ppl-20251020.htm
PPL Corporation,PPL,922224,Utilities,8-K,2026-02-17,2026-02-16,0000922224-26-000004,0000922224-26-000004:ppl-20260216.htm,8-K,https://www.sec.gov/Archives/edgar/data/922224/000092222426000004/0000922224-26-000004-index.htm,https://www.sec.gov/Archives/edgar/data/922224/000092222426000004/ppl-20260216.htm
PPL Corporation,PPL,922224,Utilities,8-K,2026-05-08,2026-05-08,0000922224-26-000024,0000922224-26-000024:ppl-3312026exhibit991.htm,EX-99.1,https://www.sec.gov/Archives/edgar/data/922224/000092222426000024/0000922224-26-000024-index.htm,https://www.sec.gov/Archives/edgar/data/922224/000092222426000024/ppl-3312026exhibit991.htm
PPL Corporation,PPL,922224,Utilities,10-Q,2025-11-05,2025-09-30,0000922224-25-000051,0000922224-25-000051:ppl-20250930.htm,10-Q,https://www.sec.gov/Archives/edgar/data/922224/000092222425000051/0000922224-25-000051-index.htm,https://www.sec.gov/Archives/edgar/data/922224/000092222425000051/ppl-20250930.htm
PPL Corporation,PPL,922224,Utilities,10-Q,2025-04-30,2025-03-31,0000922224-25-000017,0000922224-25-000017:ppl-20250430.htm,10-Q,https://www.sec.gov/Archives/edgar/data/922224/000092222425000017/0000922224-25-000017-index.htm,https://www.sec.gov/Archives/edgar/data/922224/000092222425000017/ppl-20250430.htm
PPL Corporation,PPL,922224,Utilities,10-Q,2025-07-31,2025-06-30,0000922224-25-000034,0000922224-25-000034:ppl-20250630.htm,10-Q,https://www.sec.gov/Archives/edgar/data/922224/000092222425000034/0000922224-25-000034-index.htm,https://www.sec.gov/Archives/edgar/data/922224/000092222425000034/ppl-20250630.htm
Procter & Gamble,PG,80424,Consumer Staples,8-K,2026-01-22,2026-01-22,0000080424-26-000009,0000080424-26-000009:q2fy2026earningsslidesv3.htm,EX-99.1,https://www.sec.gov/Archives/edgar/data/80424/000008042426000009/0000080424-26-000009-index.htm,https://www.sec.gov/Archives/edgar/data/80424/000008042426000009/q2fy2026earningsslidesv3.htm
Procter & Gamble,PG,80424,Consumer Staples,8-K,2025-10-24,2025-10-24,0000080424-25-000243,0000080424-25-000243:q1fy2026earningsslidesv1.htm,EX-99.1,https://www.sec.gov/Archives/edgar/data/80424/000008042425000243/0000080424-25-000243-index.htm,https://www.sec.gov/Archives/edgar/data/80424/000008042425000243/q1fy2026earningsslidesv1.htm
Procter & Gamble,PG,80424,Consumer Staples,8-K,2026-04-24,2026-04-24,0000080424-26-000057,0000080424-26-000057:q3fy2026slides.htm,EX-99.1,https://www.sec.gov/Archives/edgar/data/80424/000008042426000057/0000080424-26-000057-index.htm,https://www.sec.gov/Archives/edgar/data/80424/000008042426000057/q3fy2026slides.htm
Procter & Gamble,PG,80424,Consumer Staples,8-K,2025-04-24,2025-04-24,0000080424-25-000035,0000080424-25-000035:jfmq3earningsslides.htm,EX-99.1 CHARTER,https://www.sec.gov/Archives/edgar/data/80424/000008042425000035/0000080424-25-000035-index.htm,https://www.sec.gov/Archives/edgar/data/80424/000008042425000035/jfmq3earningsslides.htm
Procter & Gamble,PG,80424,Consumer Staples,10-Q,2026-01-23,2025-12-31,0000080424-26-000011,0000080424-26-000011:pg-20251231.htm,10-Q,https://www.sec.gov/Archives/edgar/data/80424/000008042426000011/0000080424-26-000011-index.htm,https://www.sec.gov/Archives/edgar/data/80424/000008042426000011/pg-20251231.htm
Procter & Gamble,PG,80424,Consumer Staples,8-K,2025-06-05,2025-06-05,0000080424-25-000050,0000080424-25-000050:dbslides.htm,EX-99.1 CHARTER,https://www.sec.gov/Archives/edgar/data/80424/000008042425000050/0000080424-25-000050-index.htm,https://www.sec.gov/Archives/edgar/data/80424/000008042425000050/dbslides.htm
Procter & Gamble,PG,80424,Consumer Staples,8-K,2025-07-29,2025-07-29,0000080424-25-000069,0000080424-25-000069:q4fy25earningsslides.htm,EX-99.1,https://www.sec.gov/Archives/edgar/data/80424/000008042425000069/0000080424-25-000069-index.htm,https://www.sec.gov/Archives/edgar/data/80424/000008042425000069/q4fy25earningsslides.htm
Procter & Gamble,PG,80424,Consumer Staples,10-Q,2026-04-24,2026-03-31,0000080424-26-000060,0000080424-26-000060:pg-20260331.htm,10-Q,https://www.sec.gov/Archives/edgar/data/80424/000008042426000060/0000080424-26-000060-index.htm,https://www.sec.gov/Archives/edgar/data/80424/000008042426000060/pg-20260331.htm
Prologis,PLD,1045609,Real Estate,10-Q,2025-04-29,2025-03-31,0000950170-25-060107,0000950170-25-060107:pld-20250331.htm,10-Q,https://www.sec.gov/Archives/edgar/data/1045609/000095017025060107/0000950170-25-060107-index.htm,https://www.sec.gov/Archives/edgar/data/1045609/000095017025060107/pld-20250331.htm
Prologis,PLD,1045609,Real Estate,10-Q,2025-07-30,2025-06-30,0000950170-25-099770,0000950170-25-099770:pld-20250630.htm,10-Q,https://www.sec.gov/Archives/edgar/data/1045609/000095017025099770/0000950170-25-099770-index.htm,https://www.sec.gov/Archives/edgar/data/1045609/000095017025099770/pld-20250630.htm
Prologis,PLD,1045609,Real Estate,10-Q,2025-10-28,2025-09-30,0001193125-25-253512,0001193125-25-253512:pld-20250930.htm,10-Q,https://www.sec.gov/Archives/edgar/data/1045609/000119312525253512/0001193125-25-253512-index.htm,https://www.sec.gov/Archives/edgar/data/1045609/000119312525253512/pld-20250930.htm
Prologis,PLD,1045609,Real Estate,10-K,2026-02-13,2025-12-31,0001193125-26-051453,0001193125-26-051453:pld-20251231.htm,10-K,https://www.sec.gov/Archives/edgar/data/1045609/000119312526051453/0001193125-26-051453-index.htm,https://www.sec.gov/Archives/edgar/data/1045609/000119312526051453/pld-20251231.htm
Public Service Enterprise Group,PEG,788784,Utilities,10-Q,2025-04-30,2025-03-31,0000950170-25-061108,0000950170-25-061108:peg-20250331.htm,10-Q,https://www.sec.gov/Archives/edgar/data/788784/000095017025061108/0000950170-25-061108-index.htm,https://www.sec.gov/Archives/edgar/data/788784/000095017025061108/peg-20250331.htm
Public Service Enterprise Group,PEG,788784,Utilities,10-Q,2026-05-05,2026-03-31,0001193125-26-206545,0001193125-26-206545:peg-20260331.htm,10-Q,https://www.sec.gov/Archives/edgar/data/788784/000119312526206545/0001193125-26-206545-index.htm,https://www.sec.gov/Archives/edgar/data/788784/000119312526206545/peg-20260331.htm
Public Service Enterprise Group,PEG,788784,Utilities,10-Q,2025-08-05,2025-06-30,0000950170-25-103096,0000950170-25-103096:peg-20250630.htm,10-Q,https://www.sec.gov/Archives/edgar/data/788784/000095017025103096/0000950170-25-103096-index.htm,https://www.sec.gov/Archives/edgar/data/788784/000095017025103096/peg-20250630.htm
Public Service Enterprise Group,PEG,788784,Utilities,10-K,2026-02-26,2025-12-31,0001193125-26-077446,0001193125-26-077446:peg-20251231.htm,10-K,https://www.sec.gov/Archives/edgar/data/788784/000119312526077446/0001193125-26-077446-index.htm,https://www.sec.gov/Archives/edgar/data/788784/000119312526077446/peg-20251231.htm
Public Service Enterprise Group,PEG,788784,Utilities,10-K,2025-02-25,2024-12-31,0000950170-25-026874,0000950170-25-026874:peg-20241231.htm,10-K,https://www.sec.gov/Archives/edgar/data/788784/000095017025026874/0000950170-25-026874-index.htm,https://www.sec.gov/Archives/edgar/data/788784/000095017025026874/peg-20241231.htm
Public Service Enterprise Group,PEG,788784,Utilities,10-Q,2025-11-03,2025-09-30,0001193125-25-262643,0001193125-25-262643:peg-20250930.htm,10-Q,https://www.sec.gov/Archives/edgar/data/788784/000119312525262643/0001193125-25-262643-index.htm,https://www.sec.gov/Archives/edgar/data/788784/000119312525262643/peg-20250930.htm
Qnity Electronics,Q,2058873,Information Technology,10-Q,2026-05-12,2026-03-31,0002058873-26-000015,0002058873-26-000015:q-20260331.htm,10-Q,https://www.sec.gov/Archives/edgar/data/2058873/000205887326000015/0002058873-26-000015-index.htm,https://www.sec.gov/Archives/edgar/data/2058873/000205887326000015/q-20260331.htm
Qnity Electronics,Q,2058873,Information Technology,8-K,2025-10-15,2025-10-13,0001193125-25-240313,0001193125-25-240313:d21160dex991.htm,EX-99.1,https://www.sec.gov/Archives/edgar/data/2058873/000119312525240313/0001193125-25-240313-index.htm,https://www.sec.gov/Archives/edgar/data/2058873/000119312525240313/d21160dex991.htm
Qnity Electronics,Q,2058873,Information Technology,10-K,2026-02-26,2025-12-31,0002058873-26-000010,0002058873-26-000010:q-20251231.htm,10-K,https://www.sec.gov/Archives/edgar/data/2058873/000205887326000010/0002058873-26-000010-index.htm,https://www.sec.gov/Archives/edgar/data/2058873/000205887326000010/q-20251231.htm
Ralph Lauren Corporation,RL,1037038,Consumer Discretionary,8-K,2026-05-21,2026-05-21,0001628280-26-037053,0001628280-26-037053:rl-20260328xex991xpressrel.htm,EX-99.1,https://www.sec.gov/Archives/edgar/data/1037038/000162828026037053/0001628280-26-037053-index.htm,https://www.sec.gov/Archives/edgar/data/1037038/000162828026037053/rl-20260328xex991xpressrel.htm
Ralph Lauren Corporation,RL,1037038,Consumer Discretionary,8-K,2025-05-22,2025-05-22,0001037038-25-000010,0001037038-25-000010:rl-20250329xex991xpressrel.htm,EX-99.1,https://www.sec.gov/Archives/edgar/data/1037038/000103703825000010/0001037038-25-000010-index.htm,https://www.sec.gov/Archives/edgar/data/1037038/000103703825000010/rl-20250329xex991xpressrel.htm
Ralph Lauren Corporation,RL,1037038,Consumer Discretionary,10-K,2026-05-21,2026-03-28,0001628280-26-037074,0001628280-26-037074:rl-20260328.htm,10-K,https://www.sec.gov/Archives/edgar/data/1037038/000162828026037074/0001628280-26-037074-index.htm,https://www.sec.gov/Archives/edgar/data/1037038/000162828026037074/rl-20260328.htm
Ralph Lauren Corporation,RL,1037038,Consumer Discretionary,10-K,2025-05-22,2025-03-29,0001037038-25-000011,0001037038-25-000011:rl-20250329.htm,10-K,https://www.sec.gov/Archives/edgar/data/1037038/000103703825000011/0001037038-25-000011-index.htm,https://www.sec.gov/Archives/edgar/data/1037038/000103703825000011/rl-20250329.htm
Ralph Lauren Corporation,RL,1037038,Consumer Discretionary,10-Q,2025-08-07,2025-06-28,0001037038-25-000018,0001037038-25-000018:rl-20250628.htm,10-Q,https://www.sec.gov/Archives/edgar/data/1037038/000103703825000018/0001037038-25-000018-index.htm,https://www.sec.gov/Archives/edgar/data/1037038/000103703825000018/rl-20250628.htm
Ralph Lauren Corporation,RL,1037038,Consumer Discretionary,10-Q,2025-11-06,2025-09-27,0001628280-25-049927,0001628280-25-049927:rl-20250927.htm,10-Q,https://www.sec.gov/Archives/edgar/data/1037038/000162828025049927/0001628280-25-049927-index.htm,https://www.sec.gov/Archives/edgar/data/1037038/000162828025049927/rl-20250927.htm
Ralph Lauren Corporation,RL,1037038,Consumer Discretionary,10-Q,2026-02-05,2025-12-27,0001628280-26-005784,0001628280-26-005784:rl-20251227.htm,10-Q,https://www.sec.gov/Archives/edgar/data/1037038/000162828026005784/0001628280-26-005784-index.htm,https://www.sec.gov/Archives/edgar/data/1037038/000162828026005784/rl-20251227.htm
Raymond James Financial,RJF,720005,Financials,8-K,2025-04-23,2025-04-23,0000720005-25-000049,0000720005-25-000049:rjf20250331q225earnings.htm,EX-99.1,https://www.sec.gov/Archives/edgar/data/720005/000072000525000049/0000720005-25-000049-index.htm,https://www.sec.gov/Archives/edgar/data/720005/000072000525000049/rjf20250331q225earnings.htm
RTX Corporation,RTX,101829,Industrials,10-Q,2025-04-22,2025-03-31,0000101829-25-000015,0000101829-25-000015:rtx-20250331.htm,10-Q,https://www.sec.gov/Archives/edgar/data/101829/000010182925000015/0000101829-25-000015-index.htm,https://www.sec.gov/Archives/edgar/data/101829/000010182925000015/rtx-20250331.htm
RTX Corporation,RTX,101829,Industrials,10-Q,2026-07-23,2026-06-30,0000101829-26-000027,0000101829-26-000027:rtx-20260630.htm,10-Q,https://www.sec.gov/Archives/edgar/data/101829/000010182926000027/0000101829-26-000027-index.htm,https://www.sec.gov/Archives/edgar/data/101829/000010182926000027/rtx-20260630.htm
RTX Corporation,RTX,101829,Industrials,10-Q,2026-04-21,2026-03-31,0000101829-26-000011,0000101829-26-000011:rtx-20260331.htm,10-Q,https://www.sec.gov/Archives/edgar/data/101829/000010182926000011/0000101829-26-000011-index.htm,https://www.sec.gov/Archives/edgar/data/101829/000010182926000011/rtx-20260331.htm
RTX Corporation,RTX,101829,Industrials,10-Q,2025-10-21,2025-09-30,0000101829-25-000042,0000101829-25-000042:rtx-20250930.htm,10-Q,https://www.sec.gov/Archives/edgar/data/101829/000010182925000042/0000101829-25-000042-index.htm,https://www.sec.gov/Archives/edgar/data/101829/000010182925000042/rtx-20250930.htm
RTX Corporation,RTX,101829,Industrials,8-K,2025-04-22,2025-04-22,0000101829-25-000014,0000101829-25-000014:a2025-04x228xkerexhibit99.htm,EX-99,https://www.sec.gov/Archives/edgar/data/101829/000010182925000014/0000101829-25-000014-index.htm,https://www.sec.gov/Archives/edgar/data/101829/000010182925000014/a2025-04x228xkerexhibit99.htm
RTX Corporation,RTX,101829,Industrials,10-Q,2025-07-22,2025-06-30,0000101829-25-000032,0000101829-25-000032:rtx-20250630.htm,10-Q,https://www.sec.gov/Archives/edgar/data/101829/000010182925000032/0000101829-25-000032-index.htm,https://www.sec.gov/Archives/edgar/data/101829/000010182925000032/rtx-20250630.htm
RTX Corporation,RTX,101829,Industrials,10-K,2026-02-06,2025-12-31,0000101829-26-000006,0000101829-26-000006:rtx-20251231.htm,10-K,https://www.sec.gov/Archives/edgar/data/101829/000010182926000006/0000101829-26-000006-index.htm,https://www.sec.gov/Archives/edgar/data/101829/000010182926000006/rtx-20251231.htm
RTX Corporation,RTX,101829,Industrials,10-K,2025-02-03,2024-12-31,0000101829-25-000005,0000101829-25-000005:rtx-20241231.htm,10-K,https://www.sec.gov/Archives/edgar/data/101829/000010182925000005/0000101829-25-000005-index.htm,https://www.sec.gov/Archives/edgar/data/101829/000010182925000005/rtx-20241231.htm
Regency Centers,REG,910606,Real Estate,10-Q,2026-05-04,2026-03-31,0001193125-26-203537,0001193125-26-203537:reg-20260331.htm,10-Q,https://www.sec.gov/Archives/edgar/data/910606/000119312526203537/0001193125-26-203537-index.htm,https://www.sec.gov/Archives/edgar/data/910606/000119312526203537/reg-20260331.htm
Regency Centers,REG,910606,Real Estate,10-K,2026-02-13,2025-12-31,0001193125-26-051668,0001193125-26-051668:reg-20251231.htm,10-K,https://www.sec.gov/Archives/edgar/data/910606/000119312526051668/0001193125-26-051668-index.htm,https://www.sec.gov/Archives/edgar/data/910606/000119312526051668/reg-20251231.htm
Regeneron Pharmaceuticals,REGN,872589,Health Care,8-K,2026-04-29,2026-04-29,0000872589-26-000014,0000872589-26-000014:exhibit991q12026.htm,EX-99.1,https://www.sec.gov/Archives/edgar/data/872589/000087258926000014/0000872589-26-000014-index.htm,https://www.sec.gov/Archives/edgar/data/872589/000087258926000014/exhibit991q12026.htm
Regeneron Pharmaceuticals,REGN,872589,Health Care,10-Q,2026-04-29,2026-03-31,0000872589-26-000016,0000872589-26-000016:regn-20260331.htm,10-Q,https://www.sec.gov/Archives/edgar/data/872589/000087258926000016/0000872589-26-000016-index.htm,https://www.sec.gov/Archives/edgar/data/872589/000087258926000016/regn-20260331.htm
Regeneron Pharmaceuticals,REGN,872589,Health Care,10-Q,2025-08-01,2025-06-30,0000872589-25-000019,0000872589-25-000019:regn-20250630.htm,10-Q,https://www.sec.gov/Archives/edgar/data/872589/000087258925000019/0000872589-25-000019-index.htm,https://www.sec.gov/Archives/edgar/data/872589/000087258925000019/regn-20250630.htm
Regeneron Pharmaceuticals,REGN,872589,Health Care,10-Q,2025-10-28,2025-09-30,0000872589-25-000028,0000872589-25-000028:regn-20250930.htm,10-Q,https://www.sec.gov/Archives/edgar/data/872589/000087258925000028/0000872589-25-000028-index.htm,https://www.sec.gov/Archives/edgar/data/872589/000087258925000028/regn-20250930.htm
Regeneron Pharmaceuticals,REGN,872589,Health Care,10-Q,2025-04-29,2025-03-31,0001804220-25-000022,0001804220-25-000022:regn-20250331.htm,10-Q,https://www.sec.gov/Archives/edgar/data/872589/000180422025000022/0001804220-25-000022-index.htm,https://www.sec.gov/Archives/edgar/data/872589/000180422025000022/regn-20250331.htm
Regeneron Pharmaceuticals,REGN,872589,Health Care,10-K,2026-02-04,2025-12-31,0000872589-26-000008,0000872589-26-000008:regn-20251231.htm,10-K,https://www.sec.gov/Archives/edgar/data/872589/000087258926000008/0000872589-26-000008-index.htm,https://www.sec.gov/Archives/edgar/data/872589/000087258926000008/regn-20251231.htm
Regions Financial Corporation,RF,1281761,Financials,8-K,2026-01-16,2026-01-16,0001281761-26-000006,0001281761-26-000006:rf-20251231xexhibit993.htm,EX-99.3,https://www.sec.gov/Archives/edgar/data/1281761/000128176126000006/0001281761-26-000006-index.htm,https://www.sec.gov/Archives/edgar/data/1281761/000128176126000006/rf-20251231xexhibit993.htm
Regions Financial Corporation,RF,1281761,Financials,8-K,2025-04-17,2025-04-17,0001281761-25-000028,0001281761-25-000028:rf-20250331xexhibit993.htm,EX-99.3,https://www.sec.gov/Archives/edgar/data/1281761/000128176125000028/0001281761-25-000028-index.htm,https://www.sec.gov/Archives/edgar/data/1281761/000128176125000028/rf-20250331xexhibit993.htm
Regions Financial Corporation,RF,1281761,Financials,10-Q,2025-11-04,2025-09-30,0001281761-25-000080,0001281761-25-000080:rf-20250930.htm,10-Q,https://www.sec.gov/Archives/edgar/data/1281761/000128176125000080/0001281761-25-000080-index.htm,https://www.sec.gov/Archives/edgar/data/1281761/000128176125000080/rf-20250930.htm
Regions Financial Corporation,RF,1281761,Financials,8-K,2025-07-18,2025-07-18,0001281761-25-000058,0001281761-25-000058:rf-2025630xexhibit993.htm,EX-99.3,https://www.sec.gov/Archives/edgar/data/1281761/000128176125000058/0001281761-25-000058-index.htm,https://www.sec.gov/Archives/edgar/data/1281761/000128176125000058/rf-2025630xexhibit993.htm
Regions Financial Corporation,RF,1281761,Financials,8-K,2025-05-05,2025-05-05,0001281761-25-000039,0001281761-25-000039:a2q25investormeetingmate.htm,EX-99.1,https://www.sec.gov/Archives/edgar/data/1281761/000128176125000039/0001281761-25-000039-index.htm,https://www.sec.gov/Archives/edgar/data/1281761/000128176125000039/a2q25investormeetingmate.htm
Regions Financial Corporation,RF,1281761,Financials,8-K,2026-02-09,2026-02-09,0001281761-26-000012,0001281761-26-000012:a1q26investormeetingmate.htm,EX-99.1,https://www.sec.gov/Archives/edgar/data/1281761/000128176126000012/0001281761-26-000012-index.htm,https://www.sec.gov/Archives/edgar/data/1281761/000128176126000012/a1q26investormeetingmate.htm
Regions Financial Corporation,RF,1281761,Financials,8-K,2025-08-19,2025-08-19,0001281761-25-000069,0001281761-25-000069:a3q25investormeetingmate.htm,EX-99.1,https://www.sec.gov/Archives/edgar/data/1281761/000128176125000069/0001281761-25-000069-index.htm,https://www.sec.gov/Archives/edgar/data/1281761/000128176125000069/a3q25investormeetingmate.htm
Regions Financial Corporation,RF,1281761,Financials,10-Q,2025-08-05,2025-06-30,0001281761-25-000063,0001281761-25-000063:rf-20250630.htm,10-Q,https://www.sec.gov/Archives/edgar/data/1281761/000128176125000063/0001281761-25-000063-index.htm,https://www.sec.gov/Archives/edgar/data/1281761/000128176125000063/rf-20250630.htm
Regions Financial Corporation,RF,1281761,Financials,10-K,2026-02-24,2025-12-31,0001281761-26-000019,0001281761-26-000019:rf-20251231.htm,10-K,https://www.sec.gov/Archives/edgar/data/1281761/000128176126000019/0001281761-26-000019-index.htm,https://www.sec.gov/Archives/edgar/data/1281761/000128176126000019/rf-20251231.htm
ResMed,RMD,943819,Health Care,10-Q,2025-04-24,2025-03-31,0000943819-25-000008,0000943819-25-000008:rmd-20250331.htm,10-Q,https://www.sec.gov/Archives/edgar/data/943819/000094381925000008/0000943819-25-000008-index.htm,https://www.sec.gov/Archives/edgar/data/943819/000094381925000008/rmd-20250331.htm
ResMed,RMD,943819,Health Care,10-K,2025-08-08,2025-06-30,0000943819-25-000035,0000943819-25-000035:rmd-20250630.htm,10-K,https://www.sec.gov/Archives/edgar/data/943819/000094381925000035/0000943819-25-000035-index.htm,https://www.sec.gov/Archives/edgar/data/943819/000094381925000035/rmd-20250630.htm
Revvity,RVTY,31791,Health Care,8-K,2025-04-28,2025-04-28,0000031791-25-000012,0000031791-25-000012:q12025pressrelease.htm,EX-99.1,https://www.sec.gov/Archives/edgar/data/31791/000003179125000012/0000031791-25-000012-index.htm,https://www.sec.gov/Archives/edgar/data/31791/000003179125000012/q12025pressrelease.htm
Revvity,RVTY,31791,Health Care,8-K,2025-07-28,2025-07-28,0000031791-25-000022,0000031791-25-000022:q22025pressrelease.htm,EX-99.1,https://www.sec.gov/Archives/edgar/data/31791/000003179125000022/0000031791-25-000022-index.htm,https://www.sec.gov/Archives/edgar/data/31791/000003179125000022/q22025pressrelease.htm
Revvity,RVTY,31791,Health Care,8-K,2025-10-27,2025-10-27,0000031791-25-000032,0000031791-25-000032:q32025pressrelease.htm,EX-99.1,https://www.sec.gov/Archives/edgar/data/31791/000003179125000032/0000031791-25-000032-index.htm,https://www.sec.gov/Archives/edgar/data/31791/000003179125000032/q32025pressrelease.htm
Revvity,RVTY,31791,Health Care,8-K,2026-02-02,2026-02-02,0000031791-26-000007,0000031791-26-000007:q42025pressrelease.htm,EX-99.1,https://www.sec.gov/Archives/edgar/data/31791/000003179126000007/0000031791-26-000007-index.htm,https://www.sec.gov/Archives/edgar/data/31791/000003179126000007/q42025pressrelease.htm
Revvity,RVTY,31791,Health Care,8-K,2026-05-05,2026-05-05,0000031791-26-000016,0000031791-26-000016:q12026pressrelease.htm,EX-99.1,https://www.sec.gov/Archives/edgar/data/31791/000003179126000016/0000031791-26-000016-index.htm,https://www.sec.gov/Archives/edgar/data/31791/000003179126000016/q12026pressrelease.htm
Revvity,RVTY,31791,Health Care,10-Q,2025-05-06,2025-03-30,0000031791-25-000015,0000031791-25-000015:revv-20250330.htm,10-Q,https://www.sec.gov/Archives/edgar/data/31791/000003179125000015/0000031791-25-000015-index.htm,https://www.sec.gov/Archives/edgar/data/31791/000003179125000015/revv-20250330.htm
Rockwell Automation,ROK,1024478,Industrials,8-K,2025-05-07,2025-05-07,0001024478-25-000033,0001024478-25-000033:q2fy25ex99.htm,EX-99,https://www.sec.gov/Archives/edgar/data/1024478/000102447825000033/0001024478-25-000033-index.htm,https://www.sec.gov/Archives/edgar/data/1024478/000102447825000033/q2fy25ex99.htm
Rockwell Automation,ROK,1024478,Industrials,8-K,2025-08-06,2025-08-06,0001024478-25-000081,0001024478-25-000081:q3fy25ex99.htm,EX-99,https://www.sec.gov/Archives/edgar/data/1024478/000102447825000081/0001024478-25-000081-index.htm,https://www.sec.gov/Archives/edgar/data/1024478/000102447825000081/q3fy25ex99.htm
Rockwell Automation,ROK,1024478,Industrials,10-Q,2026-05-05,2026-03-31,0001024478-26-000022,0001024478-26-000022:rok-20260331.htm,10-Q,https://www.sec.gov/Archives/edgar/data/1024478/000102447826000022/0001024478-26-000022-index.htm,https://www.sec.gov/Archives/edgar/data/1024478/000102447826000022/rok-20260331.htm
Rockwell Automation,ROK,1024478,Industrials,10-Q,2026-02-05,2025-12-31,0001024478-26-000005,0001024478-26-000005:rok-20251231.htm,10-Q,https://www.sec.gov/Archives/edgar/data/1024478/000102447826000005/0001024478-26-000005-index.htm,https://www.sec.gov/Archives/edgar/data/1024478/000102447826000005/rok-20251231.htm
Rockwell Automation,ROK,1024478,Industrials,10-Q,2025-05-07,2025-03-31,0001024478-25-000035,0001024478-25-000035:rok-20250331.htm,10-Q,https://www.sec.gov/Archives/edgar/data/1024478/000102447825000035/0001024478-25-000035-index.htm,https://www.sec.gov/Archives/edgar/data/1024478/000102447825000035/rok-20250331.htm
Rockwell Automation,ROK,1024478,Industrials,10-Q,2025-08-06,2025-06-30,0001024478-25-000083,0001024478-25-000083:rok-20250630.htm,10-Q,https://www.sec.gov/Archives/edgar/data/1024478/000102447825000083/0001024478-25-000083-index.htm,https://www.sec.gov/Archives/edgar/data/1024478/000102447825000083/rok-20250630.htm
Rockwell Automation,ROK,1024478,Industrials,10-K,2025-11-12,2025-09-30,0001024478-25-000116,0001024478-25-000116:rok-20250930.htm,10-K,https://www.sec.gov/Archives/edgar/data/1024478/000102447825000116/0001024478-25-000116-index.htm,https://www.sec.gov/Archives/edgar/data/1024478/000102447825000116/rok-20250930.htm
Ross Stores,ROST,745732,Consumer Discretionary,8-K,2025-11-20,2025-11-20,0000745732-25-000055,0000745732-25-000055:q325exhibit991.htm,EX-99.1,https://www.sec.gov/Archives/edgar/data/745732/000074573225000055/0000745732-25-000055-index.htm,https://www.sec.gov/Archives/edgar/data/745732/000074573225000055/q325exhibit991.htm
Ross Stores,ROST,745732,Consumer Discretionary,8-K,2025-08-21,2025-08-21,0000745732-25-000047,0000745732-25-000047:q225exhibit991.htm,EX-99.1,https://www.sec.gov/Archives/edgar/data/745732/000074573225000047/0000745732-25-000047-index.htm,https://www.sec.gov/Archives/edgar/data/745732/000074573225000047/q225exhibit991.htm
Ross Stores,ROST,745732,Consumer Discretionary,8-K,2025-05-22,2025-05-22,0000745732-25-000022,0000745732-25-000022:q125exhibit991.htm,EX-99.1,https://www.sec.gov/Archives/edgar/data/745732/000074573225000022/0000745732-25-000022-index.htm,https://www.sec.gov/Archives/edgar/data/745732/000074573225000022/q125exhibit991.htm
Ross Stores,ROST,745732,Consumer Discretionary,10-Q,2025-12-10,2025-11-01,0000745732-25-000061,0000745732-25-000061:rost-20251101.htm,10-Q,https://www.sec.gov/Archives/edgar/data/745732/000074573225000061/0000745732-25-000061-index.htm,https://www.sec.gov/Archives/edgar/data/745732/000074573225000061/rost-20251101.htm
Ross Stores,ROST,745732,Consumer Discretionary,10-Q,2025-09-10,2025-08-02,0000745732-25-000052,0000745732-25-000052:rost-20250802.htm,10-Q,https://www.sec.gov/Archives/edgar/data/745732/000074573225000052/0000745732-25-000052-index.htm,https://www.sec.gov/Archives/edgar/data/745732/000074573225000052/rost-20250802.htm
Ross Stores,ROST,745732,Consumer Discretionary,8-K,2026-03-03,2026-03-03,0000745732-26-000003,0000745732-26-000003:q4fy25exhibit991.htm,EX-99.1,https://www.sec.gov/Archives/edgar/data/745732/000074573226000003/0000745732-26-000003-index.htm,https://www.sec.gov/Archives/edgar/data/745732/000074573226000003/q4fy25exhibit991.htm
Ross Stores,ROST,745732,Consumer Discretionary,10-Q,2025-06-11,2025-05-03,0000745732-25-000031,0000745732-25-000031:rost-20250503.htm,10-Q,https://www.sec.gov/Archives/edgar/data/745732/000074573225000031/0000745732-25-000031-index.htm,https://www.sec.gov/Archives/edgar/data/745732/000074573225000031/rost-20250503.htm
Ross Stores,ROST,745732,Consumer Discretionary,8-K,2026-05-21,2026-05-21,0000745732-26-000025,0000745732-26-000025:q126exhibit991.htm,EX-99.1,https://www.sec.gov/Archives/edgar/data/745732/000074573226000025/0000745732-26-000025-index.htm,https://www.sec.gov/Archives/edgar/data/745732/000074573226000025/q126exhibit991.htm
Ross Stores,ROST,745732,Consumer Discretionary,8-K,2025-03-04,2025-03-04,0000745732-25-000007,0000745732-25-000007:q4fy24exhibit991.htm,EX-99.1,https://www.sec.gov/Archives/edgar/data/745732/000074573225000007/0000745732-25-000007-index.htm,https://www.sec.gov/Archives/edgar/data/745732/000074573225000007/q4fy24exhibit991.htm
Ross Stores,ROST,745732,Consumer Discretionary,10-Q,2026-06-02,2026-05-02,0000745732-26-000032,0000745732-26-000032:rost-20260502.htm,10-Q,https://www.sec.gov/Archives/edgar/data/745732/000074573226000032/0000745732-26-000032-index.htm,https://www.sec.gov/Archives/edgar/data/745732/000074573226000032/rost-20260502.htm
Ross Stores,ROST,745732,Consumer Discretionary,10-K,2026-03-31,2026-01-31,0000745732-26-000006,0000745732-26-000006:rost-20260131.htm,10-K,https://www.sec.gov/Archives/edgar/data/745732/000074573226000006/0000745732-26-000006-index.htm,https://www.sec.gov/Archives/edgar/data/745732/000074573226000006/rost-20260131.htm
Ross Stores,ROST,745732,Consumer Discretionary,10-K,2025-04-01,2025-02-01,0000745732-25-000010,0000745732-25-000010:rost-20250201.htm,10-K,https://www.sec.gov/Archives/edgar/data/745732/000074573225000010/0000745732-25-000010-index.htm,https://www.sec.gov/Archives/edgar/data/745732/000074573225000010/rost-20250201.htm
Ross Stores,ROST,745732,Consumer Discretionary,10-Q,2025-09-10,2025-08-02,0000745732-25-000052,0000745732-25-000052:formofperfsharesgrantagree.htm,EX-10.2,https://www.sec.gov/Archives/edgar/data/745732/000074573225000052/0000745732-25-000052-index.htm,https://www.sec.gov/Archives/edgar/data/745732/000074573225000052/formofperfsharesgrantagree.htm
S&P Global,SPGI,64040,Financials,8-K,2026-05-12,2026-05-12,0001104659-26-058908,0001104659-26-058908:tm2613574d2_ex99-1.htm,EX-99.1,https://www.sec.gov/Archives/edgar/data/64040/000110465926058908/0001104659-26-058908-index.htm,https://www.sec.gov/Archives/edgar/data/64040/000110465926058908/tm2613574d2_ex99-1.htm
S&P Global,SPGI,64040,Financials,8-K,2026-07-02,2026-06-30,0001104659-26-080005,0001104659-26-080005:tm2619099d1_ex10-2.htm,EX-10.2,https://www.sec.gov/Archives/edgar/data/64040/000110465926080005/0001104659-26-080005-index.htm,https://www.sec.gov/Archives/edgar/data/64040/000110465926080005/tm2619099d1_ex10-2.htm
Salesforce,CRM,1108524,Information Technology,10-Q,2025-05-29,2025-04-30,0001108524-25-000030,0001108524-25-000030:crm-20250430.htm,10-Q,https://www.sec.gov/Archives/edgar/data/1108524/000110852425000030/0001108524-25-000030-index.htm,https://www.sec.gov/Archives/edgar/data/1108524/000110852425000030/crm-20250430.htm
Salesforce,CRM,1108524,Information Technology,10-Q,2025-09-04,2025-07-31,0001108524-25-000088,0001108524-25-000088:crm-20250731.htm,10-Q,https://www.sec.gov/Archives/edgar/data/1108524/000110852425000088/0001108524-25-000088-index.htm,https://www.sec.gov/Archives/edgar/data/1108524/000110852425000088/crm-20250731.htm
Salesforce,CRM,1108524,Information Technology,10-Q,2025-12-04,2025-10-31,0001108524-25-000238,0001108524-25-000238:crm-20251031.htm,10-Q,https://www.sec.gov/Archives/edgar/data/1108524/000110852425000238/0001108524-25-000238-index.htm,https://www.sec.gov/Archives/edgar/data/1108524/000110852425000238/crm-20251031.htm
Salesforce,CRM,1108524,Information Technology,10-Q,2026-05-28,2026-04-30,0001108524-26-000127,0001108524-26-000127:crm-20260430.htm,10-Q,https://www.sec.gov/Archives/edgar/data/1108524/000110852426000127/0001108524-26-000127-index.htm,https://www.sec.gov/Archives/edgar/data/1108524/000110852426000127/crm-20260430.htm
Salesforce,CRM,1108524,Information Technology,10-K,2026-03-02,2026-01-31,0001108524-26-000060,0001108524-26-000060:crm-20260131.htm,10-K,https://www.sec.gov/Archives/edgar/data/1108524/000110852426000060/0001108524-26-000060-index.htm,https://www.sec.gov/Archives/edgar/data/1108524/000110852426000060/crm-20260131.htm
Sandisk,SNDK,2023554,Information Technology,8-K,2025-11-06,2025-11-06,0001628280-25-050180,0001628280-25-050180:sndkq1fy26ex991-pressrelea.htm,EX-99.1,https://www.sec.gov/Archives/edgar/data/2023554/000162828025050180/0001628280-25-050180-index.htm,https://www.sec.gov/Archives/edgar/data/2023554/000162828025050180/sndkq1fy26ex991-pressrelea.htm
Sandisk,SNDK,2023554,Information Technology,8-K,2026-01-29,2026-01-29,0001628280-26-004121,0001628280-26-004121:sndkq2fy26ex991-pressrelea.htm,EX-99.1,https://www.sec.gov/Archives/edgar/data/2023554/000162828026004121/0001628280-26-004121-index.htm,https://www.sec.gov/Archives/edgar/data/2023554/000162828026004121/sndkq2fy26ex991-pressrelea.htm
Sandisk,SNDK,2023554,Information Technology,8-K,2026-04-30,2026-04-30,0001628280-26-028879,0001628280-26-028879:sndkq3-26ex991xpressrelease.htm,EX-99.1,https://www.sec.gov/Archives/edgar/data/2023554/000162828026028879/0001628280-26-028879-index.htm,https://www.sec.gov/Archives/edgar/data/2023554/000162828026028879/sndkq3-26ex991xpressrelease.htm
Sandisk,SNDK,2023554,Information Technology,8-K,2025-08-14,2025-08-14,0001193125-25-180782,0001193125-25-180782:d926236dex991.htm,EX-99.1,https://www.sec.gov/Archives/edgar/data/2023554/000119312525180782/0001193125-25-180782-index.htm,https://www.sec.gov/Archives/edgar/data/2023554/000119312525180782/d926236dex991.htm
Sandisk,SNDK,2023554,Information Technology,8-K,2025-05-07,2025-05-07,0002023554-25-000021,0002023554-25-000021:sndkq3fy25ex991-pressrelea.htm,EX-99.1,https://www.sec.gov/Archives/edgar/data/2023554/000202355425000021/0002023554-25-000021-index.htm,https://www.sec.gov/Archives/edgar/data/2023554/000202355425000021/sndkq3fy25ex991-pressrelea.htm
Sandisk,SNDK,2023554,Information Technology,10-Q,2026-05-01,2026-04-03,0001628280-26-029401,0001628280-26-029401:sndk-20260403.htm,10-Q,https://www.sec.gov/Archives/edgar/data/2023554/000162828026029401/0001628280-26-029401-index.htm,https://www.sec.gov/Archives/edgar/data/2023554/000162828026029401/sndk-20260403.htm
Sandisk,SNDK,2023554,Information Technology,10-Q,2025-05-12,2025-03-28,0002023554-25-000027,0002023554-25-000027:sndk-20250328.htm,10-Q,https://www.sec.gov/Archives/edgar/data/2023554/000202355425000027/0002023554-25-000027-index.htm,https://www.sec.gov/Archives/edgar/data/2023554/000202355425000027/sndk-20250328.htm
Sandisk,SNDK,2023554,Information Technology,10-Q,2025-11-07,2025-10-03,0001628280-25-050698,0001628280-25-050698:sndk-20251003.htm,10-Q,https://www.sec.gov/Archives/edgar/data/2023554/000162828025050698/0001628280-25-050698-index.htm,https://www.sec.gov/Archives/edgar/data/2023554/000162828025050698/sndk-20251003.htm
Sandisk,SNDK,2023554,Information Technology,10-Q,2026-01-30,2026-01-02,0001628280-26-004407,0001628280-26-004407:sndk-20260102.htm,10-Q,https://www.sec.gov/Archives/edgar/data/2023554/000162828026004407/0001628280-26-004407-index.htm,https://www.sec.gov/Archives/edgar/data/2023554/000162828026004407/sndk-20260102.htm
Sandisk,SNDK,2023554,Information Technology,10-K,2025-08-21,2025-06-27,0002023554-25-000034,0002023554-25-000034:sndk-20250627.htm,10-K,https://www.sec.gov/Archives/edgar/data/2023554/000202355425000034/0002023554-25-000034-index.htm,https://www.sec.gov/Archives/edgar/data/2023554/000202355425000034/sndk-20250627.htm
SBA Communications,SBAC,1034054,Real Estate,8-K,2025-04-28,2025-04-28,0001193125-25-100556,0001193125-25-100556:d788453dex991.htm,EX-99.1,https://www.sec.gov/Archives/edgar/data/1034054/000119312525100556/0001193125-25-100556-index.htm,https://www.sec.gov/Archives/edgar/data/1034054/000119312525100556/d788453dex991.htm
Schlumberger,SLB,87347,Energy,8-K,2025-06-24,2025-06-24,0001193125-25-145388,0001193125-25-145388:d81921d8k.htm,8-K,https://www.sec.gov/Archives/edgar/data/87347/000119312525145388/0001193125-25-145388-index.htm,https://www.sec.gov/Archives/edgar/data/87347/000119312525145388/d81921d8k.htm
Schlumberger,SLB,87347,Energy,10-K,2026-01-23,2025-12-31,0001193125-26-021017,0001193125-26-021017:slb-20251231.htm,10-K,https://www.sec.gov/Archives/edgar/data/87347/000119312526021017/0001193125-26-021017-index.htm,https://www.sec.gov/Archives/edgar/data/87347/000119312526021017/slb-20251231.htm
Seagate Technology,STX,1137789,Information Technology,8-K,2025-07-30,2025-07-29,0001137789-25-000150,0001137789-25-000150:fq425consolidatedscript-8x.htm,EX-99.1,https://www.sec.gov/Archives/edgar/data/1137789/000113778925000150/0001137789-25-000150-index.htm,https://www.sec.gov/Archives/edgar/data/1137789/000113778925000150/fq425consolidatedscript-8x.htm
Seagate Technology,STX,1137789,Information Technology,8-K,2025-10-28,2025-10-28,0001137789-25-000283,0001137789-25-000283:stxq12026pressreleasefinan.htm,EX-99.1,https://www.sec.gov/Archives/edgar/data/1137789/000113778925000283/0001137789-25-000283-index.htm,https://www.sec.gov/Archives/edgar/data/1137789/000113778925000283/stxq12026pressreleasefinan.htm
Seagate Technology,STX,1137789,Information Technology,8-K,2026-04-28,2026-04-28,0001137789-26-000084,0001137789-26-000084:stxq32026pressreleasefinan.htm,EX-99.1,https://www.sec.gov/Archives/edgar/data/1137789/000113778926000084/0001137789-26-000084-index.htm,https://www.sec.gov/Archives/edgar/data/1137789/000113778926000084/stxq32026pressreleasefinan.htm
Seagate Technology,STX,1137789,Information Technology,8-K,2026-01-27,2026-01-27,0001137789-26-000016,0001137789-26-000016:stxq22026pressreleasefinan.htm,EX-99.1,https://www.sec.gov/Archives/edgar/data/1137789/000113778926000016/0001137789-26-000016-index.htm,https://www.sec.gov/Archives/edgar/data/1137789/000113778926000016/stxq22026pressreleasefinan.htm
Seagate Technology,STX,1137789,Information Technology,8-K,2025-07-29,2025-07-29,0001137789-25-000148,0001137789-25-000148:stxq42025pressreleasefinan.htm,EX-99.1,https://www.sec.gov/Archives/edgar/data/1137789/000113778925000148/0001137789-25-000148-index.htm,https://www.sec.gov/Archives/edgar/data/1137789/000113778925000148/stxq42025pressreleasefinan.htm
Seagate Technology,STX,1137789,Information Technology,8-K,2025-04-29,2025-04-29,0001137789-25-000070,0001137789-25-000070:stxq32025pressreleasefinan.htm,EX-99.1,https://www.sec.gov/Archives/edgar/data/1137789/000113778925000070/0001137789-25-000070-index.htm,https://www.sec.gov/Archives/edgar/data/1137789/000113778925000070/stxq32025pressreleasefinan.htm
Sempra,SRE,1032208,Utilities,8-K,2026-07-09,2026-07-06,0001032208-26-000040,0001032208-26-000040:sempra-20260706.htm,8-K,https://www.sec.gov/Archives/edgar/data/1032208/000103220826000040/0001032208-26-000040-index.htm,https://www.sec.gov/Archives/edgar/data/1032208/000103220826000040/sempra-20260706.htm
Sempra,SRE,1032208,Utilities,8-K,2026-03-26,2026-03-23,0001032208-26-000016,0001032208-26-000016:sresdge-20260323.htm,8-K,https://www.sec.gov/Archives/edgar/data/1032208/000103220826000016/0001032208-26-000016-index.htm,https://www.sec.gov/Archives/edgar/data/1032208/000103220826000016/sresdge-20260323.htm
Sempra,SRE,1032208,Utilities,8-K,2026-04-17,2026-04-17,0001032208-26-000020,0001032208-26-000020:sempra-20260417.htm,8-K,https://www.sec.gov/Archives/edgar/data/1032208/000103220826000020/0001032208-26-000020-index.htm,https://www.sec.gov/Archives/edgar/data/1032208/000103220826000020/sempra-20260417.htm
Sempra,SRE,1032208,Utilities,8-K,2026-06-16,2026-06-15,0001032208-26-000037,0001032208-26-000037:sempra-20260615.htm,8-K,https://www.sec.gov/Archives/edgar/data/1032208/000103220826000037/0001032208-26-000037-index.htm,https://www.sec.gov/Archives/edgar/data/1032208/000103220826000037/sempra-20260615.htm
Sempra,SRE,1032208,Utilities,10-K,2025-02-25,2024-12-31,0001032208-25-000012,0001032208-25-000012:sempra-123124xex991.htm,EX-99.1,https://www.sec.gov/Archives/edgar/data/1032208/000103220825000012/0001032208-25-000012-index.htm,https://www.sec.gov/Archives/edgar/data/1032208/000103220825000012/sempra-123124xex991.htm
Sempra,SRE,1032208,Utilities,8-K,2026-05-07,2026-05-07,0001032208-26-000027,0001032208-26-000027:ex99_1x20260331xearningsta.htm,EX-99.1,https://www.sec.gov/Archives/edgar/data/1032208/000103220826000027/0001032208-26-000027-index.htm,https://www.sec.gov/Archives/edgar/data/1032208/000103220826000027/ex99_1x20260331xearningsta.htm
Sempra,SRE,1032208,Utilities,8-K,2026-02-26,2026-02-26,0001032208-26-000008,0001032208-26-000008:ex99_1x20251231xearningsta.htm,EX-99.1,https://www.sec.gov/Archives/edgar/data/1032208/000103220826000008/0001032208-26-000008-index.htm,https://www.sec.gov/Archives/edgar/data/1032208/000103220826000008/ex99_1x20251231xearningsta.htm
Sempra,SRE,1032208,Utilities,10-Q,2025-05-08,2025-03-31,0001032208-25-000027,0001032208-25-000027:sre-20250331.htm,10-Q,https://www.sec.gov/Archives/edgar/data/1032208/000103220825000027/0001032208-25-000027-index.htm,https://www.sec.gov/Archives/edgar/data/1032208/000103220825000027/sre-20250331.htm
Sempra,SRE,1032208,Utilities,10-Q,2025-08-07,2025-06-30,0001032208-25-000048,0001032208-25-000048:sre-20250630.htm,10-Q,https://www.sec.gov/Archives/edgar/data/1032208/000103220825000048/0001032208-25-000048-index.htm,https://www.sec.gov/Archives/edgar/data/1032208/000103220825000048/sre-20250630.htm
Sempra,SRE,1032208,Utilities,10-K,2026-02-26,2025-12-31,0001032208-26-000010,0001032208-26-000010:sre-20251231.htm,10-K,https://www.sec.gov/Archives/edgar/data/1032208/000103220826000010/0001032208-26-000010-index.htm,https://www.sec.gov/Archives/edgar/data/1032208/000103220826000010/sre-20251231.htm
Sempra,SRE,1032208,Utilities,10-Q,2025-11-05,2025-09-30,0001032208-25-000065,0001032208-25-000065:sre-20250930.htm,10-Q,https://www.sec.gov/Archives/edgar/data/1032208/000103220825000065/0001032208-25-000065-index.htm,https://www.sec.gov/Archives/edgar/data/1032208/000103220825000065/sre-20250930.htm
Sempra,SRE,1032208,Utilities,10-K,2026-02-26,2025-12-31,0001032208-26-000010,0001032208-26-000010:sempra-123125xex991.htm,EX-99.1,https://www.sec.gov/Archives/edgar/data/1032208/000103220826000010/0001032208-26-000010-index.htm,https://www.sec.gov/Archives/edgar/data/1032208/000103220826000010/sempra-123125xex991.htm
Sempra,SRE,1032208,Utilities,10-K,2025-02-25,2024-12-31,0001032208-25-000012,0001032208-25-000012:sre-20241231.htm,10-K,https://www.sec.gov/Archives/edgar/data/1032208/000103220825000012/0001032208-25-000012-index.htm,https://www.sec.gov/Archives/edgar/data/1032208/000103220825000012/sre-20241231.htm
Sempra,SRE,1032208,Utilities,10-Q,2026-05-07,2026-03-31,0001032208-26-000030,0001032208-26-000030:sre-20260331.htm,10-Q,https://www.sec.gov/Archives/edgar/data/1032208/000103220826000030/0001032208-26-000030-index.htm,https://www.sec.gov/Archives/edgar/data/1032208/000103220826000030/sre-20260331.htm
Sherwin-Williams,SHW,89800,Materials,10-K,2026-02-19,2025-12-31,0000089800-26-000008,0000089800-26-000008:shw-20251231.htm,10-K,https://www.sec.gov/Archives/edgar/data/89800/000008980026000008/0000089800-26-000008-index.htm,https://www.sec.gov/Archives/edgar/data/89800/000008980026000008/shw-20251231.htm
Skyworks Solutions,SWKS,4127,Information Technology,8-K,2026-01-30,2026-01-30,0001104659-26-008644,0001104659-26-008644:tm264402d1_8k.htm,8-K,https://www.sec.gov/Archives/edgar/data/4127/000110465926008644/0001104659-26-008644-index.htm,https://www.sec.gov/Archives/edgar/data/4127/000110465926008644/tm264402d1_8k.htm
Skyworks Solutions,SWKS,4127,Information Technology,8-K,2025-10-28,2025-10-27,0001104659-25-102806,0001104659-25-102806:tm2529220d2_ex2-1.htm,EX-2.1,https://www.sec.gov/Archives/edgar/data/4127/000110465925102806/0001104659-25-102806-index.htm,https://www.sec.gov/Archives/edgar/data/4127/000110465925102806/tm2529220d2_ex2-1.htm
J.M. Smucker Company (The),SJM,91419,Consumer Staples,8-K,2026-06-09,2026-06-09,0000091419-26-000047,0000091419-26-000047:sjm06092026exhibit991.htm,EX-99.1,https://www.sec.gov/Archives/edgar/data/91419/000009141926000047/0000091419-26-000047-index.htm,https://www.sec.gov/Archives/edgar/data/91419/000009141926000047/sjm06092026exhibit991.htm
J.M. Smucker Company (The),SJM,91419,Consumer Staples,10-K,2026-06-09,2026-04-30,0000091419-26-000050,0000091419-26-000050:sjm-20260430.htm,10-K,https://www.sec.gov/Archives/edgar/data/91419/000009141926000050/0000091419-26-000050-index.htm,https://www.sec.gov/Archives/edgar/data/91419/000009141926000050/sjm-20260430.htm
J.M. Smucker Company (The),SJM,91419,Consumer Staples,10-K,2025-06-18,2025-04-30,0000091419-25-000056,0000091419-25-000056:sjm-20250430.htm,10-K,https://www.sec.gov/Archives/edgar/data/91419/000009141925000056/0000091419-25-000056-index.htm,https://www.sec.gov/Archives/edgar/data/91419/000009141925000056/sjm-20250430.htm
Smurfit Westrock,SW,2005951,Materials,10-K,2026-02-27,2025-12-31,0001628280-26-012555,0001628280-26-012555:smur-20251231.htm,10-K,https://www.sec.gov/Archives/edgar/data/2005951/000162828026012555/0001628280-26-012555-index.htm,https://www.sec.gov/Archives/edgar/data/2005951/000162828026012555/smur-20251231.htm
Smurfit Westrock,SW,2005951,Materials,10-K,2025-03-07,2024-12-31,0002005951-25-000005,0002005951-25-000005:smur-20241231.htm,10-K,https://www.sec.gov/Archives/edgar/data/2005951/000200595125000005/0002005951-25-000005-index.htm,https://www.sec.gov/Archives/edgar/data/2005951/000200595125000005/smur-20241231.htm
Smurfit Westrock,SW,2005951,Materials,10-Q,2025-08-07,2025-06-30,0002005951-25-000014,0002005951-25-000014:smur-20250630.htm,10-Q,https://www.sec.gov/Archives/edgar/data/2005951/000200595125000014/0002005951-25-000014-index.htm,https://www.sec.gov/Archives/edgar/data/2005951/000200595125000014/smur-20250630.htm
Smurfit Westrock,SW,2005951,Materials,10-Q,2025-11-07,2025-09-30,0001628280-25-050408,0001628280-25-050408:smur-20250930.htm,10-Q,https://www.sec.gov/Archives/edgar/data/2005951/000162828025050408/0001628280-25-050408-index.htm,https://www.sec.gov/Archives/edgar/data/2005951/000162828025050408/smur-20250930.htm
Snap-on,SNA,91440,Industrials,8-K,2026-02-05,2026-02-05,0000091440-26-000008,0000091440-26-000008:q42025pressreleaseforpress.htm,EX-99,https://www.sec.gov/Archives/edgar/data/91440/000009144026000008/0000091440-26-000008-index.htm,https://www.sec.gov/Archives/edgar/data/91440/000009144026000008/q42025pressreleaseforpress.htm
Snap-on,SNA,91440,Industrials,10-Q,2026-04-23,2026-04-04,0000091440-26-000109,0000091440-26-000109:sna-20260404.htm,10-Q,https://www.sec.gov/Archives/edgar/data/91440/000009144026000109/0000091440-26-000109-index.htm,https://www.sec.gov/Archives/edgar/data/91440/000009144026000109/sna-20260404.htm
Snap-on,SNA,91440,Industrials,10-Q,2025-07-17,2025-06-28,0000091440-25-000064,0000091440-25-000064:sna-20250628.htm,10-Q,https://www.sec.gov/Archives/edgar/data/91440/000009144025000064/0000091440-25-000064-index.htm,https://www.sec.gov/Archives/edgar/data/91440/000009144025000064/sna-20250628.htm
Snap-on,SNA,91440,Industrials,10-Q,2025-10-16,2025-09-27,0000091440-25-000081,0000091440-25-000081:sna-20250927.htm,10-Q,https://www.sec.gov/Archives/edgar/data/91440/000009144025000081/0000091440-25-000081-index.htm,https://www.sec.gov/Archives/edgar/data/91440/000009144025000081/sna-20250927.htm
Snap-on,SNA,91440,Industrials,10-K,2026-02-12,2026-01-03,0000091440-26-000045,0000091440-26-000045:sna-20260103.htm,10-K,https://www.sec.gov/Archives/edgar/data/91440/000009144026000045/0000091440-26-000045-index.htm,https://www.sec.gov/Archives/edgar/data/91440/000009144026000045/sna-20260103.htm
Solventum,SOLV,1964738,Health Care,8-K,2025-12-16,2025-12-16,0001964738-25-000094,0001964738-25-000094:solvdecember2025shareholde.htm,EX-99.1,https://www.sec.gov/Archives/edgar/data/1964738/000196473825000094/0001964738-25-000094-index.htm,https://www.sec.gov/Archives/edgar/data/1964738/000196473825000094/solvdecember2025shareholde.htm
Solventum,SOLV,1964738,Health Care,8-K,2026-05-05,2026-05-05,0001964738-26-000022,0001964738-26-000022:q12026-8kerexx991.htm,EX-99.1,https://www.sec.gov/Archives/edgar/data/1964738/000196473826000022/0001964738-26-000022-index.htm,https://www.sec.gov/Archives/edgar/data/1964738/000196473826000022/q12026-8kerexx991.htm
Solventum,SOLV,1964738,Health Care,8-K,2026-02-26,2026-02-26,0001964738-26-000005,0001964738-26-000005:q42025-8kerexx991.htm,EX-99.1,https://www.sec.gov/Archives/edgar/data/1964738/000196473826000005/0001964738-26-000005-index.htm,https://www.sec.gov/Archives/edgar/data/1964738/000196473826000005/q42025-8kerexx991.htm
Solventum,SOLV,1964738,Health Care,10-Q,2026-05-05,2026-03-31,0001964738-26-000024,0001964738-26-000024:solv-20260331.htm,10-Q,https://www.sec.gov/Archives/edgar/data/1964738/000196473826000024/0001964738-26-000024-index.htm,https://www.sec.gov/Archives/edgar/data/1964738/000196473826000024/solv-20260331.htm
Solventum,SOLV,1964738,Health Care,10-Q,2025-11-06,2025-09-30,0001964738-25-000091,0001964738-25-000091:solv-20250930.htm,10-Q,https://www.sec.gov/Archives/edgar/data/1964738/000196473825000091/0001964738-25-000091-index.htm,https://www.sec.gov/Archives/edgar/data/1964738/000196473825000091/solv-20250930.htm
Solventum,SOLV,1964738,Health Care,10-K,2026-02-27,2025-12-31,0001964738-26-000007,0001964738-26-000007:solv-20251231.htm,10-K,https://www.sec.gov/Archives/edgar/data/1964738/000196473826000007/0001964738-26-000007-index.htm,https://www.sec.gov/Archives/edgar/data/1964738/000196473826000007/solv-20251231.htm
Solventum,SOLV,1964738,Health Care,8-K,2025-02-27,2025-02-25,0001964738-25-000015,0001964738-25-000015:silver-transactionagreem.htm,EX-2.1,https://www.sec.gov/Archives/edgar/data/1964738/000196473825000015/0001964738-25-000015-index.htm,https://www.sec.gov/Archives/edgar/data/1964738/000196473825000015/silver-transactionagreem.htm
Solventum,SOLV,1964738,Health Care,8-K,2025-06-25,2025-06-25,0001964738-25-000056,0001964738-25-000056:silver-artransactionagre.htm,EX-2.1,https://www.sec.gov/Archives/edgar/data/1964738/000196473825000056/0001964738-25-000056-index.htm,https://www.sec.gov/Archives/edgar/data/1964738/000196473825000056/silver-artransactionagre.htm
Southern Company,SO,92122,Utilities,8-K,2025-07-01,2025-07-01,0000092122-25-000066,0000092122-25-000066:so-20250701.htm,8-K,https://www.sec.gov/Archives/edgar/data/92122/000009212225000066/0000092122-25-000066-index.htm,https://www.sec.gov/Archives/edgar/data/92122/000009212225000066/so-20250701.htm
Southern Company,SO,92122,Utilities,8-K,2025-05-19,2025-05-19,0000092122-25-000048,0000092122-25-000048:so-20250519.htm,8-K,https://www.sec.gov/Archives/edgar/data/92122/000009212225000048/0000092122-25-000048-index.htm,https://www.sec.gov/Archives/edgar/data/92122/000009212225000048/so-20250519.htm
Southern Company,SO,92122,Utilities,10-K,2025-02-20,2024-12-31,0000092122-25-000018,0000092122-25-000018:so-20241231.htm,10-K,https://www.sec.gov/Archives/edgar/data/92122/000009212225000018/0000092122-25-000018-index.htm,https://www.sec.gov/Archives/edgar/data/92122/000009212225000018/so-20241231.htm
Southern Company,SO,92122,Utilities,10-Q,2025-07-31,2025-06-30,0000092122-25-000076,0000092122-25-000076:so-20250630.htm,10-Q,https://www.sec.gov/Archives/edgar/data/92122/000009212225000076/0000092122-25-000076-index.htm,https://www.sec.gov/Archives/edgar/data/92122/000009212225000076/so-20250630.htm
Southern Company,SO,92122,Utilities,10-Q,2025-10-30,2025-09-30,0000092122-25-000084,0000092122-25-000084:so-20250930.htm,10-Q,https://www.sec.gov/Archives/edgar/data/92122/000009212225000084/0000092122-25-000084-index.htm,https://www.sec.gov/Archives/edgar/data/92122/000009212225000084/so-20250930.htm
Southern Company,SO,92122,Utilities,10-K,2026-02-19,2025-12-31,0000092122-26-000006,0000092122-26-000006:so-20251231.htm,10-K,https://www.sec.gov/Archives/edgar/data/92122/000009212226000006/0000092122-26-000006-index.htm,https://www.sec.gov/Archives/edgar/data/92122/000009212226000006/so-20251231.htm
Southern Company,SO,92122,Utilities,10-Q,2025-05-01,2025-03-31,0000092122-25-000042,0000092122-25-000042:so-20250331.htm,10-Q,https://www.sec.gov/Archives/edgar/data/92122/000009212225000042/0000092122-25-000042-index.htm,https://www.sec.gov/Archives/edgar/data/92122/000009212225000042/so-20250331.htm
Southern Company,SO,92122,Utilities,10-Q,2026-04-30,2026-03-31,0000092122-26-000034,0000092122-26-000034:so-20260331.htm,10-Q,https://www.sec.gov/Archives/edgar/data/92122/000009212226000034/0000092122-26-000034-index.htm,https://www.sec.gov/Archives/edgar/data/92122/000009212226000034/so-20260331.htm
Stanley Black & Decker,SWK,93556,Industrials,8-K,2025-07-29,2025-07-29,0000093556-25-000141,0000093556-25-000141:ex991q22025.htm,EX-99.1,https://www.sec.gov/Archives/edgar/data/93556/000009355625000141/0000093556-25-000141-index.htm,https://www.sec.gov/Archives/edgar/data/93556/000009355625000141/ex991q22025.htm
Stanley Black & Decker,SWK,93556,Industrials,8-K,2026-04-20,2026-04-20,0001193125-26-162675,0001193125-26-162675:d76531dex991.htm,EX-99.1,https://www.sec.gov/Archives/edgar/data/93556/000119312526162675/0001193125-26-162675-index.htm,https://www.sec.gov/Archives/edgar/data/93556/000119312526162675/d76531dex991.htm
Stanley Black & Decker,SWK,93556,Industrials,8-K,2026-04-29,2026-04-29,0000093556-26-000013,0000093556-26-000013:ex991q12026.htm,EX-99.1,https://www.sec.gov/Archives/edgar/data/93556/000009355626000013/0000093556-26-000013-index.htm,https://www.sec.gov/Archives/edgar/data/93556/000009355626000013/ex991q12026.htm
Stanley Black & Decker,SWK,93556,Industrials,8-K,2025-04-30,2025-04-30,0000093556-25-000104,0000093556-25-000104:ex991q12025.htm,EX-99.1,https://www.sec.gov/Archives/edgar/data/93556/000009355625000104/0000093556-25-000104-index.htm,https://www.sec.gov/Archives/edgar/data/93556/000009355625000104/ex991q12025.htm
Stanley Black & Decker,SWK,93556,Industrials,8-K,2026-02-04,2026-02-04,0000093556-26-000004,0000093556-26-000004:ex991q42025.htm,EX-99.1,https://www.sec.gov/Archives/edgar/data/93556/000009355626000004/0000093556-26-000004-index.htm,https://www.sec.gov/Archives/edgar/data/93556/000009355626000004/ex991q42025.htm
Stanley Black & Decker,SWK,93556,Industrials,8-K,2026-04-20,2026-04-20,0001193125-26-162675,0001193125-26-162675:d76531d8k.htm,8-K,https://www.sec.gov/Archives/edgar/data/93556/000119312526162675/0001193125-26-162675-index.htm,https://www.sec.gov/Archives/edgar/data/93556/000119312526162675/d76531d8k.htm
Stanley Black & Decker,SWK,93556,Industrials,8-K,2025-02-05,2025-02-05,0000093556-25-000002,0000093556-25-000002:ex991q42024.htm,EX-99.1,https://www.sec.gov/Archives/edgar/data/93556/000009355625000002/0000093556-25-000002-index.htm,https://www.sec.gov/Archives/edgar/data/93556/000009355625000002/ex991q42024.htm
Stanley Black & Decker,SWK,93556,Industrials,8-K,2025-11-04,2025-11-04,0000093556-25-000152,0000093556-25-000152:ex991q32025.htm,EX-99.1,https://www.sec.gov/Archives/edgar/data/93556/000009355625000152/0000093556-25-000152-index.htm,https://www.sec.gov/Archives/edgar/data/93556/000009355625000152/ex991q32025.htm
Stanley Black & Decker,SWK,93556,Industrials,8-K,2025-06-30,2025-06-29,0001193125-25-151956,0001193125-25-151956:d933064dex991.htm,EX-99.1,https://www.sec.gov/Archives/edgar/data/93556/000119312525151956/0001193125-25-151956-index.htm,https://www.sec.gov/Archives/edgar/data/93556/000119312525151956/d933064dex991.htm
Stanley Black & Decker,SWK,93556,Industrials,10-Q,2026-04-29,2026-04-04,0000093556-26-000015,0000093556-26-000015:swk-20260404.htm,10-Q,https://www.sec.gov/Archives/edgar/data/93556/000009355626000015/0000093556-26-000015-index.htm,https://www.sec.gov/Archives/edgar/data/93556/000009355626000015/swk-20260404.htm
Stanley Black & Decker,SWK,93556,Industrials,10-Q,2025-07-29,2025-06-28,0000093556-25-000143,0000093556-25-000143:swk-20250628.htm,10-Q,https://www.sec.gov/Archives/edgar/data/93556/000009355625000143/0000093556-25-000143-index.htm,https://www.sec.gov/Archives/edgar/data/93556/000009355625000143/swk-20250628.htm
Stanley Black & Decker,SWK,93556,Industrials,10-Q,2025-04-30,2025-03-29,0000093556-25-000107,0000093556-25-000107:swk-20250329.htm,10-Q,https://www.sec.gov/Archives/edgar/data/93556/000009355625000107/0000093556-25-000107-index.htm,https://www.sec.gov/Archives/edgar/data/93556/000009355625000107/swk-20250329.htm
Stanley Black & Decker,SWK,93556,Industrials,10-Q,2025-11-04,2025-09-27,0000093556-25-000154,0000093556-25-000154:swk-20250927.htm,10-Q,https://www.sec.gov/Archives/edgar/data/93556/000009355625000154/0000093556-25-000154-index.htm,https://www.sec.gov/Archives/edgar/data/93556/000009355625000154/swk-20250927.htm
Stanley Black & Decker,SWK,93556,Industrials,10-K,2026-02-24,2026-01-03,0000093556-26-000009,0000093556-26-000009:swk-20260103.htm,10-K,https://www.sec.gov/Archives/edgar/data/93556/000009355626000009/0000093556-26-000009-index.htm,https://www.sec.gov/Archives/edgar/data/93556/000009355626000009/swk-20260103.htm
Stanley Black & Decker,SWK,93556,Industrials,10-K,2025-02-18,2024-12-28,0000093556-25-000007,0000093556-25-000007:swk-20241228.htm,10-K,https://www.sec.gov/Archives/edgar/data/93556/000009355625000007/0000093556-25-000007-index.htm,https://www.sec.gov/Archives/edgar/data/93556/000009355625000007/swk-20241228.htm
Starbucks,SBUX,829224,Consumer Discretionary,10-K,2025-11-14,2025-09-28,0000829224-25-000114,0000829224-25-000114:sbux-20250928.htm,10-K,https://www.sec.gov/Archives/edgar/data/829224/000082922425000114/0000829224-25-000114-index.htm,https://www.sec.gov/Archives/edgar/data/829224/000082922425000114/sbux-20250928.htm
Starbucks,SBUX,829224,Consumer Discretionary,10-Q,2026-04-28,2026-03-29,0000829224-26-000080,0000829224-26-000080:sbux-20260329.htm,10-Q,https://www.sec.gov/Archives/edgar/data/829224/000082922426000080/0000829224-26-000080-index.htm,https://www.sec.gov/Archives/edgar/data/829224/000082922426000080/sbux-20260329.htm
Steris,STE,1757898,Health Care,8-K,2026-02-04,2026-02-04,0001628280-26-005473,0001628280-26-005473:ste12312025ex991.htm,EX-99.1,https://www.sec.gov/Archives/edgar/data/1757898/000162828026005473/0001628280-26-005473-index.htm,https://www.sec.gov/Archives/edgar/data/1757898/000162828026005473/ste12312025ex991.htm
Steris,STE,1757898,Health Care,8-K,2025-11-05,2025-11-05,0001757898-25-000011,0001757898-25-000011:ste9302025ex991.htm,EX-99.1,https://www.sec.gov/Archives/edgar/data/1757898/000175789825000011/0001757898-25-000011-index.htm,https://www.sec.gov/Archives/edgar/data/1757898/000175789825000011/ste9302025ex991.htm
Steris,STE,1757898,Health Care,10-Q,2026-02-06,2025-12-31,0001628280-26-006055,0001628280-26-006055:ste-20251231.htm,10-Q,https://www.sec.gov/Archives/edgar/data/1757898/000162828026006055/0001628280-26-006055-index.htm,https://www.sec.gov/Archives/edgar/data/1757898/000162828026006055/ste-20251231.htm
Steris,STE,1757898,Health Care,10-Q,2025-11-06,2025-09-30,0001628280-25-050160,0001628280-25-050160:ste-20250930.htm,10-Q,https://www.sec.gov/Archives/edgar/data/1757898/000162828025050160/0001628280-25-050160-index.htm,https://www.sec.gov/Archives/edgar/data/1757898/000162828025050160/ste-20250930.htm
Steris,STE,1757898,Health Care,8-K,2025-08-06,2025-07-31,0001757898-25-000007,0001757898-25-000007:ste6302025ex991.htm,EX-99.1,https://www.sec.gov/Archives/edgar/data/1757898/000175789825000007/0001757898-25-000007-index.htm,https://www.sec.gov/Archives/edgar/data/1757898/000175789825000007/ste6302025ex991.htm
Steris,STE,1757898,Health Care,10-Q,2025-08-07,2025-06-30,0001757898-25-000008,0001757898-25-000008:ste-20250630.htm,10-Q,https://www.sec.gov/Archives/edgar/data/1757898/000175789825000008/0001757898-25-000008-index.htm,https://www.sec.gov/Archives/edgar/data/1757898/000175789825000008/ste-20250630.htm
Steris,STE,1757898,Health Care,10-K,2026-05-29,2026-03-31,0001628280-26-039136,0001628280-26-039136:ste-20260331.htm,10-K,https://www.sec.gov/Archives/edgar/data/1757898/000162828026039136/0001628280-26-039136-index.htm,https://www.sec.gov/Archives/edgar/data/1757898/000162828026039136/ste-20260331.htm
Steris,STE,1757898,Health Care,10-K,2025-05-29,2025-03-31,0001757898-25-000005,0001757898-25-000005:ste-20250331.htm,10-K,https://www.sec.gov/Archives/edgar/data/1757898/000175789825000005/0001757898-25-000005-index.htm,https://www.sec.gov/Archives/edgar/data/1757898/000175789825000005/ste-20250331.htm
Stryker Corporation,SYK,310764,Health Care,8-K,2025-05-01,2025-05-01,0000310764-25-000072,0000310764-25-000072:sykex991earningsq12025.htm,EX-99.1,https://www.sec.gov/Archives/edgar/data/310764/000031076425000072/0000310764-25-000072-index.htm,https://www.sec.gov/Archives/edgar/data/310764/000031076425000072/sykex991earningsq12025.htm
Stryker Corporation,SYK,310764,Health Care,8-K,2025-07-31,2025-07-31,0000310764-25-000103,0000310764-25-000103:sykex991earningsq22025.htm,EX-99.1,https://www.sec.gov/Archives/edgar/data/310764/000031076425000103/0000310764-25-000103-index.htm,https://www.sec.gov/Archives/edgar/data/310764/000031076425000103/sykex991earningsq22025.htm
Stryker Corporation,SYK,310764,Health Care,8-K,2025-01-07,2025-01-06,0001193125-25-002537,0001193125-25-002537:d899660dex21.htm,EX-2.1,https://www.sec.gov/Archives/edgar/data/310764/000119312525002537/0001193125-25-002537-index.htm,https://www.sec.gov/Archives/edgar/data/310764/000119312525002537/d899660dex21.htm
Supermicro,SMCI,1375365,Information Technology,8-K,2025-05-06,2025-05-06,0001375365-25-000013,0001375365-25-000013:exhibit991_20250506.htm,EX-99.1,https://www.sec.gov/Archives/edgar/data/1375365/000137536525000013/0001375365-25-000013-index.htm,https://www.sec.gov/Archives/edgar/data/1375365/000137536525000013/exhibit991_20250506.htm
Supermicro,SMCI,1375365,Information Technology,10-Q,2026-05-11,2026-03-31,0001375365-26-000014,0001375365-26-000014:smci-20260331.htm,10-Q,https://www.sec.gov/Archives/edgar/data/1375365/000137536526000014/0001375365-26-000014-index.htm,https://www.sec.gov/Archives/edgar/data/1375365/000137536526000014/smci-20260331.htm
Supermicro,SMCI,1375365,Information Technology,10-Q,2026-02-06,2025-12-31,0001375365-26-000007,0001375365-26-000007:smci-20251231.htm,10-Q,https://www.sec.gov/Archives/edgar/data/1375365/000137536526000007/0001375365-26-000007-index.htm,https://www.sec.gov/Archives/edgar/data/1375365/000137536526000007/smci-20251231.htm
Supermicro,SMCI,1375365,Information Technology,10-Q,2025-11-07,2025-09-30,0001375365-25-000030,0001375365-25-000030:smci-20250930.htm,10-Q,https://www.sec.gov/Archives/edgar/data/1375365/000137536525000030/0001375365-25-000030-index.htm,https://www.sec.gov/Archives/edgar/data/1375365/000137536525000030/smci-20250930.htm
Supermicro,SMCI,1375365,Information Technology,10-K,2025-08-28,2025-06-30,0001375365-25-000027,0001375365-25-000027:smci-20250630.htm,10-K,https://www.sec.gov/Archives/edgar/data/1375365/000137536525000027/0001375365-25-000027-index.htm,https://www.sec.gov/Archives/edgar/data/1375365/000137536525000027/smci-20250630.htm
Synopsys,SNPS,883241,Information Technology,10-Q,2026-02-25,2026-01-31,0000883241-26-000014,0000883241-26-000014:snps-20260131.htm,10-Q,https://www.sec.gov/Archives/edgar/data/883241/000088324126000014/0000883241-26-000014-index.htm,https://www.sec.gov/Archives/edgar/data/883241/000088324126000014/snps-20260131.htm
Synopsys,SNPS,883241,Information Technology,10-Q,2026-05-27,2026-04-30,0000883241-26-000018,0000883241-26-000018:snps-20260430.htm,10-Q,https://www.sec.gov/Archives/edgar/data/883241/000088324126000018/0000883241-26-000018-index.htm,https://www.sec.gov/Archives/edgar/data/883241/000088324126000018/snps-20260430.htm
Synopsys,SNPS,883241,Information Technology,10-Q,2025-05-28,2025-04-30,0000883241-25-000017,0000883241-25-000017:snps-20250430.htm,10-Q,https://www.sec.gov/Archives/edgar/data/883241/000088324125000017/0000883241-25-000017-index.htm,https://www.sec.gov/Archives/edgar/data/883241/000088324125000017/snps-20250430.htm
Synopsys,SNPS,883241,Information Technology,10-Q,2025-09-09,2025-07-31,0000883241-25-000024,0000883241-25-000024:snps-20250731.htm,10-Q,https://www.sec.gov/Archives/edgar/data/883241/000088324125000024/0000883241-25-000024-index.htm,https://www.sec.gov/Archives/edgar/data/883241/000088324125000024/snps-20250731.htm
T. Rowe Price,TROW,1113169,Financials,10-Q,2025-10-31,2025-09-30,0001628280-25-047751,0001628280-25-047751:trow-20250930.htm,10-Q,https://www.sec.gov/Archives/edgar/data/1113169/000162828025047751/0001628280-25-047751-index.htm,https://www.sec.gov/Archives/edgar/data/1113169/000162828025047751/trow-20250930.htm
T. Rowe Price,TROW,1113169,Financials,10-K,2026-02-13,2025-12-31,0001628280-26-008002,0001628280-26-008002:trow-20251231.htm,10-K,https://www.sec.gov/Archives/edgar/data/1113169/000162828026008002/0001628280-26-008002-index.htm,https://www.sec.gov/Archives/edgar/data/1113169/000162828026008002/trow-20251231.htm
Take-Two Interactive,TTWO,946581,Communication Services,10-Q,2025-08-07,2025-06-30,0001628280-25-038963,0001628280-25-038963:ttwo-20250630.htm,10-Q,https://www.sec.gov/Archives/edgar/data/946581/000162828025038963/0001628280-25-038963-index.htm,https://www.sec.gov/Archives/edgar/data/946581/000162828025038963/ttwo-20250630.htm
Take-Two Interactive,TTWO,946581,Communication Services,10-Q,2025-11-07,2025-09-30,0001628280-25-050326,0001628280-25-050326:ttwo-20250930.htm,10-Q,https://www.sec.gov/Archives/edgar/data/946581/000162828025050326/0001628280-25-050326-index.htm,https://www.sec.gov/Archives/edgar/data/946581/000162828025050326/ttwo-20250930.htm
Take-Two Interactive,TTWO,946581,Communication Services,10-Q,2026-02-04,2025-12-31,0001628280-26-005119,0001628280-26-005119:ttwo-20251231.htm,10-Q,https://www.sec.gov/Archives/edgar/data/946581/000162828026005119/0001628280-26-005119-index.htm,https://www.sec.gov/Archives/edgar/data/946581/000162828026005119/ttwo-20251231.htm
Take-Two Interactive,TTWO,946581,Communication Services,10-K,2026-05-22,2026-03-31,0001628280-26-037434,0001628280-26-037434:ttwo-20260331.htm,10-K,https://www.sec.gov/Archives/edgar/data/946581/000162828026037434/0001628280-26-037434-index.htm,https://www.sec.gov/Archives/edgar/data/946581/000162828026037434/ttwo-20260331.htm
Take-Two Interactive,TTWO,946581,Communication Services,10-K,2025-05-20,2025-03-31,0001628280-25-026694,0001628280-25-026694:ttwo-20250331.htm,10-K,https://www.sec.gov/Archives/edgar/data/946581/000162828025026694/0001628280-25-026694-index.htm,https://www.sec.gov/Archives/edgar/data/946581/000162828025026694/ttwo-20250331.htm
"Tapestry, Inc.",TPR,1116132,Consumer Discretionary,8-K,2025-08-14,2025-08-14,0001140361-25-031018,0001140361-25-031018:ef20053800_ex99-1.htm,EX-99.1,https://www.sec.gov/Archives/edgar/data/1116132/000114036125031018/0001140361-25-031018-index.htm,https://www.sec.gov/Archives/edgar/data/1116132/000114036125031018/ef20053800_ex99-1.htm
"Tapestry, Inc.",TPR,1116132,Consumer Discretionary,8-K,2025-05-08,2025-05-08,0001140361-25-017853,0001140361-25-017853:ef20048446_ex99-1.htm,EX-99.1,https://www.sec.gov/Archives/edgar/data/1116132/000114036125017853/0001140361-25-017853-index.htm,https://www.sec.gov/Archives/edgar/data/1116132/000114036125017853/ef20048446_ex99-1.htm
"Tapestry, Inc.",TPR,1116132,Consumer Discretionary,8-K,2025-11-06,2025-11-06,0001140361-25-040658,0001140361-25-040658:ef20058309_ex99-1.htm,EX-99.1,https://www.sec.gov/Archives/edgar/data/1116132/000114036125040658/0001140361-25-040658-index.htm,https://www.sec.gov/Archives/edgar/data/1116132/000114036125040658/ef20058309_ex99-1.htm
"Tapestry, Inc.",TPR,1116132,Consumer Discretionary,8-K,2026-02-05,2026-02-05,0001140361-26-003783,0001140361-26-003783:ef20064297_ex99-1.htm,EX-99.1,https://www.sec.gov/Archives/edgar/data/1116132/000114036126003783/0001140361-26-003783-index.htm,https://www.sec.gov/Archives/edgar/data/1116132/000114036126003783/ef20064297_ex99-1.htm
"Tapestry, Inc.",TPR,1116132,Consumer Discretionary,8-K,2026-05-07,2026-05-07,0001140361-26-019428,0001140361-26-019428:ef20072115_ex99-1.htm,EX-99.1,https://www.sec.gov/Archives/edgar/data/1116132/000114036126019428/0001140361-26-019428-index.htm,https://www.sec.gov/Archives/edgar/data/1116132/000114036126019428/ef20072115_ex99-1.htm
"Tapestry, Inc.",TPR,1116132,Consumer Discretionary,8-K,2025-02-06,2025-02-06,0001140361-25-003264,0001140361-25-003264:ef20042835_ex99-1.htm,EX-99.1,https://www.sec.gov/Archives/edgar/data/1116132/000114036125003264/0001140361-25-003264-index.htm,https://www.sec.gov/Archives/edgar/data/1116132/000114036125003264/ef20042835_ex99-1.htm
"Tapestry, Inc.",TPR,1116132,Consumer Discretionary,10-K,2025-08-14,2025-06-28,0001116132-25-000019,0001116132-25-000019:tpr-20250628.htm,10-K,https://www.sec.gov/Archives/edgar/data/1116132/000111613225000019/0001116132-25-000019-index.htm,https://www.sec.gov/Archives/edgar/data/1116132/000111613225000019/tpr-20250628.htm
"Tapestry, Inc.",TPR,1116132,Consumer Discretionary,10-Q,2026-05-07,2026-03-28,0001116132-26-000011,0001116132-26-000011:tpr-20260328.htm,10-Q,https://www.sec.gov/Archives/edgar/data/1116132/000111613226000011/0001116132-26-000011-index.htm,https://www.sec.gov/Archives/edgar/data/1116132/000111613226000011/tpr-20260328.htm
"Tapestry, Inc.",TPR,1116132,Consumer Discretionary,10-Q,2025-11-06,2025-09-27,0001116132-25-000025,0001116132-25-000025:tpr-20250927.htm,10-Q,https://www.sec.gov/Archives/edgar/data/1116132/000111613225000025/0001116132-25-000025-index.htm,https://www.sec.gov/Archives/edgar/data/1116132/000111613225000025/tpr-20250927.htm
"Tapestry, Inc.",TPR,1116132,Consumer Discretionary,10-Q,2026-02-05,2025-12-27,0001116132-26-000005,0001116132-26-000005:tpr-20251227.htm,10-Q,https://www.sec.gov/Archives/edgar/data/1116132/000111613226000005/0001116132-26-000005-index.htm,https://www.sec.gov/Archives/edgar/data/1116132/000111613226000005/tpr-20251227.htm
Targa Resources,TRGP,1389170,Energy,10-K,2026-02-19,2025-12-31,0001193125-26-059296,0001193125-26-059296:trgp-20251231.htm,10-K,https://www.sec.gov/Archives/edgar/data/1389170/000119312526059296/0001193125-26-059296-index.htm,https://www.sec.gov/Archives/edgar/data/1389170/000119312526059296/trgp-20251231.htm
Targa Resources,TRGP,1389170,Energy,10-K,2025-02-20,2024-12-31,0000950170-25-023983,0000950170-25-023983:trgp-20241231.htm,10-K,https://www.sec.gov/Archives/edgar/data/1389170/000095017025023983/0000950170-25-023983-index.htm,https://www.sec.gov/Archives/edgar/data/1389170/000095017025023983/trgp-20241231.htm
Target Corporation,TGT,27419,Consumer Staples,8-K,2026-05-20,2026-05-20,0000027419-26-000020,0000027419-26-000020:a2026q1ex-99.htm,EX-99,https://www.sec.gov/Archives/edgar/data/27419/000002741926000020/0000027419-26-000020-index.htm,https://www.sec.gov/Archives/edgar/data/27419/000002741926000020/a2026q1ex-99.htm
Target Corporation,TGT,27419,Consumer Staples,8-K,2025-08-20,2025-08-20,0000027419-25-000115,0000027419-25-000115:a2025q2ex-99.htm,EX-99,https://www.sec.gov/Archives/edgar/data/27419/000002741925000115/0000027419-25-000115-index.htm,https://www.sec.gov/Archives/edgar/data/27419/000002741925000115/a2025q2ex-99.htm
Target Corporation,TGT,27419,Consumer Staples,8-K,2025-03-04,2025-03-04,0000027419-25-000008,0000027419-25-000008:a2024q4ex-99.htm,EX-99,https://www.sec.gov/Archives/edgar/data/27419/000002741925000008/0000027419-25-000008-index.htm,https://www.sec.gov/Archives/edgar/data/27419/000002741925000008/a2024q4ex-99.htm
Target Corporation,TGT,27419,Consumer Staples,10-K,2026-03-11,2026-01-31,0000027419-26-000016,0000027419-26-000016:tgt-20260131.htm,10-K,https://www.sec.gov/Archives/edgar/data/27419/000002741926000016/0000027419-26-000016-index.htm,https://www.sec.gov/Archives/edgar/data/27419/000002741926000016/tgt-20260131.htm
Target Corporation,TGT,27419,Consumer Staples,10-Q,2025-05-30,2025-05-03,0000027419-25-000101,0000027419-25-000101:tgt-20250503.htm,10-Q,https://www.sec.gov/Archives/edgar/data/27419/000002741925000101/0000027419-25-000101-index.htm,https://www.sec.gov/Archives/edgar/data/27419/000002741925000101/tgt-20250503.htm
Target Corporation,TGT,27419,Consumer Staples,10-Q,2026-05-29,2026-05-02,0000027419-26-000022,0000027419-26-000022:tgt-20260502.htm,10-Q,https://www.sec.gov/Archives/edgar/data/27419/000002741926000022/0000027419-26-000022-index.htm,https://www.sec.gov/Archives/edgar/data/27419/000002741926000022/tgt-20260502.htm
Target Corporation,TGT,27419,Consumer Staples,10-Q,2025-08-29,2025-08-02,0000027419-25-000118,0000027419-25-000118:tgt-20250802.htm,10-Q,https://www.sec.gov/Archives/edgar/data/27419/000002741925000118/0000027419-25-000118-index.htm,https://www.sec.gov/Archives/edgar/data/27419/000002741925000118/tgt-20250802.htm
Target Corporation,TGT,27419,Consumer Staples,10-Q,2025-11-26,2025-11-01,0000027419-25-000126,0000027419-25-000126:tgt-20251101.htm,10-Q,https://www.sec.gov/Archives/edgar/data/27419/000002741925000126/0000027419-25-000126-index.htm,https://www.sec.gov/Archives/edgar/data/27419/000002741925000126/tgt-20251101.htm
TE Connectivity,TEL,1385157,Information Technology,8-K,2025-04-23,2025-04-23,0001558370-25-005183,0001558370-25-005183:tel-20250423xex99d2.htm,EX-99.2,https://www.sec.gov/Archives/edgar/data/1385157/000155837025005183/0001558370-25-005183-index.htm,https://www.sec.gov/Archives/edgar/data/1385157/000155837025005183/tel-20250423xex99d2.htm
TE Connectivity,TEL,1385157,Information Technology,8-K,2025-04-23,2025-04-23,0001558370-25-005183,0001558370-25-005183:tel-20250423xex99d1.htm,EX-99.1,https://www.sec.gov/Archives/edgar/data/1385157/000155837025005183/0001558370-25-005183-index.htm,https://www.sec.gov/Archives/edgar/data/1385157/000155837025005183/tel-20250423xex99d1.htm
TE Connectivity,TEL,1385157,Information Technology,10-K,2025-11-10,2025-09-26,0001104659-25-109150,0001104659-25-109150:tel-20250926x10k.htm,10-K,https://www.sec.gov/Archives/edgar/data/1385157/000110465925109150/0001104659-25-109150-index.htm,https://www.sec.gov/Archives/edgar/data/1385157/000110465925109150/tel-20250926x10k.htm
Teledyne Technologies,TDY,1094285,Information Technology,10-Q,2026-07-24,2026-06-28,0001094285-26-000043,0001094285-26-000043:tdy-20260628.htm,10-Q,https://www.sec.gov/Archives/edgar/data/1094285/000109428526000043/0001094285-26-000043-index.htm,https://www.sec.gov/Archives/edgar/data/1094285/000109428526000043/tdy-20260628.htm
Teledyne Technologies,TDY,1094285,Information Technology,8-K,2026-07-22,2026-07-22,0001094285-26-000039,0001094285-26-000039:q2-2026earningsrelease.htm,EX-99.1,https://www.sec.gov/Archives/edgar/data/1094285/000109428526000039/0001094285-26-000039-index.htm,https://www.sec.gov/Archives/edgar/data/1094285/000109428526000039/q2-2026earningsrelease.htm
Teledyne Technologies,TDY,1094285,Information Technology,10-Q,2026-04-24,2026-03-29,0001094285-26-000030,0001094285-26-000030:tdy-20260329.htm,10-Q,https://www.sec.gov/Archives/edgar/data/1094285/000109428526000030/0001094285-26-000030-index.htm,https://www.sec.gov/Archives/edgar/data/1094285/000109428526000030/tdy-20260329.htm
Teledyne Technologies,TDY,1094285,Information Technology,10-K,2026-02-20,2025-12-28,0001094285-26-000017,0001094285-26-000017:tdy-20251228.htm,10-K,https://www.sec.gov/Archives/edgar/data/1094285/000109428526000017/0001094285-26-000017-index.htm,https://www.sec.gov/Archives/edgar/data/1094285/000109428526000017/tdy-20251228.htm
Teledyne Technologies,TDY,1094285,Information Technology,10-K,2025-02-21,2024-12-29,0001094285-25-000053,0001094285-25-000053:tdy-20241229.htm,10-K,https://www.sec.gov/Archives/edgar/data/1094285/000109428525000053/0001094285-25-000053-index.htm,https://www.sec.gov/Archives/edgar/data/1094285/000109428525000053/tdy-20241229.htm
Teradyne,TER,97210,Information Technology,10-K,2025-02-20,2024-12-31,0000950170-25-023784,0000950170-25-023784:ter-20241231.htm,10-K,https://www.sec.gov/Archives/edgar/data/97210/000095017025023784/0000950170-25-023784-index.htm,https://www.sec.gov/Archives/edgar/data/97210/000095017025023784/ter-20241231.htm
Teradyne,TER,97210,Information Technology,10-K,2026-02-19,2025-12-31,0001193125-26-059002,0001193125-26-059002:ter-20251231.htm,10-K,https://www.sec.gov/Archives/edgar/data/97210/000119312526059002/0001193125-26-059002-index.htm,https://www.sec.gov/Archives/edgar/data/97210/000119312526059002/ter-20251231.htm
"Tesla, Inc.",TSLA,1318605,Consumer Discretionary,8-K,2025-04-22,2025-04-22,0001628280-25-018851,0001628280-25-018851:exhbit991.htm,EX-99.1,https://www.sec.gov/Archives/edgar/data/1318605/000162828025018851/0001628280-25-018851-index.htm,https://www.sec.gov/Archives/edgar/data/1318605/000162828025018851/exhbit991.htm
"Tesla, Inc.",TSLA,1318605,Consumer Discretionary,8-K,2025-10-22,2025-10-22,0001628280-25-045861,0001628280-25-045861:exhibit991.htm,EX-99.1,https://www.sec.gov/Archives/edgar/data/1318605/000162828025045861/0001628280-25-045861-index.htm,https://www.sec.gov/Archives/edgar/data/1318605/000162828025045861/exhibit991.htm
"Tesla, Inc.",TSLA,1318605,Consumer Discretionary,8-K,2025-07-23,2025-07-23,0001628280-25-035738,0001628280-25-035738:exhibit991.htm,EX-99.1,https://www.sec.gov/Archives/edgar/data/1318605/000162828025035738/0001628280-25-035738-index.htm,https://www.sec.gov/Archives/edgar/data/1318605/000162828025035738/exhibit991.htm
"Tesla, Inc.",TSLA,1318605,Consumer Discretionary,8-K,2026-01-28,2026-01-28,0001628280-26-003837,0001628280-26-003837:exhibit991.htm,EX-99.1,https://www.sec.gov/Archives/edgar/data/1318605/000162828026003837/0001628280-26-003837-index.htm,https://www.sec.gov/Archives/edgar/data/1318605/000162828026003837/exhibit991.htm
"Tesla, Inc.",TSLA,1318605,Consumer Discretionary,10-Q,2025-04-23,2025-03-31,0001628280-25-018911,0001628280-25-018911:tsla-20250331.htm,10-Q,https://www.sec.gov/Archives/edgar/data/1318605/000162828025018911/0001628280-25-018911-index.htm,https://www.sec.gov/Archives/edgar/data/1318605/000162828025018911/tsla-20250331.htm
"Tesla, Inc.",TSLA,1318605,Consumer Discretionary,8-K,2026-07-22,2026-07-22,0001628280-26-049213,0001628280-26-049213:exhibit991.htm,EX-99.1,https://www.sec.gov/Archives/edgar/data/1318605/000162828026049213/0001628280-26-049213-index.htm,https://www.sec.gov/Archives/edgar/data/1318605/000162828026049213/exhibit991.htm
"Tesla, Inc.",TSLA,1318605,Consumer Discretionary,8-K,2026-04-22,2026-04-22,0001628280-26-026551,0001628280-26-026551:exhibit991.htm,EX-99.1,https://www.sec.gov/Archives/edgar/data/1318605/000162828026026551/0001628280-26-026551-index.htm,https://www.sec.gov/Archives/edgar/data/1318605/000162828026026551/exhibit991.htm
"Tesla, Inc.",TSLA,1318605,Consumer Discretionary,10-Q,2025-07-24,2025-06-30,0001628280-25-035806,0001628280-25-035806:tsla-20250630.htm,10-Q,https://www.sec.gov/Archives/edgar/data/1318605/000162828025035806/0001628280-25-035806-index.htm,https://www.sec.gov/Archives/edgar/data/1318605/000162828025035806/tsla-20250630.htm
"Tesla, Inc.",TSLA,1318605,Consumer Discretionary,10-K,2026-01-29,2025-12-31,0001628280-26-003952,0001628280-26-003952:tsla-20251231.htm,10-K,https://www.sec.gov/Archives/edgar/data/1318605/000162828026003952/0001628280-26-003952-index.htm,https://www.sec.gov/Archives/edgar/data/1318605/000162828026003952/tsla-20251231.htm
"Tesla, Inc.",TSLA,1318605,Consumer Discretionary,10-Q,2026-04-23,2026-03-31,0001628280-26-026673,0001628280-26-026673:tsla-20260331.htm,10-Q,https://www.sec.gov/Archives/edgar/data/1318605/000162828026026673/0001628280-26-026673-index.htm,https://www.sec.gov/Archives/edgar/data/1318605/000162828026026673/tsla-20260331.htm
"Tesla, Inc.",TSLA,1318605,Consumer Discretionary,10-Q,2025-10-23,2025-09-30,0001628280-25-045968,0001628280-25-045968:tsla-20250930.htm,10-Q,https://www.sec.gov/Archives/edgar/data/1318605/000162828025045968/0001628280-25-045968-index.htm,https://www.sec.gov/Archives/edgar/data/1318605/000162828025045968/tsla-20250930.htm
"Tesla, Inc.",TSLA,1318605,Consumer Discretionary,10-Q,2026-07-23,2026-06-30,0001628280-26-049270,0001628280-26-049270:tsla-20260630.htm,10-Q,https://www.sec.gov/Archives/edgar/data/1318605/000162828026049270/0001628280-26-049270-index.htm,https://www.sec.gov/Archives/edgar/data/1318605/000162828026049270/tsla-20260630.htm
"Tesla, Inc.",TSLA,1318605,Consumer Discretionary,10-K,2025-01-30,2024-12-31,0001628280-25-003063,0001628280-25-003063:tsla-20241231.htm,10-K,https://www.sec.gov/Archives/edgar/data/1318605/000162828025003063/0001628280-25-003063-index.htm,https://www.sec.gov/Archives/edgar/data/1318605/000162828025003063/tsla-20241231.htm
Texas Instruments,TXN,97476,Information Technology,8-K,2025-09-18,2025-09-18,0000097476-25-000048,0000097476-25-000048:txn8-k2025x09x18exhibit99.htm,EX-99,https://www.sec.gov/Archives/edgar/data/97476/000009747625000048/0000097476-25-000048-index.htm,https://www.sec.gov/Archives/edgar/data/97476/000009747625000048/txn8-k2025x09x18exhibit99.htm
Texas Instruments,TXN,97476,Information Technology,8-K,2025-07-22,2025-07-22,0000097476-25-000033,0000097476-25-000033:q22025txnex99-er1.htm,EX-99,https://www.sec.gov/Archives/edgar/data/97476/000009747625000033/0000097476-25-000033-index.htm,https://www.sec.gov/Archives/edgar/data/97476/000009747625000033/q22025txnex99-er1.htm
Texas Instruments,TXN,97476,Information Technology,8-K,2025-10-21,2025-10-21,0000097476-25-000056,0000097476-25-000056:q32025txnex99-eredgarversi.htm,EX-99,https://www.sec.gov/Archives/edgar/data/97476/000009747625000056/0000097476-25-000056-index.htm,https://www.sec.gov/Archives/edgar/data/97476/000009747625000056/q32025txnex99-eredgarversi.htm
Texas Instruments,TXN,97476,Information Technology,8-K,2026-07-22,2026-07-22,0000097476-26-000148,0000097476-26-000148:q22026txnex99-eredgar.htm,EX-99,https://www.sec.gov/Archives/edgar/data/97476/000009747626000148/0000097476-26-000148-index.htm,https://www.sec.gov/Archives/edgar/data/97476/000009747626000148/q22026txnex99-eredgar.htm
Texas Instruments,TXN,97476,Information Technology,8-K,2025-01-23,2025-01-23,0000097476-25-000003,0000097476-25-000003:q42024txnex99-eredgar.htm,EX-99,https://www.sec.gov/Archives/edgar/data/97476/000009747625000003/0000097476-25-000003-index.htm,https://www.sec.gov/Archives/edgar/data/97476/000009747625000003/q42024txnex99-eredgar.htm
Texas Instruments,TXN,97476,Information Technology,8-K,2025-04-23,2025-04-23,0000097476-25-000025,0000097476-25-000025:q12025txnex99-er1.htm,EX-99,https://www.sec.gov/Archives/edgar/data/97476/000009747625000025/0000097476-25-000025-index.htm,https://www.sec.gov/Archives/edgar/data/97476/000009747625000025/q12025txnex99-er1.htm
Texas Instruments,TXN,97476,Information Technology,8-K,2026-01-27,2026-01-27,0000097476-26-000003,0000097476-26-000003:q42025txnex99-eredgar.htm,EX-99,https://www.sec.gov/Archives/edgar/data/97476/000009747626000003/0000097476-26-000003-index.htm,https://www.sec.gov/Archives/edgar/data/97476/000009747626000003/q42025txnex99-eredgar.htm
Texas Instruments,TXN,97476,Information Technology,8-K,2026-04-22,2026-04-22,0000097476-26-000097,0000097476-26-000097:q12026txnex99-eredgar.htm,EX-99,https://www.sec.gov/Archives/edgar/data/97476/000009747626000097/0000097476-26-000097-index.htm,https://www.sec.gov/Archives/edgar/data/97476/000009747626000097/q12026txnex99-eredgar.htm
Texas Instruments,TXN,97476,Information Technology,10-Q,2025-04-24,2025-03-31,0000097476-25-000027,0000097476-25-000027:txn-20250331.htm,10-Q,https://www.sec.gov/Archives/edgar/data/97476/000009747625000027/0000097476-25-000027-index.htm,https://www.sec.gov/Archives/edgar/data/97476/000009747625000027/txn-20250331.htm
Texas Instruments,TXN,97476,Information Technology,10-Q,2026-04-24,2026-03-31,0000097476-26-000101,0000097476-26-000101:txn-20260331.htm,10-Q,https://www.sec.gov/Archives/edgar/data/97476/000009747626000101/0000097476-26-000101-index.htm,https://www.sec.gov/Archives/edgar/data/97476/000009747626000101/txn-20260331.htm
Texas Instruments,TXN,97476,Information Technology,10-Q,2025-07-29,2025-06-30,0000097476-25-000036,0000097476-25-000036:txn-20250630.htm,10-Q,https://www.sec.gov/Archives/edgar/data/97476/000009747625000036/0000097476-25-000036-index.htm,https://www.sec.gov/Archives/edgar/data/97476/000009747625000036/txn-20250630.htm
Texas Instruments,TXN,97476,Information Technology,10-Q,2026-07-24,2026-06-30,0000097476-26-000152,0000097476-26-000152:txn-20260630.htm,10-Q,https://www.sec.gov/Archives/edgar/data/97476/000009747626000152/0000097476-26-000152-index.htm,https://www.sec.gov/Archives/edgar/data/97476/000009747626000152/txn-20260630.htm
Texas Instruments,TXN,97476,Information Technology,10-Q,2025-10-23,2025-09-30,0000097476-25-000060,0000097476-25-000060:txn-20250930.htm,10-Q,https://www.sec.gov/Archives/edgar/data/97476/000009747625000060/0000097476-25-000060-index.htm,https://www.sec.gov/Archives/edgar/data/97476/000009747625000060/txn-20250930.htm
Texas Instruments,TXN,97476,Information Technology,10-K,2025-02-14,2024-12-31,0000097476-25-000007,0000097476-25-000007:txn-20241231.htm,10-K,https://www.sec.gov/Archives/edgar/data/97476/000009747625000007/0000097476-25-000007-index.htm,https://www.sec.gov/Archives/edgar/data/97476/000009747625000007/txn-20241231.htm
Texas Instruments,TXN,97476,Information Technology,10-K,2026-02-06,2025-12-31,0000097476-26-000059,0000097476-26-000059:txn-20251231.htm,10-K,https://www.sec.gov/Archives/edgar/data/97476/000009747626000059/0000097476-26-000059-index.htm,https://www.sec.gov/Archives/edgar/data/97476/000009747626000059/txn-20251231.htm
Textron,TXT,217346,Industrials,10-Q,2025-10-23,2025-09-27,0000217346-25-000077,0000217346-25-000077:txt-20250927.htm,10-Q,https://www.sec.gov/Archives/edgar/data/217346/000021734625000077/0000217346-25-000077-index.htm,https://www.sec.gov/Archives/edgar/data/217346/000021734625000077/txt-20250927.htm
Textron,TXT,217346,Industrials,10-Q,2025-04-24,2025-03-29,0000217346-25-000046,0000217346-25-000046:txt-20250329.htm,10-Q,https://www.sec.gov/Archives/edgar/data/217346/000021734625000046/0000217346-25-000046-index.htm,https://www.sec.gov/Archives/edgar/data/217346/000021734625000046/txt-20250329.htm
Textron,TXT,217346,Industrials,10-Q,2025-07-24,2025-06-28,0000217346-25-000068,0000217346-25-000068:txt-20250628.htm,10-Q,https://www.sec.gov/Archives/edgar/data/217346/000021734625000068/0000217346-25-000068-index.htm,https://www.sec.gov/Archives/edgar/data/217346/000021734625000068/txt-20250628.htm
Textron,TXT,217346,Industrials,10-K,2026-02-11,2026-01-03,0000217346-26-000006,0000217346-26-000006:txt-20260103.htm,10-K,https://www.sec.gov/Archives/edgar/data/217346/000021734626000006/0000217346-26-000006-index.htm,https://www.sec.gov/Archives/edgar/data/217346/000021734626000006/txt-20260103.htm
Textron,TXT,217346,Industrials,10-Q,2026-04-30,2026-04-04,0000217346-26-000012,0000217346-26-000012:txt-20260404.htm,10-Q,https://www.sec.gov/Archives/edgar/data/217346/000021734626000012/0000217346-26-000012-index.htm,https://www.sec.gov/Archives/edgar/data/217346/000021734626000012/txt-20260404.htm
Thermo Fisher Scientific,TMO,97745,Health Care,8-K,2025-07-23,2025-07-23,0000097745-25-000093,0000097745-25-000093:q22025earnings8kex99_1.htm,EX-99.1,https://www.sec.gov/Archives/edgar/data/97745/000009774525000093/0000097745-25-000093-index.htm,https://www.sec.gov/Archives/edgar/data/97745/000009774525000093/q22025earnings8kex99_1.htm
TJX Companies,TJX,109198,Consumer Discretionary,8-K,2025-08-20,2025-08-20,0000109198-25-000051,0000109198-25-000051:tjxq2fy26earningspressrele.htm,EX-99.1,https://www.sec.gov/Archives/edgar/data/109198/000010919825000051/0000109198-25-000051-index.htm,https://www.sec.gov/Archives/edgar/data/109198/000010919825000051/tjxq2fy26earningspressrele.htm
TJX Companies,TJX,109198,Consumer Discretionary,8-K,2025-05-21,2025-05-21,0000109198-25-000037,0000109198-25-000037:tjxq1fy26earningspressrele.htm,EX-99.1,https://www.sec.gov/Archives/edgar/data/109198/000010919825000037/0000109198-25-000037-index.htm,https://www.sec.gov/Archives/edgar/data/109198/000010919825000037/tjxq1fy26earningspressrele.htm
TJX Companies,TJX,109198,Consumer Discretionary,10-K,2026-03-31,2026-01-31,0000109198-26-000008,0000109198-26-000008:tjx-20260131.htm,10-K,https://www.sec.gov/Archives/edgar/data/109198/000010919826000008/0000109198-26-000008-index.htm,https://www.sec.gov/Archives/edgar/data/109198/000010919826000008/tjx-20260131.htm
TJX Companies,TJX,109198,Consumer Discretionary,10-Q,2026-05-29,2026-05-02,0000109198-26-000034,0000109198-26-000034:tjx-20260502.htm,10-Q,https://www.sec.gov/Archives/edgar/data/109198/000010919826000034/0000109198-26-000034-index.htm,https://www.sec.gov/Archives/edgar/data/109198/000010919826000034/tjx-20260502.htm
TJX Companies,TJX,109198,Consumer Discretionary,10-Q,2025-08-29,2025-08-02,0000109198-25-000054,0000109198-25-000054:tjx-20250802.htm,10-Q,https://www.sec.gov/Archives/edgar/data/109198/000010919825000054/0000109198-25-000054-index.htm,https://www.sec.gov/Archives/edgar/data/109198/000010919825000054/tjx-20250802.htm
TJX Companies,TJX,109198,Consumer Discretionary,10-Q,2025-12-02,2025-11-01,0000109198-25-000061,0000109198-25-000061:tjx-20251101.htm,10-Q,https://www.sec.gov/Archives/edgar/data/109198/000010919825000061/0000109198-25-000061-index.htm,https://www.sec.gov/Archives/edgar/data/109198/000010919825000061/tjx-20251101.htm
TJX Companies,TJX,109198,Consumer Discretionary,8-K,2026-05-20,2026-05-20,0000109198-26-000023,0000109198-26-000023:tjxq1fy27earningspressrele.htm,EX-99.1,https://www.sec.gov/Archives/edgar/data/109198/000010919826000023/0000109198-26-000023-index.htm,https://www.sec.gov/Archives/edgar/data/109198/000010919826000023/tjxq1fy27earningspressrele.htm
TJX Companies,TJX,109198,Consumer Discretionary,10-Q,2025-05-30,2025-05-03,0000109198-25-000043,0000109198-25-000043:tjx-20250503.htm,10-Q,https://www.sec.gov/Archives/edgar/data/109198/000010919825000043/0000109198-25-000043-index.htm,https://www.sec.gov/Archives/edgar/data/109198/000010919825000043/tjx-20250503.htm
TJX Companies,TJX,109198,Consumer Discretionary,8-K,2025-11-19,2025-11-19,0000109198-25-000058,0000109198-25-000058:tjxq3fy26earningspressrele.htm,EX-99.1,https://www.sec.gov/Archives/edgar/data/109198/000010919825000058/0000109198-25-000058-index.htm,https://www.sec.gov/Archives/edgar/data/109198/000010919825000058/tjxq3fy26earningspressrele.htm
TJX Companies,TJX,109198,Consumer Discretionary,8-K,2025-02-26,2025-02-26,0000109198-25-000006,0000109198-25-000006:tjxq4fy25earningspressrele.htm,EX-99.1,https://www.sec.gov/Archives/edgar/data/109198/000010919825000006/0000109198-25-000006-index.htm,https://www.sec.gov/Archives/edgar/data/109198/000010919825000006/tjxq4fy25earningspressrele.htm
TJX Companies,TJX,109198,Consumer Discretionary,8-K,2026-02-25,2026-02-25,0000109198-26-000004,0000109198-26-000004:tjxq4fy26earningspressrele.htm,EX-99.1,https://www.sec.gov/Archives/edgar/data/109198/000010919826000004/0000109198-26-000004-index.htm,https://www.sec.gov/Archives/edgar/data/109198/000010919826000004/tjxq4fy26earningspressrele.htm
TJX Companies,TJX,109198,Consumer Discretionary,10-K,2025-04-02,2025-02-01,0000109198-25-000010,0000109198-25-000010:tjx-20250201.htm,10-K,https://www.sec.gov/Archives/edgar/data/109198/000010919825000010/0000109198-25-000010-index.htm,https://www.sec.gov/Archives/edgar/data/109198/000010919825000010/tjx-20250201.htm
Tractor Supply,TSCO,916365,Consumer Discretionary,8-K,2026-07-23,2026-07-23,0000916365-26-000052,0000916365-26-000052:ex991-q22026earningsrelease.htm,EX-99.1,https://www.sec.gov/Archives/edgar/data/916365/000091636526000052/0000916365-26-000052-index.htm,https://www.sec.gov/Archives/edgar/data/916365/000091636526000052/ex991-q22026earningsrelease.htm
Tractor Supply,TSCO,916365,Consumer Discretionary,8-K,2026-04-21,2026-04-21,0000916365-26-000020,0000916365-26-000020:ex991-q12026earningsrelease.htm,EX-99.1,https://www.sec.gov/Archives/edgar/data/916365/000091636526000020/0000916365-26-000020-index.htm,https://www.sec.gov/Archives/edgar/data/916365/000091636526000020/ex991-q12026earningsrelease.htm
Tractor Supply,TSCO,916365,Consumer Discretionary,8-K,2025-04-24,2025-04-24,0000916365-25-000085,0000916365-25-000085:ex991-q12025earningsrelease.htm,EX-99.1,https://www.sec.gov/Archives/edgar/data/916365/000091636525000085/0000916365-25-000085-index.htm,https://www.sec.gov/Archives/edgar/data/916365/000091636525000085/ex991-q12025earningsrelease.htm
Tractor Supply,TSCO,916365,Consumer Discretionary,8-K,2025-10-23,2025-10-23,0000916365-25-000157,0000916365-25-000157:ex991-q32025earningsrelease.htm,EX-99.1,https://www.sec.gov/Archives/edgar/data/916365/000091636525000157/0000916365-25-000157-index.htm,https://www.sec.gov/Archives/edgar/data/916365/000091636525000157/ex991-q32025earningsrelease.htm
Tractor Supply,TSCO,916365,Consumer Discretionary,8-K,2025-07-24,2025-07-24,0000916365-25-000135,0000916365-25-000135:ex991-q22025earningsrelease.htm,EX-99.1,https://www.sec.gov/Archives/edgar/data/916365/000091636525000135/0000916365-25-000135-index.htm,https://www.sec.gov/Archives/edgar/data/916365/000091636525000135/ex991-q22025earningsrelease.htm
Tractor Supply,TSCO,916365,Consumer Discretionary,8-K,2026-01-29,2026-01-29,0000916365-26-000005,0000916365-26-000005:ex991-q42025earningsrelease.htm,EX-99.1,https://www.sec.gov/Archives/edgar/data/916365/000091636526000005/0000916365-26-000005-index.htm,https://www.sec.gov/Archives/edgar/data/916365/000091636526000005/ex991-q42025earningsrelease.htm
Tractor Supply,TSCO,916365,Consumer Discretionary,10-Q,2025-11-06,2025-09-27,0000916365-25-000163,0000916365-25-000163:tsco-20250927.htm,10-Q,https://www.sec.gov/Archives/edgar/data/916365/000091636525000163/0000916365-25-000163-index.htm,https://www.sec.gov/Archives/edgar/data/916365/000091636525000163/tsco-20250927.htm
Tractor Supply,TSCO,916365,Consumer Discretionary,10-Q,2025-05-08,2025-03-29,0000916365-25-000089,0000916365-25-000089:tsco-20250329.htm,10-Q,https://www.sec.gov/Archives/edgar/data/916365/000091636525000089/0000916365-25-000089-index.htm,https://www.sec.gov/Archives/edgar/data/916365/000091636525000089/tsco-20250329.htm
Tractor Supply,TSCO,916365,Consumer Discretionary,10-Q,2025-08-07,2025-06-28,0000916365-25-000150,0000916365-25-000150:tsco-20250628.htm,10-Q,https://www.sec.gov/Archives/edgar/data/916365/000091636525000150/0000916365-25-000150-index.htm,https://www.sec.gov/Archives/edgar/data/916365/000091636525000150/tsco-20250628.htm
TransDigm Group,TDG,1260221,Industrials,10-K,2025-11-12,2025-09-30,0001260221-25-000081,0001260221-25-000081:tdg-20250930.htm,10-K,https://www.sec.gov/Archives/edgar/data/1260221/000126022125000081/0001260221-25-000081-index.htm,https://www.sec.gov/Archives/edgar/data/1260221/000126022125000081/tdg-20250930.htm
TransDigm Group,TDG,1260221,Industrials,10-Q,2025-05-06,2025-03-29,0001260221-25-000026,0001260221-25-000026:tdg-20250329.htm,10-Q,https://www.sec.gov/Archives/edgar/data/1260221/000126022125000026/0001260221-25-000026-index.htm,https://www.sec.gov/Archives/edgar/data/1260221/000126022125000026/tdg-20250329.htm
TransDigm Group,TDG,1260221,Industrials,10-Q,2025-08-05,2025-06-28,0001260221-25-000051,0001260221-25-000051:tdg-20250628.htm,10-Q,https://www.sec.gov/Archives/edgar/data/1260221/000126022125000051/0001260221-25-000051-index.htm,https://www.sec.gov/Archives/edgar/data/1260221/000126022125000051/tdg-20250628.htm
Travelers Companies (The),TRV,86312,Financials,10-Q,2025-04-16,2025-03-31,0000086312-25-000029,0000086312-25-000029:trv-20250331.htm,10-Q,https://www.sec.gov/Archives/edgar/data/86312/000008631225000029/0000086312-25-000029-index.htm,https://www.sec.gov/Archives/edgar/data/86312/000008631225000029/trv-20250331.htm
Travelers Companies (The),TRV,86312,Financials,10-Q,2026-04-16,2026-03-31,0000086312-26-000111,0000086312-26-000111:trv-20260331.htm,10-Q,https://www.sec.gov/Archives/edgar/data/86312/000008631226000111/0000086312-26-000111-index.htm,https://www.sec.gov/Archives/edgar/data/86312/000008631226000111/trv-20260331.htm
Travelers Companies (The),TRV,86312,Financials,10-Q,2025-07-17,2025-06-30,0000086312-25-000047,0000086312-25-000047:trv-20250630.htm,10-Q,https://www.sec.gov/Archives/edgar/data/86312/000008631225000047/0000086312-25-000047-index.htm,https://www.sec.gov/Archives/edgar/data/86312/000008631225000047/trv-20250630.htm
Travelers Companies (The),TRV,86312,Financials,10-Q,2025-10-16,2025-09-30,0000086312-25-000069,0000086312-25-000069:trv-20250930.htm,10-Q,https://www.sec.gov/Archives/edgar/data/86312/000008631225000069/0000086312-25-000069-index.htm,https://www.sec.gov/Archives/edgar/data/86312/000008631225000069/trv-20250930.htm
Travelers Companies (The),TRV,86312,Financials,10-Q,2026-07-17,2026-06-30,0000086312-26-000145,0000086312-26-000145:trv-20260630.htm,10-Q,https://www.sec.gov/Archives/edgar/data/86312/000008631226000145/0000086312-26-000145-index.htm,https://www.sec.gov/Archives/edgar/data/86312/000008631226000145/trv-20260630.htm
Travelers Companies (The),TRV,86312,Financials,10-K,2026-02-12,2025-12-31,0000086312-26-000065,0000086312-26-000065:trv-20251231.htm,10-K,https://www.sec.gov/Archives/edgar/data/86312/000008631226000065/0000086312-26-000065-index.htm,https://www.sec.gov/Archives/edgar/data/86312/000008631226000065/trv-20251231.htm
Trimble Inc.,TRMB,864749,Information Technology,8-K,2026-05-06,2026-05-06,0000864749-26-000061,0000864749-26-000061:a2026q1-8kex991.htm,EX-99.1,https://www.sec.gov/Archives/edgar/data/864749/000086474926000061/0000864749-26-000061-index.htm,https://www.sec.gov/Archives/edgar/data/864749/000086474926000061/a2026q1-8kex991.htm
Trimble Inc.,TRMB,864749,Information Technology,10-Q,2026-05-06,2026-04-03,0000864749-26-000063,0000864749-26-000063:trmb-20260403.htm,10-Q,https://www.sec.gov/Archives/edgar/data/864749/000086474926000063/0000864749-26-000063-index.htm,https://www.sec.gov/Archives/edgar/data/864749/000086474926000063/trmb-20260403.htm
Trimble Inc.,TRMB,864749,Information Technology,10-Q,2025-05-12,2025-04-04,0000864749-25-000113,0000864749-25-000113:trmb-20250404.htm,10-Q,https://www.sec.gov/Archives/edgar/data/864749/000086474925000113/0000864749-25-000113-index.htm,https://www.sec.gov/Archives/edgar/data/864749/000086474925000113/trmb-20250404.htm
Trimble Inc.,TRMB,864749,Information Technology,10-Q,2025-11-05,2025-10-03,0000864749-25-000286,0000864749-25-000286:trmb-20251003.htm,10-Q,https://www.sec.gov/Archives/edgar/data/864749/000086474925000286/0000864749-25-000286-index.htm,https://www.sec.gov/Archives/edgar/data/864749/000086474925000286/trmb-20251003.htm
Trimble Inc.,TRMB,864749,Information Technology,10-Q,2025-08-06,2025-07-04,0000864749-25-000245,0000864749-25-000245:trmb-20250704.htm,10-Q,https://www.sec.gov/Archives/edgar/data/864749/000086474925000245/0000864749-25-000245-index.htm,https://www.sec.gov/Archives/edgar/data/864749/000086474925000245/trmb-20250704.htm
Trimble Inc.,TRMB,864749,Information Technology,10-K,2025-04-25,2025-01-03,0000864749-25-000090,0000864749-25-000090:trmb-20250103.htm,10-K,https://www.sec.gov/Archives/edgar/data/864749/000086474925000090/0000864749-25-000090-index.htm,https://www.sec.gov/Archives/edgar/data/864749/000086474925000090/trmb-20250103.htm
Trimble Inc.,TRMB,864749,Information Technology,10-K,2026-02-25,2026-01-02,0000864749-26-000015,0000864749-26-000015:trmb-20260102.htm,10-K,https://www.sec.gov/Archives/edgar/data/864749/000086474926000015/0000864749-26-000015-index.htm,https://www.sec.gov/Archives/edgar/data/864749/000086474926000015/trmb-20260102.htm
Truist Financial,TFC,92230,Financials,10-Q,2025-07-31,2025-06-30,0000092230-25-000123,0000092230-25-000123:tfc-20250630.htm,10-Q,https://www.sec.gov/Archives/edgar/data/92230/000009223025000123/0000092230-25-000123-index.htm,https://www.sec.gov/Archives/edgar/data/92230/000009223025000123/tfc-20250630.htm
Truist Financial,TFC,92230,Financials,10-Q,2025-10-30,2025-09-30,0000092230-25-000157,0000092230-25-000157:tfc-20250930.htm,10-Q,https://www.sec.gov/Archives/edgar/data/92230/000009223025000157/0000092230-25-000157-index.htm,https://www.sec.gov/Archives/edgar/data/92230/000009223025000157/tfc-20250930.htm
Truist Financial,TFC,92230,Financials,10-Q,2025-04-30,2025-03-31,0000092230-25-000050,0000092230-25-000050:tfc-20250331.htm,10-Q,https://www.sec.gov/Archives/edgar/data/92230/000009223025000050/0000092230-25-000050-index.htm,https://www.sec.gov/Archives/edgar/data/92230/000009223025000050/tfc-20250331.htm
Truist Financial,TFC,92230,Financials,10-Q,2026-05-01,2026-03-31,0000092230-26-000062,0000092230-26-000062:tfc-20260331.htm,10-Q,https://www.sec.gov/Archives/edgar/data/92230/000009223026000062/0000092230-26-000062-index.htm,https://www.sec.gov/Archives/edgar/data/92230/000009223026000062/tfc-20260331.htm
Truist Financial,TFC,92230,Financials,10-K,2026-02-24,2025-12-31,0000092230-26-000030,0000092230-26-000030:tfc-20251231.htm,10-K,https://www.sec.gov/Archives/edgar/data/92230/000009223026000030/0000092230-26-000030-index.htm,https://www.sec.gov/Archives/edgar/data/92230/000009223026000030/tfc-20251231.htm
Tyson Foods,TSN,100493,Consumer Staples,10-Q,2025-05-05,2025-03-29,0000100493-25-000056,0000100493-25-000056:tsn-20250329.htm,10-Q,https://www.sec.gov/Archives/edgar/data/100493/000010049325000056/0000100493-25-000056-index.htm,https://www.sec.gov/Archives/edgar/data/100493/000010049325000056/tsn-20250329.htm
Tyson Foods,TSN,100493,Consumer Staples,10-Q,2025-08-04,2025-06-28,0000100493-25-000076,0000100493-25-000076:tsn-20250628.htm,10-Q,https://www.sec.gov/Archives/edgar/data/100493/000010049325000076/0000100493-25-000076-index.htm,https://www.sec.gov/Archives/edgar/data/100493/000010049325000076/tsn-20250628.htm
U.S. Bancorp,USB,36104,Financials,8-K,2025-04-16,2025-04-16,0000036104-25-000025,0000036104-25-000025:a1q25earningsrelease.htm,EX-99.1,https://www.sec.gov/Archives/edgar/data/36104/000003610425000025/0000036104-25-000025-index.htm,https://www.sec.gov/Archives/edgar/data/36104/000003610425000025/a1q25earningsrelease.htm
U.S. Bancorp,USB,36104,Financials,8-K,2025-10-16,2025-10-16,0000036104-25-000060,0000036104-25-000060:a3q25earningsrelease.htm,EX-99.1,https://www.sec.gov/Archives/edgar/data/36104/000003610425000060/0000036104-25-000060-index.htm,https://www.sec.gov/Archives/edgar/data/36104/000003610425000060/a3q25earningsrelease.htm
U.S. Bancorp,USB,36104,Financials,8-K,2025-07-17,2025-07-17,0000036104-25-000044,0000036104-25-000044:a2q25earningsrelease.htm,EX-99.1,https://www.sec.gov/Archives/edgar/data/36104/000003610425000044/0000036104-25-000044-index.htm,https://www.sec.gov/Archives/edgar/data/36104/000003610425000044/a2q25earningsrelease.htm
U.S. Bancorp,USB,36104,Financials,10-Q,2025-05-06,2025-03-31,0000036104-25-000028,0000036104-25-000028:usb-20250331.htm,10-Q,https://www.sec.gov/Archives/edgar/data/36104/000003610425000028/0000036104-25-000028-index.htm,https://www.sec.gov/Archives/edgar/data/36104/000003610425000028/usb-20250331.htm
U.S. Bancorp,USB,36104,Financials,10-Q,2025-11-05,2025-09-30,0000036104-25-000064,0000036104-25-000064:usb-20250930.htm,10-Q,https://www.sec.gov/Archives/edgar/data/36104/000003610425000064/0000036104-25-000064-index.htm,https://www.sec.gov/Archives/edgar/data/36104/000003610425000064/usb-20250930.htm
U.S. Bancorp,USB,36104,Financials,10-Q,2025-08-07,2025-06-30,0000036104-25-000055,0000036104-25-000055:usb-20250630.htm,10-Q,https://www.sec.gov/Archives/edgar/data/36104/000003610425000055/0000036104-25-000055-index.htm,https://www.sec.gov/Archives/edgar/data/36104/000003610425000055/usb-20250630.htm
U.S. Bancorp,USB,36104,Financials,10-K,2026-02-23,2025-12-31,0000036104-26-000011,0000036104-26-000011:usb-20251231_d2.htm,EX-13,https://www.sec.gov/Archives/edgar/data/36104/000003610426000011/0000036104-26-000011-index.htm,https://www.sec.gov/Archives/edgar/data/36104/000003610426000011/usb-20251231_d2.htm
Ulta Beauty,ULTA,1403568,Consumer Discretionary,10-K,2026-03-26,2026-01-31,0001104659-26-035243,0001104659-26-035243:ulta-20260131x10k.htm,10-K,https://www.sec.gov/Archives/edgar/data/1403568/000110465926035243/0001104659-26-035243-index.htm,https://www.sec.gov/Archives/edgar/data/1403568/000110465926035243/ulta-20260131x10k.htm
Union Pacific Corporation,UNP,100885,Industrials,10-Q,2025-04-24,2025-03-31,0000100885-25-000151,0000100885-25-000151:unp-20250331.htm,10-Q,https://www.sec.gov/Archives/edgar/data/100885/000010088525000151/0000100885-25-000151-index.htm,https://www.sec.gov/Archives/edgar/data/100885/000010088525000151/unp-20250331.htm
Union Pacific Corporation,UNP,100885,Industrials,10-Q,2025-07-24,2025-06-30,0000100885-25-000253,0000100885-25-000253:unp-20250630.htm,10-Q,https://www.sec.gov/Archives/edgar/data/100885/000010088525000253/0000100885-25-000253-index.htm,https://www.sec.gov/Archives/edgar/data/100885/000010088525000253/unp-20250630.htm
Union Pacific Corporation,UNP,100885,Industrials,10-K,2026-02-06,2025-12-31,0000100885-26-000037,0000100885-26-000037:unp-20251231.htm,10-K,https://www.sec.gov/Archives/edgar/data/100885/000010088526000037/0000100885-26-000037-index.htm,https://www.sec.gov/Archives/edgar/data/100885/000010088526000037/unp-20251231.htm
Union Pacific Corporation,UNP,100885,Industrials,10-Q,2025-10-23,2025-09-30,0000100885-25-000321,0000100885-25-000321:unp-20250930.htm,10-Q,https://www.sec.gov/Archives/edgar/data/100885/000010088525000321/0000100885-25-000321-index.htm,https://www.sec.gov/Archives/edgar/data/100885/000010088525000321/unp-20250930.htm
Union Pacific Corporation,UNP,100885,Industrials,10-K,2025-02-07,2024-12-31,0000100885-25-000042,0000100885-25-000042:unp-20241231.htm,10-K,https://www.sec.gov/Archives/edgar/data/100885/000010088525000042/0000100885-25-000042-index.htm,https://www.sec.gov/Archives/edgar/data/100885/000010088525000042/unp-20241231.htm
United Parcel Service,UPS,1090727,Industrials,10-Q,2026-05-06,2026-03-31,0001628280-26-031154,0001628280-26-031154:ups-20260331.htm,10-Q,https://www.sec.gov/Archives/edgar/data/1090727/000162828026031154/0001628280-26-031154-index.htm,https://www.sec.gov/Archives/edgar/data/1090727/000162828026031154/ups-20260331.htm
United Parcel Service,UPS,1090727,Industrials,10-Q,2025-05-07,2025-03-31,0001090727-25-000049,0001090727-25-000049:ups-20250331.htm,10-Q,https://www.sec.gov/Archives/edgar/data/1090727/000109072725000049/0001090727-25-000049-index.htm,https://www.sec.gov/Archives/edgar/data/1090727/000109072725000049/ups-20250331.htm
United Parcel Service,UPS,1090727,Industrials,10-Q,2025-08-06,2025-06-30,0001090727-25-000064,0001090727-25-000064:ups-20250630.htm,10-Q,https://www.sec.gov/Archives/edgar/data/1090727/000109072725000064/0001090727-25-000064-index.htm,https://www.sec.gov/Archives/edgar/data/1090727/000109072725000064/ups-20250630.htm
United Parcel Service,UPS,1090727,Industrials,10-Q,2025-11-05,2025-09-30,0001628280-25-049661,0001628280-25-049661:ups-20250930.htm,10-Q,https://www.sec.gov/Archives/edgar/data/1090727/000162828025049661/0001628280-25-049661-index.htm,https://www.sec.gov/Archives/edgar/data/1090727/000162828025049661/ups-20250930.htm
United Parcel Service,UPS,1090727,Industrials,10-K,2026-02-17,2025-12-31,0001628280-26-008432,0001628280-26-008432:ups-20251231.htm,10-K,https://www.sec.gov/Archives/edgar/data/1090727/000162828026008432/0001628280-26-008432-index.htm,https://www.sec.gov/Archives/edgar/data/1090727/000162828026008432/ups-20251231.htm
United Parcel Service,UPS,1090727,Industrials,10-K,2025-02-18,2024-12-31,0001090727-25-000019,0001090727-25-000019:ups-20241231.htm,10-K,https://www.sec.gov/Archives/edgar/data/1090727/000109072725000019/0001090727-25-000019-index.htm,https://www.sec.gov/Archives/edgar/data/1090727/000109072725000019/ups-20241231.htm
United Rentals,URI,1067701,Industrials,8-K,2025-01-14,2025-01-13,0001104659-25-003275,0001104659-25-003275:tm253246d1_ex2-1.htm,EX-2.1,https://www.sec.gov/Archives/edgar/data/1067701/000110465925003275/0001104659-25-003275-index.htm,https://www.sec.gov/Archives/edgar/data/1067701/000110465925003275/tm253246d1_ex2-1.htm
Veralto,VLTO,1967680,Industrials,10-Q,2025-04-30,2025-04-04,0001967680-25-000067,0001967680-25-000067:vlto-20250404.htm,10-Q,https://www.sec.gov/Archives/edgar/data/1967680/000196768025000067/0001967680-25-000067-index.htm,https://www.sec.gov/Archives/edgar/data/1967680/000196768025000067/vlto-20250404.htm
Veralto,VLTO,1967680,Industrials,10-K,2026-02-20,2025-12-31,0001967680-26-000011,0001967680-26-000011:vlto-20251231.htm,10-K,https://www.sec.gov/Archives/edgar/data/1967680/000196768026000011/0001967680-26-000011-index.htm,https://www.sec.gov/Archives/edgar/data/1967680/000196768026000011/vlto-20251231.htm
Veralto,VLTO,1967680,Industrials,10-Q,2025-10-29,2025-10-03,0001967680-25-000136,0001967680-25-000136:vlto-20251003.htm,10-Q,https://www.sec.gov/Archives/edgar/data/1967680/000196768025000136/0001967680-25-000136-index.htm,https://www.sec.gov/Archives/edgar/data/1967680/000196768025000136/vlto-20251003.htm
Veralto,VLTO,1967680,Industrials,10-Q,2025-07-28,2025-07-04,0001967680-25-000125,0001967680-25-000125:vlto-20250704.htm,10-Q,https://www.sec.gov/Archives/edgar/data/1967680/000196768025000125/0001967680-25-000125-index.htm,https://www.sec.gov/Archives/edgar/data/1967680/000196768025000125/vlto-20250704.htm
Veralto,VLTO,1967680,Industrials,10-Q,2026-04-29,2026-04-03,0001967680-26-000024,0001967680-26-000024:vlto-20260403.htm,10-Q,https://www.sec.gov/Archives/edgar/data/1967680/000196768026000024/0001967680-26-000024-index.htm,https://www.sec.gov/Archives/edgar/data/1967680/000196768026000024/vlto-20260403.htm
Veralto,VLTO,1967680,Industrials,10-K,2025-02-25,2024-12-31,0001967680-25-000008,0001967680-25-000008:vlto-20241231.htm,10-K,https://www.sec.gov/Archives/edgar/data/1967680/000196768025000008/0001967680-25-000008-index.htm,https://www.sec.gov/Archives/edgar/data/1967680/000196768025000008/vlto-20241231.htm
Verizon,VZ,732712,Communication Services,8-K,2025-04-22,2025-04-22,0000732712-25-000021,0000732712-25-000021:a2025q1exhibit99.htm,EX-99,https://www.sec.gov/Archives/edgar/data/732712/000073271225000021/0000732712-25-000021-index.htm,https://www.sec.gov/Archives/edgar/data/732712/000073271225000021/a2025q1exhibit99.htm
Verizon,VZ,732712,Communication Services,8-K,2025-10-06,2025-10-04,0001193125-25-231018,0001193125-25-231018:d78591dex991.htm,EX-99.1,https://www.sec.gov/Archives/edgar/data/732712/000119312525231018/0001193125-25-231018-index.htm,https://www.sec.gov/Archives/edgar/data/732712/000119312525231018/d78591dex991.htm
Verizon,VZ,732712,Communication Services,8-K,2026-01-30,2026-01-30,0001193125-26-030578,0001193125-26-030578:d50964d8k.htm,8-K,https://www.sec.gov/Archives/edgar/data/732712/000119312526030578/0001193125-26-030578-index.htm,https://www.sec.gov/Archives/edgar/data/732712/000119312526030578/d50964d8k.htm
Verizon,VZ,732712,Communication Services,8-K,2026-04-27,2026-04-27,0000732712-26-000019,0000732712-26-000019:a2026q1exhibit99.htm,EX-99,https://www.sec.gov/Archives/edgar/data/732712/000073271226000019/0000732712-26-000019-index.htm,https://www.sec.gov/Archives/edgar/data/732712/000073271226000019/a2026q1exhibit99.htm
Verizon,VZ,732712,Communication Services,8-K,2026-07-24,2026-07-24,0000732712-26-000040,0000732712-26-000040:a2026q2exhibit99.htm,EX-99,https://www.sec.gov/Archives/edgar/data/732712/000073271226000040/0000732712-26-000040-index.htm,https://www.sec.gov/Archives/edgar/data/732712/000073271226000040/a2026q2exhibit99.htm
Verizon,VZ,732712,Communication Services,8-K,2026-01-30,2026-01-30,0000732712-26-000003,0000732712-26-000003:a2025q4exhibit99.htm,EX-99,https://www.sec.gov/Archives/edgar/data/732712/000073271226000003/0000732712-26-000003-index.htm,https://www.sec.gov/Archives/edgar/data/732712/000073271226000003/a2025q4exhibit99.htm
Verizon,VZ,732712,Communication Services,8-K,2025-10-29,2025-10-29,0000732712-25-000114,0000732712-25-000114:a2025q3exhibit99.htm,EX-99,https://www.sec.gov/Archives/edgar/data/732712/000073271225000114/0000732712-25-000114-index.htm,https://www.sec.gov/Archives/edgar/data/732712/000073271225000114/a2025q3exhibit99.htm
Verizon,VZ,732712,Communication Services,8-K,2025-07-21,2025-07-21,0000732712-25-000083,0000732712-25-000083:a2025q2exhibit99.htm,EX-99,https://www.sec.gov/Archives/edgar/data/732712/000073271225000083/0000732712-25-000083-index.htm,https://www.sec.gov/Archives/edgar/data/732712/000073271225000083/a2025q2exhibit99.htm
Verizon,VZ,732712,Communication Services,10-Q,2025-04-25,2025-03-31,0000732712-25-000024,0000732712-25-000024:vz-20250331.htm,10-Q,https://www.sec.gov/Archives/edgar/data/732712/000073271225000024/0000732712-25-000024-index.htm,https://www.sec.gov/Archives/edgar/data/732712/000073271225000024/vz-20250331.htm
Verizon,VZ,732712,Communication Services,10-Q,2025-10-29,2025-09-30,0000732712-25-000116,0000732712-25-000116:vz-20250930.htm,10-Q,https://www.sec.gov/Archives/edgar/data/732712/000073271225000116/0000732712-25-000116-index.htm,https://www.sec.gov/Archives/edgar/data/732712/000073271225000116/vz-20250930.htm
Verizon,VZ,732712,Communication Services,10-Q,2025-07-25,2025-06-30,0000732712-25-000086,0000732712-25-000086:vz-20250630.htm,10-Q,https://www.sec.gov/Archives/edgar/data/732712/000073271225000086/0000732712-25-000086-index.htm,https://www.sec.gov/Archives/edgar/data/732712/000073271225000086/vz-20250630.htm
Verizon,VZ,732712,Communication Services,10-Q,2026-05-01,2026-03-31,0000732712-26-000023,0000732712-26-000023:vz-20260331.htm,10-Q,https://www.sec.gov/Archives/edgar/data/732712/000073271226000023/0000732712-26-000023-index.htm,https://www.sec.gov/Archives/edgar/data/732712/000073271226000023/vz-20260331.htm
Verizon,VZ,732712,Communication Services,10-K,2026-02-17,2025-12-31,0000732712-26-000007,0000732712-26-000007:vz-20251231.htm,10-K,https://www.sec.gov/Archives/edgar/data/732712/000073271226000007/0000732712-26-000007-index.htm,https://www.sec.gov/Archives/edgar/data/732712/000073271226000007/vz-20251231.htm
Vertex Pharmaceuticals,VRTX,875320,Health Care,8-K,2026-05-04,2026-05-04,0000875320-26-000171,0000875320-26-000171:ex-991_q12026.htm,EX-99.1,https://www.sec.gov/Archives/edgar/data/875320/000087532026000171/0000875320-26-000171-index.htm,https://www.sec.gov/Archives/edgar/data/875320/000087532026000171/ex-991_q12026.htm
Vertex Pharmaceuticals,VRTX,875320,Health Care,8-K,2025-05-05,2025-05-05,0000875320-25-000171,0000875320-25-000171:ex-991_q12025.htm,EX-99.1,https://www.sec.gov/Archives/edgar/data/875320/000087532025000171/0000875320-25-000171-index.htm,https://www.sec.gov/Archives/edgar/data/875320/000087532025000171/ex-991_q12025.htm
Vertex Pharmaceuticals,VRTX,875320,Health Care,8-K,2025-11-03,2025-11-03,0000875320-25-000230,0000875320-25-000230:ex-991_q32025.htm,EX-99.1,https://www.sec.gov/Archives/edgar/data/875320/000087532025000230/0000875320-25-000230-index.htm,https://www.sec.gov/Archives/edgar/data/875320/000087532025000230/ex-991_q32025.htm
Vertex Pharmaceuticals,VRTX,875320,Health Care,8-K,2025-08-04,2025-08-04,0000875320-25-000213,0000875320-25-000213:ex-991_q22025.htm,EX-99.1,https://www.sec.gov/Archives/edgar/data/875320/000087532025000213/0000875320-25-000213-index.htm,https://www.sec.gov/Archives/edgar/data/875320/000087532025000213/ex-991_q22025.htm
Vertex Pharmaceuticals,VRTX,875320,Health Care,8-K,2026-02-12,2026-02-12,0000875320-26-000034,0000875320-26-000034:ex-991_q42025.htm,EX-99.1,https://www.sec.gov/Archives/edgar/data/875320/000087532026000034/0000875320-26-000034-index.htm,https://www.sec.gov/Archives/edgar/data/875320/000087532026000034/ex-991_q42025.htm
Vertiv,VRT,1674101,Industrials,8-K,2025-04-23,2025-04-23,0001628280-25-018915,0001628280-25-018915:q12025exhibit991vrt042325.htm,EX-99.1,https://www.sec.gov/Archives/edgar/data/1674101/000162828025018915/0001628280-25-018915-index.htm,https://www.sec.gov/Archives/edgar/data/1674101/000162828025018915/q12025exhibit991vrt042325.htm
Vertiv,VRT,1674101,Industrials,8-K,2025-07-30,2025-07-30,0001674101-25-000006,0001674101-25-000006:q22025exhibit991vrt7302025.htm,EX-99.1,https://www.sec.gov/Archives/edgar/data/1674101/000167410125000006/0001674101-25-000006-index.htm,https://www.sec.gov/Archives/edgar/data/1674101/000167410125000006/q22025exhibit991vrt7302025.htm
Vertiv,VRT,1674101,Industrials,8-K,2025-10-22,2025-10-22,0001674101-25-000020,0001674101-25-000020:q32025exhibit991vrt10222025.htm,EX-99.1,https://www.sec.gov/Archives/edgar/data/1674101/000167410125000020/0001674101-25-000020-index.htm,https://www.sec.gov/Archives/edgar/data/1674101/000167410125000020/q32025exhibit991vrt10222025.htm
Vertiv,VRT,1674101,Industrials,8-K,2025-05-28,2025-05-21,0001628280-25-028038,0001628280-25-028038:exhibit991vrt-pressrelease.htm,EX-99.1,https://www.sec.gov/Archives/edgar/data/1674101/000162828025028038/0001628280-25-028038-index.htm,https://www.sec.gov/Archives/edgar/data/1674101/000162828025028038/exhibit991vrt-pressrelease.htm
Vertiv,VRT,1674101,Industrials,8-K,2026-04-22,2026-04-22,0001628280-26-026379,0001628280-26-026379:q12026exhibit991vrt04222026.htm,EX-99.1,https://www.sec.gov/Archives/edgar/data/1674101/000162828026026379/0001628280-26-026379-index.htm,https://www.sec.gov/Archives/edgar/data/1674101/000162828026026379/q12026exhibit991vrt04222026.htm
Vertiv,VRT,1674101,Industrials,8-K,2025-02-12,2025-02-12,0001628280-25-005006,0001628280-25-005006:exhibit991vrt02122025.htm,EX-99.1,https://www.sec.gov/Archives/edgar/data/1674101/000162828025005006/0001628280-25-005006-index.htm,https://www.sec.gov/Archives/edgar/data/1674101/000162828025005006/exhibit991vrt02122025.htm
Vertiv,VRT,1674101,Industrials,8-K,2026-02-11,2026-02-11,0001674101-26-000006,0001674101-26-000006:exhibit991vrt02112026.htm,EX-99.1,https://www.sec.gov/Archives/edgar/data/1674101/000167410126000006/0001674101-26-000006-index.htm,https://www.sec.gov/Archives/edgar/data/1674101/000167410126000006/exhibit991vrt02112026.htm
Vertiv,VRT,1674101,Industrials,10-Q,2025-04-23,2025-03-31,0001628280-25-019372,0001628280-25-019372:vrt-20250331.htm,10-Q,https://www.sec.gov/Archives/edgar/data/1674101/000162828025019372/0001628280-25-019372-index.htm,https://www.sec.gov/Archives/edgar/data/1674101/000162828025019372/vrt-20250331.htm
Vertiv,VRT,1674101,Industrials,10-Q,2025-10-22,2025-09-30,0001674101-25-000024,0001674101-25-000024:vrt-20250930.htm,10-Q,https://www.sec.gov/Archives/edgar/data/1674101/000167410125000024/0001674101-25-000024-index.htm,https://www.sec.gov/Archives/edgar/data/1674101/000167410125000024/vrt-20250930.htm
Vertiv,VRT,1674101,Industrials,10-Q,2025-07-30,2025-06-30,0001674101-25-000008,0001674101-25-000008:vrt-20250630.htm,10-Q,https://www.sec.gov/Archives/edgar/data/1674101/000167410125000008/0001674101-25-000008-index.htm,https://www.sec.gov/Archives/edgar/data/1674101/000167410125000008/vrt-20250630.htm
Vertiv,VRT,1674101,Industrials,10-K,2026-02-13,2025-12-31,0001674101-26-000008,0001674101-26-000008:vrt-20251231.htm,10-K,https://www.sec.gov/Archives/edgar/data/1674101/000167410126000008/0001674101-26-000008-index.htm,https://www.sec.gov/Archives/edgar/data/1674101/000167410126000008/vrt-20251231.htm
Vertiv,VRT,1674101,Industrials,10-K,2025-02-18,2024-12-31,0001628280-25-005905,0001628280-25-005905:vrt-20241231.htm,10-K,https://www.sec.gov/Archives/edgar/data/1674101/000162828025005905/0001628280-25-005905-index.htm,https://www.sec.gov/Archives/edgar/data/1674101/000162828025005905/vrt-20241231.htm
Visa Inc.,V,1403161,Financials,10-K,2025-11-06,2025-09-30,0001403161-25-000089,0001403161-25-000089:v-20250930.htm,10-K,https://www.sec.gov/Archives/edgar/data/1403161/000140316125000089/0001403161-25-000089-index.htm,https://www.sec.gov/Archives/edgar/data/1403161/000140316125000089/v-20250930.htm
Vistra Corp.,VST,1692819,Utilities,8-K,2026-01-05,2025-12-31,0001193125-26-002589,0001193125-26-002589:d62722dex22.htm,EX-2.2,https://www.sec.gov/Archives/edgar/data/1692819/000119312526002589/0001193125-26-002589-index.htm,https://www.sec.gov/Archives/edgar/data/1692819/000119312526002589/d62722dex22.htm
Vistra Corp.,VST,1692819,Utilities,8-K,2026-01-05,2025-12-31,0001193125-26-002589,0001193125-26-002589:d62722dex21.htm,EX-2.1,https://www.sec.gov/Archives/edgar/data/1692819/000119312526002589/0001193125-26-002589-index.htm,https://www.sec.gov/Archives/edgar/data/1692819/000119312526002589/d62722dex21.htm
Vistra Corp.,VST,1692819,Utilities,8-K,2025-05-21,2025-05-15,0001193125-25-123660,0001193125-25-123660:d948204dex21.htm,EX-2.1,https://www.sec.gov/Archives/edgar/data/1692819/000119312525123660/0001193125-25-123660-index.htm,https://www.sec.gov/Archives/edgar/data/1692819/000119312525123660/d948204dex21.htm
Vistra Corp.,VST,1692819,Utilities,10-K,2025-02-28,2024-12-31,0001692819-25-000013,0001692819-25-000013:vistra-20241231.htm,10-K,https://www.sec.gov/Archives/edgar/data/1692819/000169281925000013/0001692819-25-000013-index.htm,https://www.sec.gov/Archives/edgar/data/1692819/000169281925000013/vistra-20241231.htm
Vulcan Materials Company,VMC,1396009,Materials,10-Q,2026-04-29,2026-03-31,0001628280-26-028318,0001628280-26-028318:vmc-20260331.htm,10-Q,https://www.sec.gov/Archives/edgar/data/1396009/000162828026028318/0001628280-26-028318-index.htm,https://www.sec.gov/Archives/edgar/data/1396009/000162828026028318/vmc-20260331.htm
Vulcan Materials Company,VMC,1396009,Materials,10-Q,2025-04-30,2025-03-31,0001396009-25-000008,0001396009-25-000008:vmc-20250331.htm,10-Q,https://www.sec.gov/Archives/edgar/data/1396009/000139600925000008/0001396009-25-000008-index.htm,https://www.sec.gov/Archives/edgar/data/1396009/000139600925000008/vmc-20250331.htm
Vulcan Materials Company,VMC,1396009,Materials,10-Q,2025-10-30,2025-09-30,0001396009-25-000031,0001396009-25-000031:vmc-20250930.htm,10-Q,https://www.sec.gov/Archives/edgar/data/1396009/000139600925000031/0001396009-25-000031-index.htm,https://www.sec.gov/Archives/edgar/data/1396009/000139600925000031/vmc-20250930.htm
Vulcan Materials Company,VMC,1396009,Materials,10-Q,2025-07-31,2025-06-30,0001396009-25-000021,0001396009-25-000021:vmc-20250630.htm,10-Q,https://www.sec.gov/Archives/edgar/data/1396009/000139600925000021/0001396009-25-000021-index.htm,https://www.sec.gov/Archives/edgar/data/1396009/000139600925000021/vmc-20250630.htm
Vulcan Materials Company,VMC,1396009,Materials,10-K,2026-02-19,2025-12-31,0001628280-26-009546,0001628280-26-009546:vmc-20251231.htm,10-K,https://www.sec.gov/Archives/edgar/data/1396009/000162828026009546/0001628280-26-009546-index.htm,https://www.sec.gov/Archives/edgar/data/1396009/000162828026009546/vmc-20251231.htm
W. W. Grainger,GWW,277135,Industrials,8-K,2025-08-01,2025-08-01,0000277135-25-000126,0000277135-25-000126:gww8kex991q22025.htm,EX-99.1,https://www.sec.gov/Archives/edgar/data/277135/000027713525000126/0000277135-25-000126-index.htm,https://www.sec.gov/Archives/edgar/data/277135/000027713525000126/gww8kex991q22025.htm
W. W. Grainger,GWW,277135,Industrials,8-K,2025-10-31,2025-10-31,0000277135-25-000145,0000277135-25-000145:gww8kex991q32025.htm,EX-99.1,https://www.sec.gov/Archives/edgar/data/277135/000027713525000145/0000277135-25-000145-index.htm,https://www.sec.gov/Archives/edgar/data/277135/000027713525000145/gww8kex991q32025.htm
W. W. Grainger,GWW,277135,Industrials,10-Q,2026-05-07,2026-03-31,0000277135-26-000053,0000277135-26-000053:gww-20260331.htm,10-Q,https://www.sec.gov/Archives/edgar/data/277135/000027713526000053/0000277135-26-000053-index.htm,https://www.sec.gov/Archives/edgar/data/277135/000027713526000053/gww-20260331.htm
W. W. Grainger,GWW,277135,Industrials,8-K,2026-05-08,2026-05-07,0000277135-26-000056,0000277135-26-000056:gww8kex991q12026.htm,EX-99.1,https://www.sec.gov/Archives/edgar/data/277135/000027713526000056/0000277135-26-000056-index.htm,https://www.sec.gov/Archives/edgar/data/277135/000027713526000056/gww8kex991q12026.htm
W. W. Grainger,GWW,277135,Industrials,8-K,2026-02-03,2026-02-03,0000277135-26-000004,0000277135-26-000004:gww8kex991q42025.htm,EX-99.1,https://www.sec.gov/Archives/edgar/data/277135/000027713526000004/0000277135-26-000004-index.htm,https://www.sec.gov/Archives/edgar/data/277135/000027713526000004/gww8kex991q42025.htm
W. W. Grainger,GWW,277135,Industrials,10-K,2026-02-19,2025-12-31,0000277135-26-000011,0000277135-26-000011:gww-20251231.htm,10-K,https://www.sec.gov/Archives/edgar/data/277135/000027713526000011/0000277135-26-000011-index.htm,https://www.sec.gov/Archives/edgar/data/277135/000027713526000011/gww-20251231.htm
W. W. Grainger,GWW,277135,Industrials,10-Q,2025-05-01,2025-03-31,0000277135-25-000067,0000277135-25-000067:gww-20250331.htm,10-Q,https://www.sec.gov/Archives/edgar/data/277135/000027713525000067/0000277135-25-000067-index.htm,https://www.sec.gov/Archives/edgar/data/277135/000027713525000067/gww-20250331.htm
W. W. Grainger,GWW,277135,Industrials,10-Q,2025-08-01,2025-06-30,0000277135-25-000129,0000277135-25-000129:gww-20250630.htm,10-Q,https://www.sec.gov/Archives/edgar/data/277135/000027713525000129/0000277135-25-000129-index.htm,https://www.sec.gov/Archives/edgar/data/277135/000027713525000129/gww-20250630.htm
W. W. Grainger,GWW,277135,Industrials,10-Q,2025-10-31,2025-09-30,0000277135-25-000148,0000277135-25-000148:gww-20250930.htm,10-Q,https://www.sec.gov/Archives/edgar/data/277135/000027713525000148/0000277135-25-000148-index.htm,https://www.sec.gov/Archives/edgar/data/277135/000027713525000148/gww-20250930.htm
W. W. Grainger,GWW,277135,Industrials,10-K,2025-02-20,2024-12-31,0000277135-25-000010,0000277135-25-000010:gww-20241231.htm,10-K,https://www.sec.gov/Archives/edgar/data/277135/000027713525000010/0000277135-25-000010-index.htm,https://www.sec.gov/Archives/edgar/data/277135/000027713525000010/gww-20241231.htm
Wabtec,WAB,943452,Industrials,8-K,2026-04-22,2026-04-22,0001628280-26-026384,0001628280-26-026384:a1q2026earningspresentat.htm,EX-99.2,https://www.sec.gov/Archives/edgar/data/943452/000162828026026384/0001628280-26-026384-index.htm,https://www.sec.gov/Archives/edgar/data/943452/000162828026026384/a1q2026earningspresentat.htm
Wabtec,WAB,943452,Industrials,8-K,2026-07-22,2026-07-22,0001628280-26-049105,0001628280-26-049105:a2q26earningspresentatio.htm,EX-99.2,https://www.sec.gov/Archives/edgar/data/943452/000162828026049105/0001628280-26-049105-index.htm,https://www.sec.gov/Archives/edgar/data/943452/000162828026049105/a2q26earningspresentatio.htm
Wabtec,WAB,943452,Industrials,8-K,2026-02-11,2026-02-11,0001628280-26-007113,0001628280-26-007113:wab4q25earningspresentat.htm,EX-99.2,https://www.sec.gov/Archives/edgar/data/943452/000162828026007113/0001628280-26-007113-index.htm,https://www.sec.gov/Archives/edgar/data/943452/000162828026007113/wab4q25earningspresentat.htm
Wabtec,WAB,943452,Industrials,8-K,2025-02-18,2025-02-18,0001140361-25-004967,0001140361-25-004967:ef20043781_form8-k.htm,8-K,https://www.sec.gov/Archives/edgar/data/943452/000114036125004967/0001140361-25-004967-index.htm,https://www.sec.gov/Archives/edgar/data/943452/000114036125004967/ef20043781_form8-k.htm
Wabtec,WAB,943452,Industrials,8-K,2026-07-22,2026-07-22,0001628280-26-049105,0001628280-26-049105:wab-20260722.htm,8-K,https://www.sec.gov/Archives/edgar/data/943452/000162828026049105/0001628280-26-049105-index.htm,https://www.sec.gov/Archives/edgar/data/943452/000162828026049105/wab-20260722.htm
Wabtec,WAB,943452,Industrials,8-K,2025-02-12,2025-02-12,0001628280-25-005014,0001628280-25-005014:wab-20250212.htm,8-K,https://www.sec.gov/Archives/edgar/data/943452/000162828025005014/0001628280-25-005014-index.htm,https://www.sec.gov/Archives/edgar/data/943452/000162828025005014/wab-20250212.htm
Wabtec,WAB,943452,Industrials,8-K,2025-10-22,2025-10-22,0001628280-25-045773,0001628280-25-045773:wab-20251022.htm,8-K,https://www.sec.gov/Archives/edgar/data/943452/000162828025045773/0001628280-25-045773-index.htm,https://www.sec.gov/Archives/edgar/data/943452/000162828025045773/wab-20251022.htm
Wabtec,WAB,943452,Industrials,8-K,2025-04-23,2025-04-23,0001628280-25-018921,0001628280-25-018921:wab-20250423.htm,8-K,https://www.sec.gov/Archives/edgar/data/943452/000162828025018921/0001628280-25-018921-index.htm,https://www.sec.gov/Archives/edgar/data/943452/000162828025018921/wab-20250423.htm
Wabtec,WAB,943452,Industrials,8-K,2025-07-24,2025-07-24,0001628280-25-035831,0001628280-25-035831:wab-20250724.htm,8-K,https://www.sec.gov/Archives/edgar/data/943452/000162828025035831/0001628280-25-035831-index.htm,https://www.sec.gov/Archives/edgar/data/943452/000162828025035831/wab-20250724.htm
Wabtec,WAB,943452,Industrials,8-K,2026-04-22,2026-04-22,0001628280-26-026384,0001628280-26-026384:wab-20260422.htm,8-K,https://www.sec.gov/Archives/edgar/data/943452/000162828026026384/0001628280-26-026384-index.htm,https://www.sec.gov/Archives/edgar/data/943452/000162828026026384/wab-20260422.htm
Wabtec,WAB,943452,Industrials,8-K,2026-02-11,2026-02-11,0001628280-26-007113,0001628280-26-007113:wab-20260211.htm,8-K,https://www.sec.gov/Archives/edgar/data/943452/000162828026007113/0001628280-26-007113-index.htm,https://www.sec.gov/Archives/edgar/data/943452/000162828026007113/wab-20260211.htm
Wabtec,WAB,943452,Industrials,8-K,2025-01-14,2025-01-13,0001140361-25-001006,0001140361-25-001006:ef20041523_ex99-2.htm,EX-99.2,https://www.sec.gov/Archives/edgar/data/943452/000114036125001006/0001140361-25-001006-index.htm,https://www.sec.gov/Archives/edgar/data/943452/000114036125001006/ef20041523_ex99-2.htm
Wabtec,WAB,943452,Industrials,8-K,2025-04-23,2025-04-23,0001628280-25-018921,0001628280-25-018921:a1q25pressreleaseword.htm,EX-99.1,https://www.sec.gov/Archives/edgar/data/943452/000162828025018921/0001628280-25-018921-index.htm,https://www.sec.gov/Archives/edgar/data/943452/000162828025018921/a1q25pressreleaseword.htm
Wabtec,WAB,943452,Industrials,8-K,2026-04-22,2026-04-22,0001628280-26-026384,0001628280-26-026384:a1q26pressreleaseword.htm,EX-99.1,https://www.sec.gov/Archives/edgar/data/943452/000162828026026384/0001628280-26-026384-index.htm,https://www.sec.gov/Archives/edgar/data/943452/000162828026026384/a1q26pressreleaseword.htm
Wabtec,WAB,943452,Industrials,8-K,2025-07-24,2025-07-24,0001628280-25-035831,0001628280-25-035831:a2q25pressreleaseword.htm,EX-99.1,https://www.sec.gov/Archives/edgar/data/943452/000162828025035831/0001628280-25-035831-index.htm,https://www.sec.gov/Archives/edgar/data/943452/000162828025035831/a2q25pressreleaseword.htm
Wabtec,WAB,943452,Industrials,8-K,2026-02-11,2026-02-11,0001628280-26-007113,0001628280-26-007113:a4q2025pressrelease.htm,EX-99.1,https://www.sec.gov/Archives/edgar/data/943452/000162828026007113/0001628280-26-007113-index.htm,https://www.sec.gov/Archives/edgar/data/943452/000162828026007113/a4q2025pressrelease.htm
Wabtec,WAB,943452,Industrials,8-K,2025-02-12,2025-02-12,0001628280-25-005014,0001628280-25-005014:a4q2024pressrelease.htm,EX-99.1,https://www.sec.gov/Archives/edgar/data/943452/000162828025005014/0001628280-25-005014-index.htm,https://www.sec.gov/Archives/edgar/data/943452/000162828025005014/a4q2024pressrelease.htm
Wabtec,WAB,943452,Industrials,8-K,2025-10-22,2025-10-22,0001628280-25-045773,0001628280-25-045773:a3q25pressreleaseword.htm,EX-99.1,https://www.sec.gov/Archives/edgar/data/943452/000162828025045773/0001628280-25-045773-index.htm,https://www.sec.gov/Archives/edgar/data/943452/000162828025045773/a3q25pressreleaseword.htm
Wabtec,WAB,943452,Industrials,8-K,2026-07-22,2026-07-22,0001628280-26-049105,0001628280-26-049105:a2q26pressreleaseword.htm,EX-99.1,https://www.sec.gov/Archives/edgar/data/943452/000162828026049105/0001628280-26-049105-index.htm,https://www.sec.gov/Archives/edgar/data/943452/000162828026049105/a2q26pressreleaseword.htm
Wabtec,WAB,943452,Industrials,8-K,2025-04-23,2025-04-23,0001628280-25-018921,0001628280-25-018921:a1q25presentationfinal.htm,EX-99.2,https://www.sec.gov/Archives/edgar/data/943452/000162828025018921/0001628280-25-018921-index.htm,https://www.sec.gov/Archives/edgar/data/943452/000162828025018921/a1q25presentationfinal.htm
Wabtec,WAB,943452,Industrials,10-Q,2026-04-22,2026-03-31,0001628280-26-026422,0001628280-26-026422:wab-20260331.htm,10-Q,https://www.sec.gov/Archives/edgar/data/943452/000162828026026422/0001628280-26-026422-index.htm,https://www.sec.gov/Archives/edgar/data/943452/000162828026026422/wab-20260331.htm
Wabtec,WAB,943452,Industrials,8-K,2025-02-18,2025-02-18,0001140361-25-004967,0001140361-25-004967:ef20043781_ex99-1.htm,EX-99.1,https://www.sec.gov/Archives/edgar/data/943452/000114036125004967/0001140361-25-004967-index.htm,https://www.sec.gov/Archives/edgar/data/943452/000114036125004967/ef20043781_ex99-1.htm
Wabtec,WAB,943452,Industrials,8-K,2025-10-22,2025-10-22,0001628280-25-045773,0001628280-25-045773:a3qpresentation2025.htm,EX-99.2,https://www.sec.gov/Archives/edgar/data/943452/000162828025045773/0001628280-25-045773-index.htm,https://www.sec.gov/Archives/edgar/data/943452/000162828025045773/a3qpresentation2025.htm
Wabtec,WAB,943452,Industrials,10-Q,2026-07-22,2026-06-30,0001628280-26-049139,0001628280-26-049139:wab-20260630.htm,10-Q,https://www.sec.gov/Archives/edgar/data/943452/000162828026049139/0001628280-26-049139-index.htm,https://www.sec.gov/Archives/edgar/data/943452/000162828026049139/wab-20260630.htm
Wabtec,WAB,943452,Industrials,10-Q,2025-10-22,2025-09-30,0001628280-25-045790,0001628280-25-045790:wab-20250930.htm,10-Q,https://www.sec.gov/Archives/edgar/data/943452/000162828025045790/0001628280-25-045790-index.htm,https://www.sec.gov/Archives/edgar/data/943452/000162828025045790/wab-20250930.htm
Wabtec,WAB,943452,Industrials,10-Q,2025-04-23,2025-03-31,0001628280-25-019005,0001628280-25-019005:wab-20250331.htm,10-Q,https://www.sec.gov/Archives/edgar/data/943452/000162828025019005/0001628280-25-019005-index.htm,https://www.sec.gov/Archives/edgar/data/943452/000162828025019005/wab-20250331.htm
Wabtec,WAB,943452,Industrials,10-Q,2025-07-24,2025-06-30,0001628280-25-035852,0001628280-25-035852:wab-20250630.htm,10-Q,https://www.sec.gov/Archives/edgar/data/943452/000162828025035852/0001628280-25-035852-index.htm,https://www.sec.gov/Archives/edgar/data/943452/000162828025035852/wab-20250630.htm
Wabtec,WAB,943452,Industrials,10-K,2026-02-13,2025-12-31,0001628280-26-008067,0001628280-26-008067:wab-20251231.htm,10-K,https://www.sec.gov/Archives/edgar/data/943452/000162828026008067/0001628280-26-008067-index.htm,https://www.sec.gov/Archives/edgar/data/943452/000162828026008067/wab-20251231.htm
Wabtec,WAB,943452,Industrials,10-K,2025-02-12,2024-12-31,0001628280-25-005100,0001628280-25-005100:wab-20241231.htm,10-K,https://www.sec.gov/Archives/edgar/data/943452/000162828025005100/0001628280-25-005100-index.htm,https://www.sec.gov/Archives/edgar/data/943452/000162828025005100/wab-20241231.htm
Walmart,WMT,104169,Consumer Staples,8-K,2025-04-09,2025-04-09,0000104169-25-000036,0000104169-25-000036:pressrelease4925.htm,EX-99.1,https://www.sec.gov/Archives/edgar/data/104169/000010416925000036/0000104169-25-000036-index.htm,https://www.sec.gov/Archives/edgar/data/104169/000010416925000036/pressrelease4925.htm
Walmart,WMT,104169,Consumer Staples,8-K,2025-05-15,2025-05-15,0000104169-25-000069,0000104169-25-000069:earningsreleasefy26q1.htm,EX-99.1,https://www.sec.gov/Archives/edgar/data/104169/000010416925000069/0000104169-25-000069-index.htm,https://www.sec.gov/Archives/edgar/data/104169/000010416925000069/earningsreleasefy26q1.htm
Walmart,WMT,104169,Consumer Staples,8-K,2026-05-21,2026-05-21,0000104169-26-000095,0000104169-26-000095:earningsreleasefy27q1.htm,EX-99.1,https://www.sec.gov/Archives/edgar/data/104169/000010416926000095/0000104169-26-000095-index.htm,https://www.sec.gov/Archives/edgar/data/104169/000010416926000095/earningsreleasefy27q1.htm
Walmart,WMT,104169,Consumer Staples,8-K,2025-08-21,2025-08-21,0000104169-25-000120,0000104169-25-000120:earningsreleasefy26q2.htm,EX-99.1,https://www.sec.gov/Archives/edgar/data/104169/000010416925000120/0000104169-25-000120-index.htm,https://www.sec.gov/Archives/edgar/data/104169/000010416925000120/earningsreleasefy26q2.htm
Walmart,WMT,104169,Consumer Staples,8-K,2025-11-20,2025-11-19,0000104169-25-000177,0000104169-25-000177:earningsreleasefy26q3.htm,EX-99.1,https://www.sec.gov/Archives/edgar/data/104169/000010416925000177/0000104169-25-000177-index.htm,https://www.sec.gov/Archives/edgar/data/104169/000010416925000177/earningsreleasefy26q3.htm
Walmart,WMT,104169,Consumer Staples,8-K,2026-02-19,2026-02-19,0000104169-26-000032,0000104169-26-000032:earningsreleasefy26q4.htm,EX-99.1,https://www.sec.gov/Archives/edgar/data/104169/000010416926000032/0000104169-26-000032-index.htm,https://www.sec.gov/Archives/edgar/data/104169/000010416926000032/earningsreleasefy26q4.htm
Walmart,WMT,104169,Consumer Staples,8-K,2025-11-20,2025-11-19,0000104169-25-000177,0000104169-25-000177:earningspresentationfy26.htm,EX-99.2,https://www.sec.gov/Archives/edgar/data/104169/000010416925000177/0000104169-25-000177-index.htm,https://www.sec.gov/Archives/edgar/data/104169/000010416925000177/earningspresentationfy26.htm
Walmart,WMT,104169,Consumer Staples,8-K,2026-02-19,2026-02-19,0000104169-26-000032,0000104169-26-000032:earningspresentationfy26.htm,EX-99.2,https://www.sec.gov/Archives/edgar/data/104169/000010416926000032/0000104169-26-000032-index.htm,https://www.sec.gov/Archives/edgar/data/104169/000010416926000032/earningspresentationfy26.htm
Walmart,WMT,104169,Consumer Staples,8-K,2025-08-21,2025-08-21,0000104169-25-000120,0000104169-25-000120:earningspresentationfy26.htm,EX-99.2,https://www.sec.gov/Archives/edgar/data/104169/000010416925000120/0000104169-25-000120-index.htm,https://www.sec.gov/Archives/edgar/data/104169/000010416925000120/earningspresentationfy26.htm
Walmart,WMT,104169,Consumer Staples,8-K,2025-05-15,2025-05-15,0000104169-25-000069,0000104169-25-000069:earningspresentationfy26.htm,EX-99.2,https://www.sec.gov/Archives/edgar/data/104169/000010416925000069/0000104169-25-000069-index.htm,https://www.sec.gov/Archives/edgar/data/104169/000010416925000069/earningspresentationfy26.htm
Walmart,WMT,104169,Consumer Staples,8-K,2026-05-21,2026-05-21,0000104169-26-000095,0000104169-26-000095:earningspresentationfy27.htm,EX-99.2,https://www.sec.gov/Archives/edgar/data/104169/000010416926000095/0000104169-26-000095-index.htm,https://www.sec.gov/Archives/edgar/data/104169/000010416926000095/earningspresentationfy27.htm
Walmart,WMT,104169,Consumer Staples,8-K,2025-02-20,2025-02-20,0000104169-25-000010,0000104169-25-000010:earningsreleasefy25q4.htm,EX-99.1,https://www.sec.gov/Archives/edgar/data/104169/000010416925000010/0000104169-25-000010-index.htm,https://www.sec.gov/Archives/edgar/data/104169/000010416925000010/earningsreleasefy25q4.htm
Walmart,WMT,104169,Consumer Staples,10-Q,2026-05-29,2026-04-30,0000104169-26-000102,0000104169-26-000102:wmt-20260430.htm,10-Q,https://www.sec.gov/Archives/edgar/data/104169/000010416926000102/0000104169-26-000102-index.htm,https://www.sec.gov/Archives/edgar/data/104169/000010416926000102/wmt-20260430.htm
Walmart,WMT,104169,Consumer Staples,8-K,2025-02-20,2025-02-20,0000104169-25-000010,0000104169-25-000010:earningspresentationfy25.htm,EX-99.2,https://www.sec.gov/Archives/edgar/data/104169/000010416925000010/0000104169-25-000010-index.htm,https://www.sec.gov/Archives/edgar/data/104169/000010416925000010/earningspresentationfy25.htm
Walmart,WMT,104169,Consumer Staples,10-Q,2025-08-29,2025-07-31,0000104169-25-000137,0000104169-25-000137:wmt-20250731.htm,10-Q,https://www.sec.gov/Archives/edgar/data/104169/000010416925000137/0000104169-25-000137-index.htm,https://www.sec.gov/Archives/edgar/data/104169/000010416925000137/wmt-20250731.htm
Walmart,WMT,104169,Consumer Staples,10-Q,2025-12-03,2025-10-31,0000104169-25-000191,0000104169-25-000191:wmt-20251031.htm,10-Q,https://www.sec.gov/Archives/edgar/data/104169/000010416925000191/0000104169-25-000191-index.htm,https://www.sec.gov/Archives/edgar/data/104169/000010416925000191/wmt-20251031.htm
Walmart,WMT,104169,Consumer Staples,10-K,2026-03-13,2026-01-31,0000104169-26-000055,0000104169-26-000055:wmt-20260131.htm,10-K,https://www.sec.gov/Archives/edgar/data/104169/000010416926000055/0000104169-26-000055-index.htm,https://www.sec.gov/Archives/edgar/data/104169/000010416926000055/wmt-20260131.htm
Walmart,WMT,104169,Consumer Staples,10-Q,2025-06-06,2025-04-30,0000104169-25-000090,0000104169-25-000090:wmt-20250430.htm,10-Q,https://www.sec.gov/Archives/edgar/data/104169/000010416925000090/0000104169-25-000090-index.htm,https://www.sec.gov/Archives/edgar/data/104169/000010416925000090/wmt-20250430.htm
Waters Corporation,WAT,1000697,Health Care,8-K,2025-05-06,2025-05-06,0001193125-25-113232,0001193125-25-113232:d784067dex991.htm,EX-99.1,https://www.sec.gov/Archives/edgar/data/1000697/000119312525113232/0001193125-25-113232-index.htm,https://www.sec.gov/Archives/edgar/data/1000697/000119312525113232/d784067dex991.htm
Waters Corporation,WAT,1000697,Health Care,10-Q,2025-11-04,2025-09-27,0001193125-25-263533,0001193125-25-263533:d35664d10q.htm,10-Q,https://www.sec.gov/Archives/edgar/data/1000697/000119312525263533/0001193125-25-263533-index.htm,https://www.sec.gov/Archives/edgar/data/1000697/000119312525263533/d35664d10q.htm
Waters Corporation,WAT,1000697,Health Care,8-K,2025-02-12,2025-02-12,0001193125-25-024730,0001193125-25-024730:d904971dex991.htm,EX-99.1,https://www.sec.gov/Archives/edgar/data/1000697/000119312525024730/0001193125-25-024730-index.htm,https://www.sec.gov/Archives/edgar/data/1000697/000119312525024730/d904971dex991.htm
Waters Corporation,WAT,1000697,Health Care,10-Q,2026-05-12,2026-04-04,0001193125-26-219487,0001193125-26-219487:d435723d10q.htm,10-Q,https://www.sec.gov/Archives/edgar/data/1000697/000119312526219487/0001193125-26-219487-index.htm,https://www.sec.gov/Archives/edgar/data/1000697/000119312526219487/d435723d10q.htm
Waters Corporation,WAT,1000697,Health Care,8-K,2026-03-16,2026-03-16,0001193125-26-107339,0001193125-26-107339:d122710dex992.htm,EX-99.2,https://www.sec.gov/Archives/edgar/data/1000697/000119312526107339/0001193125-26-107339-index.htm,https://www.sec.gov/Archives/edgar/data/1000697/000119312526107339/d122710dex992.htm
Waters Corporation,WAT,1000697,Health Care,10-Q,2025-08-04,2025-06-28,0001193125-25-172087,0001193125-25-172087:d885407d10q.htm,10-Q,https://www.sec.gov/Archives/edgar/data/1000697/000119312525172087/0001193125-25-172087-index.htm,https://www.sec.gov/Archives/edgar/data/1000697/000119312525172087/d885407d10q.htm
Waters Corporation,WAT,1000697,Health Care,10-Q,2025-05-06,2025-03-29,0001193125-25-113274,0001193125-25-113274:d63343d10q.htm,10-Q,https://www.sec.gov/Archives/edgar/data/1000697/000119312525113274/0001193125-25-113274-index.htm,https://www.sec.gov/Archives/edgar/data/1000697/000119312525113274/d63343d10q.htm
Waters Corporation,WAT,1000697,Health Care,10-K,2026-02-23,2025-12-31,0001193125-26-062604,0001193125-26-062604:d778470d10k.htm,10-K,https://www.sec.gov/Archives/edgar/data/1000697/000119312526062604/0001193125-26-062604-index.htm,https://www.sec.gov/Archives/edgar/data/1000697/000119312526062604/d778470d10k.htm
Waters Corporation,WAT,1000697,Health Care,10-K,2025-02-25,2024-12-31,0001193125-25-034579,0001193125-25-034579:d791800d10k.htm,10-K,https://www.sec.gov/Archives/edgar/data/1000697/000119312525034579/0001193125-25-034579-index.htm,https://www.sec.gov/Archives/edgar/data/1000697/000119312525034579/d791800d10k.htm
WEC Energy Group,WEC,783325,Utilities,8-K,2026-03-02,2026-03-02,0000783325-26-000027,0000783325-26-000027:a032026marchfinal.htm,EX-99.1,https://www.sec.gov/Archives/edgar/data/783325/000078332526000027/0000783325-26-000027-index.htm,https://www.sec.gov/Archives/edgar/data/783325/000078332526000027/a032026marchfinal.htm
WEC Energy Group,WEC,783325,Utilities,8-K,2026-01-05,2026-01-05,0000783325-26-000003,0000783325-26-000003:a012026januaryfinal.htm,EX-99.1,https://www.sec.gov/Archives/edgar/data/783325/000078332526000003/0000783325-26-000003-index.htm,https://www.sec.gov/Archives/edgar/data/783325/000078332526000003/a012026januaryfinal.htm
WEC Energy Group,WEC,783325,Utilities,8-K,2025-12-05,2025-12-05,0000783325-25-000068,0000783325-25-000068:a122025decemberfinal.htm,EX-99.1,https://www.sec.gov/Archives/edgar/data/783325/000078332525000068/0000783325-25-000068-index.htm,https://www.sec.gov/Archives/edgar/data/783325/000078332525000068/a122025decemberfinal.htm
WEC Energy Group,WEC,783325,Utilities,8-K,2025-11-07,2025-11-07,0000783325-25-000063,0000783325-25-000063:a112025november-final.htm,EX-99.1,https://www.sec.gov/Archives/edgar/data/783325/000078332525000063/0000783325-25-000063-index.htm,https://www.sec.gov/Archives/edgar/data/783325/000078332525000063/a112025november-final.htm
WEC Energy Group,WEC,783325,Utilities,8-K,2025-06-25,2025-06-25,0000783325-25-000019,0000783325-25-000019:a062025junefinal.htm,EX-99.1,https://www.sec.gov/Archives/edgar/data/783325/000078332525000019/0000783325-25-000019-index.htm,https://www.sec.gov/Archives/edgar/data/783325/000078332525000019/a062025junefinal.htm
WEC Energy Group,WEC,783325,Utilities,8-K,2025-09-02,2025-09-02,0000783325-25-000053,0000783325-25-000053:a092025septemberfinal.htm,EX-99.1,https://www.sec.gov/Archives/edgar/data/783325/000078332525000053/0000783325-25-000053-index.htm,https://www.sec.gov/Archives/edgar/data/783325/000078332525000053/a092025septemberfinal.htm
WEC Energy Group,WEC,783325,Utilities,8-K,2025-05-16,2025-05-16,0000107815-25-000194,0000107815-25-000194:a052025mayfinal.htm,EX-99.1,https://www.sec.gov/Archives/edgar/data/783325/000010781525000194/0000107815-25-000194-index.htm,https://www.sec.gov/Archives/edgar/data/783325/000010781525000194/a052025mayfinal.htm
WEC Energy Group,WEC,783325,Utilities,8-K,2026-02-06,2026-02-06,0000783325-26-000014,0000783325-26-000014:a022026februaryfinal.htm,EX-99.1,https://www.sec.gov/Archives/edgar/data/783325/000078332526000014/0000783325-26-000014-index.htm,https://www.sec.gov/Archives/edgar/data/783325/000078332526000014/a022026februaryfinal.htm
WEC Energy Group,WEC,783325,Utilities,8-K,2025-08-04,2025-08-04,0000783325-25-000034,0000783325-25-000034:a082025augustfinal.htm,EX-99.1,https://www.sec.gov/Archives/edgar/data/783325/000078332525000034/0000783325-25-000034-index.htm,https://www.sec.gov/Archives/edgar/data/783325/000078332525000034/a082025augustfinal.htm
WEC Energy Group,WEC,783325,Utilities,8-K,2026-04-01,2026-04-01,0000783325-26-000040,0000783325-26-000040:a042026aprilfinal.htm,EX-99.1,https://www.sec.gov/Archives/edgar/data/783325/000078332526000040/0000783325-26-000040-index.htm,https://www.sec.gov/Archives/edgar/data/783325/000078332526000040/a042026aprilfinal.htm
WEC Energy Group,WEC,783325,Utilities,8-K,2025-04-04,2025-04-04,0000107815-25-000164,0000107815-25-000164:a042025aprilfinal.htm,EX-99.1,https://www.sec.gov/Archives/edgar/data/783325/000010781525000164/0000107815-25-000164-index.htm,https://www.sec.gov/Archives/edgar/data/783325/000010781525000164/a042025aprilfinal.htm
WEC Energy Group,WEC,783325,Utilities,8-K,2026-06-01,2026-06-01,0000783325-26-000077,0000783325-26-000077:a062026junefinal.htm,EX-99.1,https://www.sec.gov/Archives/edgar/data/783325/000078332526000077/0000783325-26-000077-index.htm,https://www.sec.gov/Archives/edgar/data/783325/000078332526000077/a062026junefinal.htm
WEC Energy Group,WEC,783325,Utilities,8-K,2026-05-11,2026-05-11,0000783325-26-000060,0000783325-26-000060:a052026mayfinal.htm,EX-99.1,https://www.sec.gov/Archives/edgar/data/783325/000078332526000060/0000783325-26-000060-index.htm,https://www.sec.gov/Archives/edgar/data/783325/000078332526000060/a052026mayfinal.htm
WEC Energy Group,WEC,783325,Utilities,10-Q,2026-05-07,2026-03-31,0000783325-26-000052,0000783325-26-000052:wec-20260331.htm,10-Q,https://www.sec.gov/Archives/edgar/data/783325/000078332526000052/0000783325-26-000052-index.htm,https://www.sec.gov/Archives/edgar/data/783325/000078332526000052/wec-20260331.htm
WEC Energy Group,WEC,783325,Utilities,10-Q,2025-10-31,2025-09-30,0000783325-25-000060,0000783325-25-000060:wec-20250930.htm,10-Q,https://www.sec.gov/Archives/edgar/data/783325/000078332525000060/0000783325-25-000060-index.htm,https://www.sec.gov/Archives/edgar/data/783325/000078332525000060/wec-20250930.htm
WEC Energy Group,WEC,783325,Utilities,10-Q,2025-05-07,2025-03-31,0000107815-25-000182,0000107815-25-000182:wec-20250331.htm,10-Q,https://www.sec.gov/Archives/edgar/data/783325/000010781525000182/0000107815-25-000182-index.htm,https://www.sec.gov/Archives/edgar/data/783325/000010781525000182/wec-20250331.htm
WEC Energy Group,WEC,783325,Utilities,10-K,2026-02-20,2025-12-31,0000783325-26-000018,0000783325-26-000018:wec-20251231.htm,10-K,https://www.sec.gov/Archives/edgar/data/783325/000078332526000018/0000783325-26-000018-index.htm,https://www.sec.gov/Archives/edgar/data/783325/000078332526000018/wec-20251231.htm
WEC Energy Group,WEC,783325,Utilities,10-Q,2025-08-01,2025-06-30,0000783325-25-000030,0000783325-25-000030:wec-20250630.htm,10-Q,https://www.sec.gov/Archives/edgar/data/783325/000078332525000030/0000783325-25-000030-index.htm,https://www.sec.gov/Archives/edgar/data/783325/000078332525000030/wec-20250630.htm
WEC Energy Group,WEC,783325,Utilities,10-K,2025-02-21,2024-12-31,0000107815-25-000103,0000107815-25-000103:wec-20241231.htm,10-K,https://www.sec.gov/Archives/edgar/data/783325/000010781525000103/0000107815-25-000103-index.htm,https://www.sec.gov/Archives/edgar/data/783325/000010781525000103/wec-20241231.htm
West Pharmaceutical Services,WST,105770,Health Care,8-K,2025-04-24,2025-04-24,0000105770-25-000029,0000105770-25-000029:exh991q12025earningsreleas.htm,EX-99.1,https://www.sec.gov/Archives/edgar/data/105770/000010577025000029/0000105770-25-000029-index.htm,https://www.sec.gov/Archives/edgar/data/105770/000010577025000029/exh991q12025earningsreleas.htm
West Pharmaceutical Services,WST,105770,Health Care,8-K,2025-07-24,2025-07-24,0000105770-25-000062,0000105770-25-000062:westq22025presentation-f.htm,EX-99.2,https://www.sec.gov/Archives/edgar/data/105770/000010577025000062/0000105770-25-000062-index.htm,https://www.sec.gov/Archives/edgar/data/105770/000010577025000062/westq22025presentation-f.htm
West Pharmaceutical Services,WST,105770,Health Care,8-K,2025-10-23,2025-10-23,0000105770-25-000090,0000105770-25-000090:a3q25earningspresentatio.htm,EX-99.2,https://www.sec.gov/Archives/edgar/data/105770/000010577025000090/0000105770-25-000090-index.htm,https://www.sec.gov/Archives/edgar/data/105770/000010577025000090/a3q25earningspresentatio.htm
West Pharmaceutical Services,WST,105770,Health Care,8-K,2026-02-12,2026-02-12,0000105770-26-000005,0000105770-26-000005:a4q25earningsdeck-final.htm,EX-99.2,https://www.sec.gov/Archives/edgar/data/105770/000010577026000005/0000105770-26-000005-index.htm,https://www.sec.gov/Archives/edgar/data/105770/000010577026000005/a4q25earningsdeck-final.htm
Western Digital,WDC,106040,Information Technology,10-Q,2025-05-02,2025-03-28,0000106040-25-000026,0000106040-25-000026:wdc-20250328.htm,10-Q,https://www.sec.gov/Archives/edgar/data/106040/000010604025000026/0000106040-25-000026-index.htm,https://www.sec.gov/Archives/edgar/data/106040/000010604025000026/wdc-20250328.htm
Western Digital,WDC,106040,Information Technology,8-K,2025-04-30,2025-04-30,0000106040-25-000020,0000106040-25-000020:a4ex991-pressreleaseq325.htm,EX-99.1,https://www.sec.gov/Archives/edgar/data/106040/000010604025000020/0000106040-25-000020-index.htm,https://www.sec.gov/Archives/edgar/data/106040/000010604025000020/a4ex991-pressreleaseq325.htm
Western Digital,WDC,106040,Information Technology,10-Q,2025-10-31,2025-10-03,0001628280-25-047613,0001628280-25-047613:wdc-20251003.htm,10-Q,https://www.sec.gov/Archives/edgar/data/106040/000162828025047613/0001628280-25-047613-index.htm,https://www.sec.gov/Archives/edgar/data/106040/000162828025047613/wdc-20251003.htm
Western Digital,WDC,106040,Information Technology,10-Q,2026-01-30,2026-01-02,0001628280-26-004207,0001628280-26-004207:wdc-20260102.htm,10-Q,https://www.sec.gov/Archives/edgar/data/106040/000162828026004207/0001628280-26-004207-index.htm,https://www.sec.gov/Archives/edgar/data/106040/000162828026004207/wdc-20260102.htm
Western Digital,WDC,106040,Information Technology,10-K,2025-08-14,2025-06-27,0000106040-25-000038,0000106040-25-000038:wdc-20250627.htm,10-K,https://www.sec.gov/Archives/edgar/data/106040/000010604025000038/0000106040-25-000038-index.htm,https://www.sec.gov/Archives/edgar/data/106040/000010604025000038/wdc-20250627.htm
Weyerhaeuser,WY,106535,Real Estate,10-K,2026-02-13,2025-12-31,0001193125-26-051422,0001193125-26-051422:wy-20251231.htm,10-K,https://www.sec.gov/Archives/edgar/data/106535/000119312526051422/0001193125-26-051422-index.htm,https://www.sec.gov/Archives/edgar/data/106535/000119312526051422/wy-20251231.htm
Weyerhaeuser,WY,106535,Real Estate,10-Q,2025-10-31,2025-09-30,0001193125-25-260808,0001193125-25-260808:wy-20250930.htm,10-Q,https://www.sec.gov/Archives/edgar/data/106535/000119312525260808/0001193125-25-260808-index.htm,https://www.sec.gov/Archives/edgar/data/106535/000119312525260808/wy-20250930.htm
Weyerhaeuser,WY,106535,Real Estate,10-Q,2025-04-25,2025-03-31,0000950170-25-058770,0000950170-25-058770:wy-20250331.htm,10-Q,https://www.sec.gov/Archives/edgar/data/106535/000095017025058770/0000950170-25-058770-index.htm,https://www.sec.gov/Archives/edgar/data/106535/000095017025058770/wy-20250331.htm
Weyerhaeuser,WY,106535,Real Estate,10-Q,2026-05-01,2026-03-31,0001193125-26-201473,0001193125-26-201473:wy-20260331.htm,10-Q,https://www.sec.gov/Archives/edgar/data/106535/000119312526201473/0001193125-26-201473-index.htm,https://www.sec.gov/Archives/edgar/data/106535/000119312526201473/wy-20260331.htm
Weyerhaeuser,WY,106535,Real Estate,10-Q,2025-07-25,2025-06-30,0000950170-25-098794,0000950170-25-098794:wy-20250630.htm,10-Q,https://www.sec.gov/Archives/edgar/data/106535/000095017025098794/0000950170-25-098794-index.htm,https://www.sec.gov/Archives/edgar/data/106535/000095017025098794/wy-20250630.htm
"Williams-Sonoma, Inc.",WSM,719955,Consumer Discretionary,8-K,2025-08-27,2025-08-27,0000719955-25-000006,0000719955-25-000006:exhibit991fy2025q2earnings.htm,EX-99.1,https://www.sec.gov/Archives/edgar/data/719955/000071995525000006/0000719955-25-000006-index.htm,https://www.sec.gov/Archives/edgar/data/719955/000071995525000006/exhibit991fy2025q2earnings.htm
"Williams-Sonoma, Inc.",WSM,719955,Consumer Discretionary,8-K,2025-05-22,2025-05-22,0001628280-25-027155,0001628280-25-027155:exhibit991fy2025q1earnings.htm,EX-99.1,https://www.sec.gov/Archives/edgar/data/719955/000162828025027155/0001628280-25-027155-index.htm,https://www.sec.gov/Archives/edgar/data/719955/000162828025027155/exhibit991fy2025q1earnings.htm
"Williams-Sonoma, Inc.",WSM,719955,Consumer Discretionary,8-K,2026-05-21,2026-05-21,0000719955-26-000126,0000719955-26-000126:exhibit991fy2026q1earnings.htm,EX-99.1,https://www.sec.gov/Archives/edgar/data/719955/000071995526000126/0000719955-26-000126-index.htm,https://www.sec.gov/Archives/edgar/data/719955/000071995526000126/exhibit991fy2026q1earnings.htm
"Williams-Sonoma, Inc.",WSM,719955,Consumer Discretionary,8-K,2025-11-19,2025-11-19,0000719955-25-000043,0000719955-25-000043:exhibit991fy2025q3earnings.htm,EX-99.1,https://www.sec.gov/Archives/edgar/data/719955/000071995525000043/0000719955-25-000043-index.htm,https://www.sec.gov/Archives/edgar/data/719955/000071995525000043/exhibit991fy2025q3earnings.htm
"Williams-Sonoma, Inc.",WSM,719955,Consumer Discretionary,8-K,2026-03-18,2026-03-18,0000719955-26-000030,0000719955-26-000030:exhibit991fy2025q4earnings.htm,EX-99.1,https://www.sec.gov/Archives/edgar/data/719955/000071995526000030/0000719955-26-000030-index.htm,https://www.sec.gov/Archives/edgar/data/719955/000071995526000030/exhibit991fy2025q4earnings.htm
"Williams-Sonoma, Inc.",WSM,719955,Consumer Discretionary,10-Q,2026-05-22,2026-05-03,0000719955-26-000131,0000719955-26-000131:wsm-20260503.htm,10-Q,https://www.sec.gov/Archives/edgar/data/719955/000071995526000131/0000719955-26-000131-index.htm,https://www.sec.gov/Archives/edgar/data/719955/000071995526000131/wsm-20260503.htm
"Williams-Sonoma, Inc.",WSM,719955,Consumer Discretionary,10-Q,2025-11-25,2025-11-02,0000719955-25-000049,0000719955-25-000049:wsm-20251102.htm,10-Q,https://www.sec.gov/Archives/edgar/data/719955/000071995525000049/0000719955-25-000049-index.htm,https://www.sec.gov/Archives/edgar/data/719955/000071995525000049/wsm-20251102.htm
"Williams-Sonoma, Inc.",WSM,719955,Consumer Discretionary,10-K,2026-03-26,2026-02-01,0000719955-26-000059,0000719955-26-000059:wsm-20260201.htm,10-K,https://www.sec.gov/Archives/edgar/data/719955/000071995526000059/0000719955-26-000059-index.htm,https://www.sec.gov/Archives/edgar/data/719955/000071995526000059/wsm-20260201.htm
"Williams-Sonoma, Inc.",WSM,719955,Consumer Discretionary,10-Q,2025-08-29,2025-08-03,0000719955-25-000010,0000719955-25-000010:wsm-20250803.htm,10-Q,https://www.sec.gov/Archives/edgar/data/719955/000071995525000010/0000719955-25-000010-index.htm,https://www.sec.gov/Archives/edgar/data/719955/000071995525000010/wsm-20250803.htm
"Williams-Sonoma, Inc.",WSM,719955,Consumer Discretionary,10-Q,2025-05-28,2025-05-04,0001628280-25-028196,0001628280-25-028196:wsm-20250504.htm,10-Q,https://www.sec.gov/Archives/edgar/data/719955/000162828025028196/0001628280-25-028196-index.htm,https://www.sec.gov/Archives/edgar/data/719955/000162828025028196/wsm-20250504.htm
"Williams-Sonoma, Inc.",WSM,719955,Consumer Discretionary,10-K,2025-03-27,2025-02-02,0001628280-25-015037,0001628280-25-015037:wsm-20250202.htm,10-K,https://www.sec.gov/Archives/edgar/data/719955/000162828025015037/0001628280-25-015037-index.htm,https://www.sec.gov/Archives/edgar/data/719955/000162828025015037/wsm-20250202.htm
Williams Companies,WMB,107263,Energy,10-K,2026-02-24,2025-12-31,0000107263-26-000006,0000107263-26-000006:wmb-20251231.htm,10-K,https://www.sec.gov/Archives/edgar/data/107263/000010726326000006/0000107263-26-000006-index.htm,https://www.sec.gov/Archives/edgar/data/107263/000010726326000006/wmb-20251231.htm
Williams Companies,WMB,107263,Energy,10-K,2025-02-25,2024-12-31,0000107263-25-000031,0000107263-25-000031:wmb-20241231.htm,10-K,https://www.sec.gov/Archives/edgar/data/107263/000010726325000031/0000107263-25-000031-index.htm,https://www.sec.gov/Archives/edgar/data/107263/000010726325000031/wmb-20241231.htm
Williams Companies,WMB,107263,Energy,8-K,2026-05-20,2026-05-20,0001193125-26-232714,0001193125-26-232714:d227957dex102.htm,EX-10.2,https://www.sec.gov/Archives/edgar/data/107263/000119312526232714/0001193125-26-232714-index.htm,https://www.sec.gov/Archives/edgar/data/107263/000119312526232714/d227957dex102.htm
Williams Companies,WMB,107263,Energy,10-Q,2026-05-04,2026-03-31,0000107263-26-000017,0000107263-26-000017:wmb-20260331.htm,10-Q,https://www.sec.gov/Archives/edgar/data/107263/000010726326000017/0000107263-26-000017-index.htm,https://www.sec.gov/Archives/edgar/data/107263/000010726326000017/wmb-20260331.htm
Williams Companies,WMB,107263,Energy,8-K,2026-05-20,2026-05-20,0001193125-26-232714,0001193125-26-232714:d227957dex101.htm,EX-10.1,https://www.sec.gov/Archives/edgar/data/107263/000119312526232714/0001193125-26-232714-index.htm,https://www.sec.gov/Archives/edgar/data/107263/000119312526232714/d227957dex101.htm
Williams Companies,WMB,107263,Energy,10-Q,2025-05-05,2025-03-31,0000107263-25-000102,0000107263-25-000102:wmb-20250331.htm,10-Q,https://www.sec.gov/Archives/edgar/data/107263/000010726325000102/0000107263-25-000102-index.htm,https://www.sec.gov/Archives/edgar/data/107263/000010726325000102/wmb-20250331.htm
Williams Companies,WMB,107263,Energy,10-Q,2025-08-04,2025-06-30,0000107263-25-000123,0000107263-25-000123:wmb-20250630.htm,10-Q,https://www.sec.gov/Archives/edgar/data/107263/000010726325000123/0000107263-25-000123-index.htm,https://www.sec.gov/Archives/edgar/data/107263/000010726325000123/wmb-20250630.htm
Williams Companies,WMB,107263,Energy,10-Q,2025-11-03,2025-09-30,0000107263-25-000145,0000107263-25-000145:wmb-20250930.htm,10-Q,https://www.sec.gov/Archives/edgar/data/107263/000010726325000145/0000107263-25-000145-index.htm,https://www.sec.gov/Archives/edgar/data/107263/000010726325000145/wmb-20250930.htm
Willis Towers Watson,WTW,1140536,Financials,10-Q,2026-04-30,2026-03-31,0001193125-26-195310,0001193125-26-195310:wtw-20260331.htm,10-Q,https://www.sec.gov/Archives/edgar/data/1140536/000119312526195310/0001193125-26-195310-index.htm,https://www.sec.gov/Archives/edgar/data/1140536/000119312526195310/wtw-20260331.htm
Willis Towers Watson,WTW,1140536,Financials,10-Q,2025-04-24,2025-03-31,0000950170-25-057769,0000950170-25-057769:wtw-20250331.htm,10-Q,https://www.sec.gov/Archives/edgar/data/1140536/000095017025057769/0000950170-25-057769-index.htm,https://www.sec.gov/Archives/edgar/data/1140536/000095017025057769/wtw-20250331.htm
Willis Towers Watson,WTW,1140536,Financials,10-Q,2025-08-01,2025-06-30,0000950170-25-101355,0000950170-25-101355:wtw-20250630.htm,10-Q,https://www.sec.gov/Archives/edgar/data/1140536/000095017025101355/0000950170-25-101355-index.htm,https://www.sec.gov/Archives/edgar/data/1140536/000095017025101355/wtw-20250630.htm
Willis Towers Watson,WTW,1140536,Financials,10-Q,2025-10-30,2025-09-30,0001193125-25-257944,0001193125-25-257944:wtw-20250930.htm,10-Q,https://www.sec.gov/Archives/edgar/data/1140536/000119312525257944/0001193125-25-257944-index.htm,https://www.sec.gov/Archives/edgar/data/1140536/000119312525257944/wtw-20250930.htm
Willis Towers Watson,WTW,1140536,Financials,10-K,2026-02-25,2025-12-31,0001193125-26-069307,0001193125-26-069307:wtw-20251231.htm,10-K,https://www.sec.gov/Archives/edgar/data/1140536/000119312526069307/0001193125-26-069307-index.htm,https://www.sec.gov/Archives/edgar/data/1140536/000119312526069307/wtw-20251231.htm
Xcel Energy,XEL,72903,Utilities,8-K,2025-02-21,2025-02-20,0000072903-25-000025,0000072903-25-000025:xel-20250220.htm,8-K,https://www.sec.gov/Archives/edgar/data/72903/000007290325000025/0000072903-25-000025-index.htm,https://www.sec.gov/Archives/edgar/data/72903/000007290325000025/xel-20250220.htm
Xcel Energy,XEL,72903,Utilities,8-K,2025-04-01,2025-03-31,0000072903-25-000070,0000072903-25-000070:xel-20250331.htm,8-K,https://www.sec.gov/Archives/edgar/data/72903/000007290325000070/0000072903-25-000070-index.htm,https://www.sec.gov/Archives/edgar/data/72903/000007290325000070/xel-20250331.htm
Xcel Energy,XEL,72903,Utilities,8-K,2025-04-24,2025-04-24,0000072903-25-000084,0000072903-25-000084:xcelearningsreleaseq12025.htm,EX-99.01,https://www.sec.gov/Archives/edgar/data/72903/000007290325000084/0000072903-25-000084-index.htm,https://www.sec.gov/Archives/edgar/data/72903/000007290325000084/xcelearningsreleaseq12025.htm
Xcel Energy,XEL,72903,Utilities,10-Q,2026-04-30,2026-03-31,0000072903-26-000073,0000072903-26-000073:xel-20260331.htm,10-Q,https://www.sec.gov/Archives/edgar/data/72903/000007290326000073/0000072903-26-000073-index.htm,https://www.sec.gov/Archives/edgar/data/72903/000007290326000073/xel-20260331.htm
Xcel Energy,XEL,72903,Utilities,10-Q,2025-04-24,2025-03-31,0000072903-25-000088,0000072903-25-000088:xel-20250331.htm,10-Q,https://www.sec.gov/Archives/edgar/data/72903/000007290325000088/0000072903-25-000088-index.htm,https://www.sec.gov/Archives/edgar/data/72903/000007290325000088/xel-20250331.htm
Xcel Energy,XEL,72903,Utilities,8-K,2025-07-31,2025-07-31,0000072903-25-000221,0000072903-25-000221:xcelearningsreleaseq22025.htm,EX-99.01,https://www.sec.gov/Archives/edgar/data/72903/000007290325000221/0000072903-25-000221-index.htm,https://www.sec.gov/Archives/edgar/data/72903/000007290325000221/xcelearningsreleaseq22025.htm
Xcel Energy,XEL,72903,Utilities,10-Q,2025-07-31,2025-06-30,0000072903-25-000225,0000072903-25-000225:xel-20250630.htm,10-Q,https://www.sec.gov/Archives/edgar/data/72903/000007290325000225/0000072903-25-000225-index.htm,https://www.sec.gov/Archives/edgar/data/72903/000007290325000225/xel-20250630.htm
Xcel Energy,XEL,72903,Utilities,10-Q,2025-10-30,2025-09-30,0000072903-25-000257,0000072903-25-000257:xel-20250930.htm,10-Q,https://www.sec.gov/Archives/edgar/data/72903/000007290325000257/0000072903-25-000257-index.htm,https://www.sec.gov/Archives/edgar/data/72903/000007290325000257/xel-20250930.htm
Xcel Energy,XEL,72903,Utilities,10-K,2025-02-27,2024-12-31,0000072903-25-000029,0000072903-25-000029:xel-20241231.htm,10-K,https://www.sec.gov/Archives/edgar/data/72903/000007290325000029/0000072903-25-000029-index.htm,https://www.sec.gov/Archives/edgar/data/72903/000007290325000029/xel-20241231.htm
Xcel Energy,XEL,72903,Utilities,10-K,2026-02-25,2025-12-31,0000072903-26-000009,0000072903-26-000009:xel-20251231.htm,10-K,https://www.sec.gov/Archives/edgar/data/72903/000007290326000009/0000072903-26-000009-index.htm,https://www.sec.gov/Archives/edgar/data/72903/000007290326000009/xel-20251231.htm
Xylem Inc.,XYL,1524472,Industrials,8-K,2025-04-29,2025-04-29,0001524472-25-000019,0001524472-25-000019:xyl04292025ex991.htm,EX-99.1,https://www.sec.gov/Archives/edgar/data/1524472/000152447225000019/0001524472-25-000019-index.htm,https://www.sec.gov/Archives/edgar/data/1524472/000152447225000019/xyl04292025ex991.htm
Xylem Inc.,XYL,1524472,Industrials,10-Q,2026-04-28,2026-03-31,0001524472-26-000068,0001524472-26-000068:xyl-20260331.htm,10-Q,https://www.sec.gov/Archives/edgar/data/1524472/000152447226000068/0001524472-26-000068-index.htm,https://www.sec.gov/Archives/edgar/data/1524472/000152447226000068/xyl-20260331.htm
Xylem Inc.,XYL,1524472,Industrials,10-K,2026-02-25,2025-12-31,0001524472-26-000012,0001524472-26-000012:xyl-20251231.htm,10-K,https://www.sec.gov/Archives/edgar/data/1524472/000152447226000012/0001524472-26-000012-index.htm,https://www.sec.gov/Archives/edgar/data/1524472/000152447226000012/xyl-20251231.htm
Xylem Inc.,XYL,1524472,Industrials,10-K,2025-03-03,2024-12-31,0001524472-25-000013,0001524472-25-000013:xyl-20241231.htm,10-K,https://www.sec.gov/Archives/edgar/data/1524472/000152447225000013/0001524472-25-000013-index.htm,https://www.sec.gov/Archives/edgar/data/1524472/000152447225000013/xyl-20241231.htm
Zebra Technologies,ZBRA,877212,Information Technology,8-K,2025-08-05,2025-08-05,0000877212-25-000129,0000877212-25-000129:zbraex99120250628.htm,EX-99.1,https://www.sec.gov/Archives/edgar/data/877212/000087721225000129/0000877212-25-000129-index.htm,https://www.sec.gov/Archives/edgar/data/877212/000087721225000129/zbraex99120250628.htm
Zebra Technologies,ZBRA,877212,Information Technology,8-K,2025-04-29,2025-04-29,0000877212-25-000063,0000877212-25-000063:zbraex99120250329.htm,EX-99,https://www.sec.gov/Archives/edgar/data/877212/000087721225000063/0000877212-25-000063-index.htm,https://www.sec.gov/Archives/edgar/data/877212/000087721225000063/zbraex99120250329.htm
Zebra Technologies,ZBRA,877212,Information Technology,8-K,2025-10-28,2025-10-28,0001628280-25-046567,0001628280-25-046567:zbraex99120250927.htm,EX-99.1,https://www.sec.gov/Archives/edgar/data/877212/000162828025046567/0001628280-25-046567-index.htm,https://www.sec.gov/Archives/edgar/data/877212/000162828025046567/zbraex99120250927.htm
Zimmer Biomet,ZBH,1136869,Health Care,8-K,2025-05-05,2025-05-05,0000950170-25-063124,0000950170-25-063124:zbh-ex99_1.htm,EX-99.1,https://www.sec.gov/Archives/edgar/data/1136869/000095017025063124/0000950170-25-063124-index.htm,https://www.sec.gov/Archives/edgar/data/1136869/000095017025063124/zbh-ex99_1.htm
Zimmer Biomet,ZBH,1136869,Health Care,10-Q,2026-05-01,2026-03-31,0001193125-26-201710,0001193125-26-201710:zbh-20260331.htm,10-Q,https://www.sec.gov/Archives/edgar/data/1136869/000119312526201710/0001193125-26-201710-index.htm,https://www.sec.gov/Archives/edgar/data/1136869/000119312526201710/zbh-20260331.htm
Zimmer Biomet,ZBH,1136869,Health Care,8-K,2026-02-10,2026-02-10,0001193125-26-043620,0001193125-26-043620:zbh-ex99_1.htm,EX-99.1,https://www.sec.gov/Archives/edgar/data/1136869/000119312526043620/0001193125-26-043620-index.htm,https://www.sec.gov/Archives/edgar/data/1136869/000119312526043620/zbh-ex99_1.htm
Zimmer Biomet,ZBH,1136869,Health Care,10-K,2026-02-20,2025-12-31,0001193125-26-059853,0001193125-26-059853:zbh-20251231.htm,10-K,https://www.sec.gov/Archives/edgar/data/1136869/000119312526059853/0001193125-26-059853-index.htm,https://www.sec.gov/Archives/edgar/data/1136869/000119312526059853/zbh-20251231.htm
Zimmer Biomet,ZBH,1136869,Health Care,10-Q,2025-11-05,2025-09-30,0001193125-25-266884,0001193125-25-266884:zbh-20250930.htm,10-Q,https://www.sec.gov/Archives/edgar/data/1136869/000119312525266884/0001193125-25-266884-index.htm,https://www.sec.gov/Archives/edgar/data/1136869/000119312525266884/zbh-20250930.htm
Zimmer Biomet,ZBH,1136869,Health Care,10-Q,2025-08-07,2025-06-30,0000950170-25-104989,0000950170-25-104989:zbh-20250630.htm,10-Q,https://www.sec.gov/Archives/edgar/data/1136869/000095017025104989/0000950170-25-104989-index.htm,https://www.sec.gov/Archives/edgar/data/1136869/000095017025104989/zbh-20250630.htm
Zimmer Biomet,ZBH,1136869,Health Care,10-K,2025-02-25,2024-12-31,0000950170-25-026604,0000950170-25-026604:zbh-20241231.htm,10-K,https://www.sec.gov/Archives/edgar/data/1136869/000095017025026604/0000950170-25-026604-index.htm,https://www.sec.gov/Archives/edgar/data/1136869/000095017025026604/zbh-20241231.htm
Zoetis,ZTS,1555280,Health Care,10-Q,2025-05-06,2025-03-31,0001555280-25-000203,0001555280-25-000203:zts-20250331.htm,10-Q,https://www.sec.gov/Archives/edgar/data/1555280/000155528025000203/0001555280-25-000203-index.htm,https://www.sec.gov/Archives/edgar/data/1555280/000155528025000203/zts-20250331.htm
Zoetis,ZTS,1555280,Health Care,10-Q,2025-08-05,2025-06-30,0001555280-25-000261,0001555280-25-000261:zts-20250630.htm,10-Q,https://www.sec.gov/Archives/edgar/data/1555280/000155528025000261/0001555280-25-000261-index.htm,https://www.sec.gov/Archives/edgar/data/1555280/000155528025000261/zts-20250630.htm
Zoetis,ZTS,1555280,Health Care,10-Q,2025-11-04,2025-09-30,0001555280-25-000274,0001555280-25-000274:zts-20250930.htm,10-Q,https://www.sec.gov/Archives/edgar/data/1555280/000155528025000274/0001555280-25-000274-index.htm,https://www.sec.gov/Archives/edgar/data/1555280/000155528025000274/zts-20250930.htm
Zoetis,ZTS,1555280,Health Care,10-K,2026-02-12,2025-12-31,0001555280-26-000011,0001555280-26-000011:zts-20251231.htm,10-K,https://www.sec.gov/Archives/edgar/data/1555280/000155528026000011/0001555280-26-000011-index.htm,https://www.sec.gov/Archives/edgar/data/1555280/000155528026000011/zts-20251231.htm
Valero Energy,VLO,1035002,Energy,10-Q,2026-04-30,2026-03-31,0001628280-26-028690,0001628280-26-028690:vlo-20260331.htm,10-Q,https://www.sec.gov/Archives/edgar/data/1035002/000162828026028690/0001628280-26-028690-index.htm,https://www.sec.gov/Archives/edgar/data/1035002/000162828026028690/vlo-20260331.htm
